1735689600,0.0123,0.013,0.0123,0.0128,131729.05375117,48
1735704000,0.0128,0.0129,0.0123,0.0126,64255.11693338,24
1735718400,0.0128,0.0147,0.0128,0.014,3866424.6314443117,503
1735732800,0.0141,0.0156,0.0141,0.0143,868817.6901674194,451
1735747200,0.0143,0.0149,0.0135,0.0145,456296.1973319101,180
1735761600,0.0145,0.0149,0.0138,0.0138,288529.17451587,133
1735776000,0.0142,0.0143,0.0137,0.0142,83909.51256133,53
1735790400,0.014,0.0144,0.0136,0.0141,219125.37399022,95
1735804800,0.0143,0.0147,0.0141,0.0144,160205.89752017,83
1735819200,0.0142,0.0145,0.0139,0.0143,183692.75394071,104
1735833600,0.0144,0.0145,0.0133,0.0136,265519.54364392,108
1735848000,0.0137,0.0146,0.0135,0.0139,367196.06697725,136
1735862400,0.0139,0.0142,0.0135,0.0138,117001.18982683,71
1735876800,0.0136,0.0139,0.0135,0.0135,17315.88042438,20
1735891200,0.0139,0.014,0.0133,0.0136,29489.12436295,30
1735905600,0.0133,0.014,0.0133,0.014,566099.6221938699,93
1735920000,0.0138,0.0142,0.0135,0.0135,457688.4164960101,81
1735934400,0.0138,0.014,0.0135,0.0138,71290.84779881,30
1735948800,0.0138,0.0139,0.0136,0.0139,25659.35774489,18
1735963200,0.0137,0.0139,0.0135,0.0137,101894.9033409,34
1735977600,0.0136,0.0138,0.0136,0.0138,28166.94909107,12
1735992000,0.0137,0.0138,0.0136,0.0136,74097.33404,14
1736006400,0.0138,0.0138,0.0135,0.0137,48582.98644274,11
1736020800,0.0138,0.014,0.0135,0.0138,173684.8466844,26
1736035200,0.0137,0.0137,0.0135,0.0136,14446.12734,16
1736049600,0.0135,0.0147,0.0135,0.0138,344075.8050352699,82
1736064000,0.014,0.0142,0.0138,0.0138,82284.23476707,30
1736078400,0.014,0.015,0.014,0.0144,678177.8858449803,157
1736092800,0.0143,0.0144,0.0141,0.0141,13806.92503,8
1736107200,0.0141,0.0141,0.0139,0.0139,29505.69321915,19
1736121600,0.0138,0.0142,0.0136,0.0142,150829.33012482,114
1736136000,0.0141,0.0143,0.0137,0.0137,54092.81974582,52
1736150400,0.0138,0.0139,0.0134,0.0135,148428.02213076,104
1736164800,0.0136,0.0139,0.0131,0.0136,160756.08537505,87
1736179200,0.0137,0.0152,0.0137,0.0147,430898.40478675,158
1736193600,0.0145,0.0145,0.0139,0.0139,63564.1058565,68
1736208000,0.0139,0.0139,0.0135,0.0135,89909.65013372,45
1736222400,0.0135,0.0137,0.0135,0.0137,61951.88632404,51
1736236800,0.0137,0.0138,0.0136,0.0137,40744.54663269,30
1736251200,0.0136,0.0138,0.0133,0.0134,83503.57157395,58
1736265600,0.0132,0.0136,0.0129,0.0136,206814.93475228,123
1736280000,0.0136,0.0138,0.0129,0.013,258224.6608384501,98
1736294400,0.013,0.0132,0.013,0.0132,35439.18816508,30
1736308800,0.013,0.0134,0.0127,0.0129,182737.47466496,71
1736323200,0.0129,0.0132,0.0126,0.0128,120192.74104764,46
1736337600,0.0128,0.0129,0.0128,0.0129,1815.19,3
1736352000,0.0126,0.0128,0.0124,0.0127,189291.06930825,30
1736366400,0.0125,0.0126,0.0125,0.0125,2494.52146857,3
1736380800,0.0126,0.0126,0.0122,0.0122,134827.27147714,19
1736395200,0.0122,0.0124,0.0122,0.0123,68553.27018214,19
1736409600,0.0123,0.0123,0.0122,0.0122,2.65E+3,2
1736424000,0.0122,0.0151,0.0119,0.0149,2849123.676183201,472
1736438400,0.0147,0.0149,0.0141,0.0142,766922.2184958102,165
1736452800,0.0142,0.0143,0.0138,0.0138,133222.07810326,30
1736467200,0.0138,0.014,0.0138,0.0138,19728.3123995,10
1736481600,0.0137,0.0138,0.0136,0.0138,153945.55137002,32
1736496000,0.0138,0.014,0.0138,0.014,112278.31640116,44
1736510400,0.0138,0.014,0.0138,0.0138,64915.80862553,13
1736524800,0.0138,0.0139,0.0136,0.0137,155941.33743452,21
1736539200,0.0136,0.0138,0.0135,0.0135,75746.33653463,10
1736553600,0.0136,0.0136,0.0136,0.0136,8923.4723,1
1736568000,0.0135,0.0136,0.0135,0.0136,6832.57544903,4
1736582400,0.0135,0.0136,0.0135,0.0136,948.44612,4
1736596800,0.0136,0.0136,0.0135,0.0135,10134.41863343,4
1736611200,0.0135,0.0135,0.0134,0.0135,14561.42865,7
1736625600,0.0135,0.0136,0.0134,0.0134,14423.71014493,6
1736640000,0.0134,0.0135,0.0134,0.0134,39882.23822978,6
1736654400,0.0134,0.0134,0.0133,0.0133,3474.14572,3
1736668800,0.0134,0.0136,0.0133,0.0133,158934.06125259,30
1736683200,0.0134,0.0134,0.0134,0.0134,708.59296,1
1736697600,0.0135,0.0135,0.0134,0.0134,6919.91061704,5
1736740800,0.0132,0.0132,0.013,0.013,13533.12291965,16
1736755200,0.0129,0.0129,0.0128,0.0128,52166.64509271,14
1736769600,0.0128,0.0128,0.0125,0.0127,169512.1902843,53
1736784000,0.0126,0.0126,0.0126,0.0126,1723.1383,2
1736798400,0.0126,0.0128,0.0126,0.0127,33440.7589007,18
1736812800,0.0128,0.0128,0.0127,0.0128,20189.95664146,15
1736827200,0.0127,0.014,0.0127,0.0138,896702.0090286199,90
1736841600,0.0138,0.0148,0.0135,0.0135,313158.0708869901,138
1736856000,0.0136,0.0137,0.0136,0.0137,28175.33568165,5
1736870400,0.0137,0.0137,0.0137,0.0137,1096.2508,1
1736884800,0.0136,0.0136,0.0134,0.0134,119186.99061992,10
1736899200,0.0134,0.0135,0.0134,0.0135,8182.86255787,2
1736913600,0.0133,0.0134,0.0133,0.0134,8047.59604623,12
1736928000,0.0134,0.0134,0.0132,0.0132,6969.72864437,7
1736942400,0.0131,0.0137,0.0131,0.0137,29361.18444177,20
1736956800,0.0136,0.0136,0.0134,0.0136,16336.81551404,18
1736971200,0.0136,0.0136,0.0134,0.0134,62397.60124974,22
1736985600,0.0136,0.0136,0.0133,0.0134,74140.87213488,15
1737000000,0.0133,0.0134,0.0133,0.0133,31700.82770876,7
1737014400,0.0132,0.0133,0.0131,0.0133,64535.60264816,41
1737028800,0.0132,0.0134,0.013,0.013,82719.65188178,36
1737043200,0.0132,0.0132,0.013,0.013,76527.16664493,8
1737072000,0.0131,0.0131,0.0131,0.0131,1303.33107616,1
1737086400,0.013,0.013,0.013,0.013,600.64103,1
1737100800,0.0133,0.0134,0.0133,0.0134,9053.58208955,9
1737115200,0.0135,0.0136,0.0135,0.0136,4826.27055797,7
1737129600,0.0135,0.0135,0.0133,0.0133,47079.23748336,10
1737144000,0.0133,0.0135,0.0133,0.0135,37627.42895165,12
1737158400,0.0134,0.0142,0.0133,0.014,748114.41252256,117
1737172800,0.0141,0.0141,0.0137,0.0138,112396.12271788,48
1737187200,0.0138,0.0144,0.0137,0.0137,111576.63802021,76
1737201600,0.0137,0.0137,0.0134,0.0136,137116.15717397,34
1737216000,0.0138,0.0139,0.0134,0.0134,113934.27010516,33
1737230400,0.0134,0.0135,0.0128,0.013,747012.5871324799,65
1737244800,0.0132,0.0135,0.0132,0.0135,15136.72375239,15
1737259200,0.0133,0.0133,0.013,0.0131,95580.3832832,14
1737273600,0.013,0.013,0.0129,0.0129,204269.49976531,22
1737288000,0.013,0.0134,0.0129,0.0133,26433.71185702,20
1737302400,0.0133,0.0133,0.012,0.0122,261345.54056796,100
1737316800,0.0122,0.0125,0.0118,0.0118,372096.1919530701,60
1737331200,0.0118,0.0119,0.0113,0.0115,160123.3191803401,52
1737345600,0.0115,0.0124,0.0115,0.0121,186165.64487211,86
1737360000,0.0119,0.0125,0.0118,0.0124,81536.67953721,38
1737374400,0.0123,0.0124,0.0121,0.0121,67783.7123332,27
1737388800,0.0119,0.0119,0.0117,0.0117,22307.79948657,16
1737403200,0.0117,0.0117,0.0116,0.0116,12663.43193,7
1737417600,0.0116,0.0116,0.0113,0.0113,58107.21121693,23
1737432000,0.0112,0.0112,0.0108,0.011,78261.39590985,44
1737446400,0.011,0.011,0.01,0.0102,1099077.25147795,146
1737460800,0.0103,0.0107,0.0102,0.0103,432368.4553098604,119
1737475200,0.0105,0.0113,0.0099,0.0106,357117.8346848001,136
1737489600,0.0108,0.0112,0.0105,0.0107,136571.86262636,90
1737504000,0.0106,0.0109,0.0103,0.0108,159177.15294605,113
1737518400,0.011,0.0111,0.0106,0.011,52463.01852726,31
1737532800,0.0108,0.0108,0.0108,0.0108,118.56213,1
1737547200,0.0108,0.0108,0.0106,0.0107,6309.87385,7
1737561600,0.011,0.0111,0.011,0.011,48592.79382001,28
1737576000,0.0111,0.0111,0.0108,0.0108,4954.95974,4
1737590400,0.0107,0.0107,0.0104,0.0104,150760.52383208,39
1737604800,0.0104,0.0139,0.01,0.0131,3269622.0108341863,378
1737619200,0.013,0.0155,0.013,0.0135,3575442.211353383,781
1737633600,0.0137,0.0144,0.0126,0.0129,1598875.4370120987,438
1737648000,0.0129,0.0129,0.0124,0.0124,198773.11435495,46
1737662400,0.0125,0.0125,0.0124,0.0125,105940.55333222,25
1737676800,0.0126,0.0128,0.0124,0.0128,153108.82400475,29
1737691200,0.0128,0.0137,0.0125,0.0135,1174440.1783392,108
1737705600,0.0133,0.0134,0.013,0.0134,174433.21362716,24
1737720000,0.0133,0.0136,0.0133,0.0135,72002.26892443,20
1737734400,0.0134,0.0136,0.013,0.013,255486.12114738,36
1737748800,0.013,0.013,0.0128,0.0128,111176.22601223,10
1737763200,0.0126,0.0126,0.0125,0.0125,7237.11706777,5
1737777600,0.0125,0.0126,0.0125,0.0126,4596.82539,3
1737792000,0.0125,0.0125,0.0123,0.0123,49229.71642231,11
1737806400,0.0122,0.0124,0.0122,0.0124,5585.0957129,2
1737820800,0.0124,0.0126,0.0123,0.0126,155078.88248859,11
1737835200,0.0125,0.0126,0.0124,0.0124,117157.25885238,13
1737849600,0.0124,0.0125,0.0123,0.0125,27615.46436,23
1737864000,0.0125,0.0125,0.0123,0.0125,40253.32916039,12
1737878400,0.0125,0.0125,0.0122,0.0123,163915.13067,19
1737892800,0.0122,0.0127,0.0122,0.0126,706443.5467484999,73
1737907200,0.0126,0.0128,0.0125,0.0126,178720.30385783,41
1737921600,0.0126,0.0127,0.0121,0.0121,213259.53650319,49
1737936000,0.0123,0.0123,0.0119,0.0119,67766.84961317,9
1737950400,0.0119,0.0119,0.0114,0.0114,431314.0211540699,60
1737964800,0.0114,0.0115,0.0112,0.0112,213196.95325203,24
1737979200,0.0113,0.0118,0.0113,0.0117,61717.45474521,26
1737993600,0.0117,0.0117,0.0114,0.0114,76990.62021918,16
1738008000,0.0115,0.0116,0.0115,0.0115,87437.82258976,23
1738022400,0.0115,0.0117,0.0113,0.0113,37295.00930053,33
1738036800,0.0112,0.0113,0.0105,0.0107,364804.2461486402,119
1738051200,0.0107,0.0113,0.0104,0.0107,245804.89494312,92
1738065600,0.0108,0.0112,0.0101,0.0108,601854.9787105503,298
1738080000,0.0108,0.0108,0.0101,0.0105,334020.9798195101,156
1738094400,0.0106,0.0107,0.01,0.0101,183300.9039516799,77
1738108800,0.01,0.0106,0.01,0.0104,61628.76358205,30
1738123200,0.0105,0.0106,0.0105,0.0105,4728.55386583,6
1738137600,0.0104,0.0106,0.0103,0.0103,70968.231218,49
1738152000,0.0103,0.0103,0.01,0.0101,35373.8398444,20
1738166400,0.0103,0.0103,0.0101,0.0102,15551.69957723,7
1738180800,0.0103,0.0105,0.0101,0.0103,51227.06936475,34
1738195200,0.0103,0.0106,0.0103,0.0105,98604.58617768,30
1738209600,0.0105,0.0106,0.0104,0.0104,41246.05216745,17
1738224000,0.0106,0.0109,0.0104,0.0106,88932.84342483,45
1738238400,0.0106,0.0106,0.0102,0.0103,74914.3646393,50
1738252800,0.0103,0.0104,0.01,0.01,200108.80234931,74
1738267200,0.0102,0.0103,0.01,0.01,380916.13034168,143
1738281600,0.01,0.0104,0.01,0.01,289189.0544197001,73
1738296000,0.01,0.0104,0.01,0.01,181593.41523167,81
1738310400,0.0102,0.0103,0.01,0.01,276479.3478090001,46
1738324800,0.0103,0.0105,0.01,0.0101,133101.59329553,52
1738339200,0.0105,0.0105,0.01,0.0101,148675.42603144,51
1738353600,0.01,0.0102,0.01,0.01,90568.94770257,33
1738368000,0.0102,0.0105,0.01,0.0102,63848.43374627,21
1738382400,0.0102,0.0103,0.01,0.01,549967.2254020298,203
1738396800,0.0101,0.0101,0.0096,0.0096,187212.91573813,50
1738411200,0.0098,0.0098,0.0098,0.0098,2739.4728339,1
1738425600,0.0096,0.0097,0.0096,0.0097,3729.48201439,3
1738440000,0.0097,0.0097,0.0091,0.0093,139789.03573472,58
1738454400,0.0094,0.0097,0.0092,0.0092,57760.59064962,36
1738468800,0.0092,0.0093,0.009,0.0091,93140.56194607,32
1738483200,0.0091,0.0091,0.0084,0.0089,134509.85558095,65
1738497600,0.0089,0.009,0.0087,0.0088,38509.99600274,36
1738512000,0.0088,0.0124,0.0086,0.0098,6746617.75892874,1190
1738526400,0.0096,0.0099,0.009,0.0094,951432.9533607997,279
1738540800,0.0092,0.01,0.0089,0.0094,1406700.0881977298,313
1738555200,0.0095,0.0095,0.0087,0.0088,647612.5821276702,206
1738569600,0.0088,0.0109,0.0088,0.0103,882432.6404583302,289
1738584000,0.0104,0.0111,0.0097,0.0103,1148103.773229769,312
1738598400,0.0105,0.0105,0.0094,0.0096,772153.4935670198,208
1738612800,0.0096,0.0099,0.0095,0.0098,128888.1698575,59
1738627200,0.0099,0.01,0.0095,0.0098,116098.20682971,60
1738641600,0.0096,0.0097,0.009,0.0092,319484.35596795,120
1738656000,0.009,0.0093,0.0089,0.0091,275833.92773682,79
1738670400,0.0092,0.0097,0.0091,0.0093,223132.1741605999,93
1738684800,0.0093,0.0095,0.0089,0.0091,257507.45122121,99
1738699200,0.0091,0.0092,0.0089,0.0091,216067.0414770501,60
1738713600,0.0091,0.0092,0.0088,0.0089,106882.79997366,32
1738728000,0.0089,0.0089,0.0086,0.0088,39447.35345225,17
1738742400,0.0088,0.009,0.0086,0.0087,74363.5288738,52
1738756800,0.0086,0.009,0.0086,0.0089,88258.33505062,39
1738771200,0.0088,0.0089,0.0086,0.0088,183506.57353965,72
1738785600,0.0088,0.0089,0.0086,0.0088,52699.81024184,25
1738800000,0.0088,0.0088,0.0085,0.0085,74361.49524193,38
1738814400,0.0085,0.0088,0.0085,0.0085,65010.86257938,14
1738828800,0.0085,0.0088,0.0085,0.0085,15040.20376605,14
1738843200,0.0085,0.0086,0.0084,0.0084,19073.88798495,13
1738857600,0.0085,0.0088,0.0084,0.0084,278815.7782585899,62
1738872000,0.0085,0.0085,0.0085,0.0085,1603,1
1738886400,0.0085,0.0086,0.0084,0.0084,13164.79259297,8
1738900800,0.0084,0.0084,0.0084,0.0084,8357.65321221,6
1738915200,0.0084,0.0085,0.0084,0.0085,6505.96826329,5
1738929600,0.0085,0.0086,0.0082,0.0083,161426.00352326,57
1738944000,0.0085,0.0086,0.0079,0.0081,333125.87726472,110
1738958400,0.008,0.0082,0.0077,0.0078,182566.25725919,60
1738972800,0.0078,0.008,0.0078,0.0079,111912.51490753,41
1738987200,0.0079,0.0082,0.0077,0.0078,293696.4321316702,75
1739001600,0.0077,0.0079,0.0077,0.0078,108713.2686131,55
1739016000,0.0077,0.0079,0.0076,0.0077,88981.70548689,32
1739030400,0.0077,0.0079,0.0076,0.0079,64721.05004643,13
1739044800,0.0078,0.008,0.0075,0.008,254148.58382945,21
1739059200,0.008,0.0081,0.0078,0.0081,108090.82096063,39
1739073600,0.0081,0.0084,0.0075,0.0075,889134.6319621498,162
1739088000,0.0079,0.008,0.0075,0.0076,142065.89574142,44
1739102400,0.0076,0.0076,0.0075,0.0075,2837.50594937,3
1739116800,0.0075,0.0075,0.0075,0.0075,319507.78127386,3
1739131200,0.0077,0.008,0.0075,0.0076,173922.44230012,49
1739145600,0.0075,0.008,0.0075,0.0076,416956.5982104802,104
1739160000,0.0076,0.0076,0.0075,0.0076,128844.19686724,26
1739174400,0.0078,0.0079,0.0075,0.0075,53897.82333368,27
1739188800,0.0076,0.0076,0.0075,0.0075,189526.09737224,22
1739203200,0.0075,0.0076,0.0075,0.0075,15029.74216181,8
1739217600,0.0077,0.0078,0.0075,0.0076,157044.41188948,57
1739232000,0.0077,0.0077,0.0075,0.0076,75456.27541032,41
1739246400,0.0076,0.0077,0.0075,0.0076,75927.4512846,28
1739260800,0.0077,0.0078,0.0075,0.0075,54612.0742496,16
1739275200,0.0076,0.0077,0.0075,0.0075,1861731.2965866602,29
1739289600,0.0075,0.0075,0.0074,0.0074,4847.64926385,3
1739304000,0.0074,0.0074,0.0074,0.0074,15091.6849047,6
1739318400,0.0075,0.0077,0.0074,0.0076,105782.4821934101,50
1739332800,0.0075,0.0076,0.0069,0.0069,281987.92405463,111
1739347200,0.0071,0.0073,0.0062,0.0066,1208547.9624412095,246
1739361600,0.0067,0.0069,0.0064,0.0068,712861.0415089699,131
1739376000,0.0067,0.007,0.0064,0.0068,337777.30779142,73
1739390400,0.0069,0.007,0.0065,0.0067,1211299.1663357296,116
1739404800,0.0068,0.0071,0.0065,0.0069,89410.65522213,45
1739419200,0.0068,0.0071,0.0066,0.0067,592792.77474682,96
1739433600,0.0066,0.0068,0.0064,0.0065,240223.55075971,81
1739448000,0.0064,0.0065,0.0063,0.0063,321305.64008522,60
1739462400,0.0063,0.0065,0.0061,0.0063,1344005.6332883306,197
1739476800,0.0063,0.0064,0.0062,0.0062,266420.54655836,23
1739491200,0.0064,0.0065,0.0062,0.0063,276277.98206463,37
1739505600,0.0064,0.0065,0.0064,0.0064,287241.2108048201,39
1739520000,0.0064,0.0064,0.0063,0.0063,141605.15424977,10
1739534400,0.0065,0.0066,0.0064,0.0064,34514.32032379,18
1739548800,0.0065,0.0066,0.0061,0.0062,1383494.9793361302,98
1739563200,0.0063,0.0063,0.006,0.0061,112007.43694298,15
1739577600,0.0061,0.0065,0.0061,0.0064,653601.8892354299,51
1739592000,0.0063,0.0065,0.0063,0.0065,61093.52292224,23
1739606400,0.0065,0.0065,0.0063,0.0063,48813.06323898,14
1739620800,0.0062,0.0062,0.0062,0.0062,9513.96358937,6
1739635200,0.0062,0.0063,0.006,0.0062,323914.4476550699,47
1739649600,0.0061,0.0061,0.0061,0.0061,27729.7476,5
1739664000,0.0062,0.0063,0.0061,0.0061,284812.00079101,51
1739678400,0.0063,0.0066,0.0063,0.0063,510309.5408350501,87
1739692800,0.0063,0.0063,0.0062,0.0062,436551.92125773,47
1739721600,0.0063,0.0063,0.0063,0.0063,28452.35611064,5
1739736000,0.0063,0.0063,0.0062,0.0062,23102.3991,4
1739750400,0.0062,0.0062,0.0062,0.0062,139820.73194767,34
1739764800,0.0062,0.0062,0.006,0.0061,80050.665,31
1739779200,0.0062,0.0062,0.006,0.006,38010.32663518,18
1739793600,0.0061,0.0062,0.006,0.006,75055.20793386,10
1739808000,0.006,0.006,0.0058,0.006,167640.64370924,43
1739822400,0.006,0.006,0.006,0.006,36996.083437,12
1739836800,0.006,0.0062,0.0059,0.0061,478848.12221561,48
1739851200,0.006,0.006,0.0059,0.0059,39553.42316999,14
1739865600,0.006,0.006,0.0059,0.0059,132093.82323725,28
1739880000,0.0059,0.0061,0.0059,0.0059,125264.00813262,19
1739894400,0.006,0.006,0.0056,0.0056,356242.50608885,83
1739908800,0.0055,0.0056,0.0053,0.0055,509051.27586593,34
1739923200,0.0056,0.0057,0.0056,0.0056,36088.92949998,11
1739937600,0.0056,0.0057,0.0055,0.0056,228518.89142399,40
1739952000,0.0057,0.0062,0.0056,0.0056,1193032.4763412802,138
1739966400,0.0055,0.0056,0.0054,0.0054,224464.5152631,60
1739980800,0.0053,0.0055,0.0052,0.0053,169767.35196155,38
1739995200,0.0053,0.0054,0.0053,0.0054,267171.63747,50
1740009600,0.0054,0.0055,0.0054,0.0055,92069.53401301,33
1740024000,0.0055,0.006,0.0055,0.0055,360203.91122488,52
1740038400,0.0056,0.0057,0.0056,0.0056,13084.35530754,5
1740052800,0.0056,0.0057,0.0054,0.0055,387440.18639817,29
1740067200,0.0055,0.0056,0.0052,0.0053,602774.2317243101,82
1740081600,0.0053,0.0056,0.0053,0.0055,276318.23491694,34
1740096000,0.0055,0.0055,0.0054,0.0055,67751.46077,13
1740110400,0.0054,0.0057,0.0054,0.0056,218543.4023780799,51
1740124800,0.0055,0.0057,0.0053,0.0053,279633.6658241,55
1740139200,0.0053,0.0056,0.0052,0.0055,526325.6749065301,69
1740153600,0.0055,0.0055,0.0052,0.0052,1206787.40543202,130
1740168000,0.0052,0.0053,0.0052,0.0052,72741.90613,23
1740182400,0.0053,0.0055,0.0052,0.0055,196448.04736881,50
1740196800,0.0055,0.0055,0.0052,0.0052,367122.5796047,52
1740211200,0.0052,0.0053,0.0052,0.0052,108278.43871,32
1740225600,0.0052,0.0056,0.0052,0.0053,284471.5407287499,39
1740240000,0.0053,0.0053,0.005,0.0052,80769.95895713,32
1740254400,0.0051,0.0056,0.0051,0.0054,1196259.0946190797,131
1740268800,0.0054,0.0054,0.0052,0.0052,45694.44097897,23
1740283200,0.0052,0.0054,0.0052,0.0052,123203.22729413,33
1740297600,0.0052,0.0054,0.0052,0.0052,59357.28,17
1740312000,0.0052,0.0052,0.0051,0.0052,19003.83,12
1740326400,0.0052,0.0052,0.0051,0.0052,30173.2627,17
1740340800,0.0052,0.0052,0.005,0.0051,80837.87828805,36
1740355200,0.0052,0.0052,0.005,0.005,15584.69485461,8
1740369600,0.0051,0.0054,0.005,0.005,767229.9105366798,122
1740384000,0.0049,0.005,0.0047,0.0049,698408.0844611301,95
1740398400,0.0049,0.0053,0.0049,0.0049,413749.1357297001,75
1740412800,0.0047,0.0049,0.0047,0.0048,28262.08160849,3
1740427200,0.0047,0.0047,0.0044,0.0045,1225941.5712324607,97
1740441600,0.0044,0.0045,0.0042,0.0044,268910.53345484,48
1740456000,0.0044,0.0044,0.004,0.0042,726433.3305396702,62
1740470400,0.0041,0.0043,0.004,0.0041,235016.23990503,25
1740484800,0.0042,0.0044,0.0042,0.0042,120772.17177752,31
1740499200,0.0042,0.0043,0.0042,0.0043,121208.41117232,24
1740513600,0.0043,0.0044,0.0042,0.0043,47636.71379565,10
1740528000,0.0042,0.0043,0.004,0.0043,320747.45489083,37
1740542400,0.0042,0.0044,0.0041,0.0043,552210.05578999,48
1740556800,0.0043,0.0044,0.0042,0.0042,50589.27851716,9
1740571200,0.0042,0.0045,0.0041,0.0044,703502.4655721899,73
1740585600,0.0044,0.0044,0.0042,0.0042,62097.67684139,26
1740600000,0.0042,0.0044,0.004,0.0042,219680.89210637,31
1740614400,0.0043,0.0053,0.0042,0.0052,4799685.2287682295,340
1740628800,0.0052,0.0069,0.0052,0.0056,7988051.534862476,1058
1740643200,0.0056,0.0074,0.0055,0.0064,6681597.022701275,911
1740657600,0.0065,0.007,0.0059,0.0064,4372813.474824966,585
1740672000,0.0062,0.0064,0.0056,0.0061,4462973.09332076,499
1740686400,0.0061,0.0061,0.0054,0.0057,2397567.877855292,217
1740700800,0.0058,0.0059,0.005,0.005,1463052.0494735898,160
1740715200,0.0052,0.0053,0.0048,0.0048,1099576.6082435597,80
1740729600,0.0048,0.005,0.0047,0.005,527617.3138684401,62
1740744000,0.0049,0.0054,0.0048,0.0053,1434610.0236882102,94
1740758400,0.0052,0.0054,0.005,0.005,920447.2133456401,104
1740772800,0.0052,0.0053,0.005,0.0052,238796.27334094,30
1740787200,0.0051,0.0051,0.005,0.005,24634.7444,6
1740801600,0.005,0.0051,0.0049,0.005,51310.07334747,18
1740816000,0.0049,0.0049,0.0044,0.0045,866784.5003179602,87
1740830400,0.0046,0.0047,0.0045,0.0045,113262.20289452,32
1740844800,0.0045,0.0047,0.0044,0.0047,124808.48473801,28
1740859200,0.0046,0.0049,0.0046,0.0046,163009.666151,28
1740873600,0.0047,0.0047,0.0042,0.0044,2558486.36718623,185
1740888000,0.0044,0.0047,0.0044,0.0046,164734.12767623,33
1740902400,0.0046,0.0046,0.0045,0.0045,437004.30280006,58
1740916800,0.0045,0.0048,0.0044,0.0048,333319.28862516,53
1740931200,0.0048,0.0051,0.0045,0.0045,1730293.45951836,188
1740945600,0.0045,0.0049,0.0045,0.0048,440038.45900164,38
1740960000,0.0049,0.0049,0.0046,0.0046,214535.3292828799,39
1740974400,0.0046,0.0046,0.0046,0.0046,43754.51606,12
1740988800,0.0045,0.0047,0.0045,0.0046,61257.4481345,21
1741003200,0.0046,0.0046,0.0044,0.0045,137591.13665848,17
1741017600,0.0044,0.0045,0.0042,0.0043,234927.64094275,37
1741032000,0.0043,0.0043,0.0042,0.0042,79108.09026461,12
1741046400,0.0043,0.0044,0.0042,0.0043,181644.08161893,28
1741060800,0.0041,0.0046,0.0041,0.0043,800064.3110069802,92
1741075200,0.0043,0.0044,0.0042,0.0044,210773.04159652,38
1741089600,0.0043,0.0043,0.004,0.004,1008531.4020408102,54
1741104000,0.0041,0.0042,0.004,0.0041,253682.40836605,40
1741118400,0.0041,0.0042,0.004,0.0041,1286009.1371928495,92
1741132800,0.0041,0.0042,0.0041,0.0042,22835.89611731,3
1741147200,0.0041,0.0043,0.0041,0.0042,128002.03029,11
1741161600,0.0043,0.0044,0.0043,0.0043,142077.72612467,18
1741176000,0.0043,0.0046,0.0043,0.0046,2579562.436587561,176
1741190400,0.0046,0.0048,0.0045,0.0046,1738275.4209890894,140
1741204800,0.0046,0.0047,0.0045,0.0046,183161.75277926,27
1741219200,0.0046,0.0046,0.0045,0.0046,152922.34282648,11
1741233600,0.0045,0.0046,0.0045,0.0045,895354.7699496401,38
1741248000,0.0045,0.0045,0.0045,0.0045,38614.83192785,4
1741262400,0.0045,0.0045,0.0044,0.0045,102065.51252,13
1741276800,0.0044,0.0045,0.0044,0.0045,22293.79858888,7
1741291200,0.0044,0.0044,0.0044,0.0044,31851.64423,7
1741305600,0.0045,0.0045,0.0043,0.0044,76811.35235211,14
1741320000,0.0044,0.0045,0.0043,0.0045,66802.72364677,12
1741334400,0.0044,0.0044,0.0044,0.0044,19084.90676043,3
1741348800,0.0043,0.0045,0.0043,0.0045,30617.04252547,10
1741363200,0.0044,0.0045,0.0044,0.0044,49855.88104444,10
1741377600,0.0044,0.0044,0.0041,0.0042,839932.10118028,30
1741392000,0.0043,0.0043,0.0041,0.0043,506553.01722746,46
1741406400,0.0043,0.0044,0.0042,0.0044,163776.40342394,22
1741420800,0.0044,0.0044,0.0044,0.0044,1517.36232,1
1741435200,0.0043,0.0044,0.0043,0.0043,15996.29071535,6
1741449600,0.0043,0.0043,0.0043,0.0043,770.07982,2
1741464000,0.0044,0.0044,0.0044,0.0044,121398.89268883,9
1741478400,0.0043,0.0045,0.0043,0.0044,15487.69347009,14
1741492800,0.0043,0.0044,0.0043,0.0044,27340.08381,4
1741507200,0.0044,0.0044,0.0041,0.0042,555361.37646125,35
1741521600,0.0042,0.0044,0.0041,0.0042,680204.6462933802,23
1741536000,0.0041,0.0043,0.004,0.0042,494860.78200695,56
1741550400,0.0041,0.0042,0.0039,0.004,938605.3995722102,62
1741564800,0.0041,0.0041,0.0041,0.0041,3053.16246,1
1741579200,0.004,0.0041,0.0039,0.004,239788.52321394,30
1741593600,0.0041,0.0041,0.0041,0.0041,8320.96,3
1741608000,0.0041,0.0041,0.0038,0.0038,193546.0692379999,32
1741622400,0.0037,0.0038,0.0036,0.0036,1183759.77359669,64
1741636800,0.0036,0.0038,0.0036,0.0036,64311.32764,14
1741651200,0.0038,0.0038,0.0035,0.0036,23768.77456,8
1741665600,0.0036,0.0036,0.0036,0.0036,14498.78111,7
1741680000,0.0037,0.0037,0.0037,0.0037,5823.3,1
1741694400,0.0037,0.0038,0.0037,0.0038,53585.32859261,6
1741708800,0.0038,0.0038,0.00361,0.00374,290050.12660414,38
1741723200,0.00372,0.00375,0.00361,0.00371,116757.40782726,26
1741737600,0.00368,0.00375,0.00364,0.00367,158220.95012694,29
1741752000,0.00361,0.00373,0.00361,0.00372,12339.75279353,4
1741766400,0.00372,0.0039,0.00372,0.00378,346969.22294966,32
1741780800,0.00388,0.00389,0.00374,0.00374,121914.03437011,21
1741795200,0.00384,0.00384,0.00384,0.00384,507.16564,1
1741809600,0.00384,0.00384,0.00367,0.00379,130188.59552011,20
1741824000,0.00375,0.00375,0.00365,0.00372,113440.71189312,17
1741838400,0.00372,0.00372,0.00367,0.00367,129289.66410295,15
1741852800,0.00369,0.0042,0.00369,0.00412,954357.27000619,87
1741867200,0.00411,0.00531,0.00409,0.00449,4688684.769612158,411
1741881600,0.00444,0.00444,0.00414,0.00416,1088784.5790416102,117
1741896000,0.0042,0.00461,0.00416,0.00443,720502.3724058096,93
1741910400,0.00446,0.00446,0.00433,0.00445,286742.14736603,37
1741924800,0.00435,0.00447,0.00432,0.00432,190066.9391247201,25
1741939200,0.00431,0.00436,0.00431,0.00436,146335.03009123,15
1741953600,0.00432,0.00438,0.0042,0.00424,1249884.6720463003,68
1741968000,0.00427,0.0044,0.00421,0.00428,683899.38059759,21
1741982400,0.00435,0.00435,0.00422,0.00422,8917.48925,4
1741996800,0.00426,0.00429,0.00424,0.00429,101076.83811078,10
1742011200,0.00434,0.0045,0.00434,0.00439,142430.64388062,15
1742025600,0.00441,0.00449,0.00428,0.00443,167374.39488542,15
1742040000,0.00439,0.00455,0.00439,0.00451,191176.4019594699,27
1742054400,0.00449,0.00449,0.00438,0.0044,19858.88764862,8
1742068800,0.00438,0.0044,0.00434,0.00435,28241.12002918,6
1742097600,0.00433,0.00435,0.00433,0.00435,1822.050178,2
1742112000,0.00433,0.00433,0.0043,0.0043,6966.59289049,4
1742126400,0.00421,0.00421,0.00419,0.00419,38601.74508594,12
1742140800,0.00422,0.00423,0.00422,0.00422,33516.94241819,6
1742155200,0.00423,0.00425,0.00421,0.00423,53875.39993816,15
1742169600,0.00426,0.00427,0.00425,0.00426,21254.52441713,7
1742184000,0.00425,0.00427,0.00424,0.00427,27828.01732219,7
1742198400,0.00425,0.00425,0.00417,0.00417,153459.77102187,23
1742212800,0.00417,0.00417,0.00398,0.00398,182006.03439369,40
1742227200,0.00398,0.00413,0.00397,0.00409,339796.0852476601,46
1742241600,0.0041,0.00412,0.00406,0.00406,60735.10560559,18
1742256000,0.00406,0.00418,0.00392,0.00397,608989.0736033901,60
1742270400,0.00396,0.00396,0.00388,0.00388,306983.0426809801,51
1742284800,0.00391,0.00391,0.00388,0.00388,14651.12967703,4
1742299200,0.00391,0.00393,0.00385,0.00393,66129.70728,14
1742313600,0.00388,0.00389,0.00388,0.00389,20704.42192999,5
1742328000,0.00394,0.00399,0.00394,0.00398,30137.41610365,6
1742342400,0.00396,0.00396,0.00396,0.00396,7575.75757575,1
1742356800,0.00394,0.00397,0.00393,0.00395,42412.8939313,12
1742371200,0.00394,0.00401,0.00391,0.00401,57926.7298434,10
1742385600,0.00396,0.00401,0.00396,0.00399,26911.94504729,4
1742400000,0.00399,0.0041,0.00399,0.004,266614.31334046,35
1742414400,0.00401,0.00409,0.00399,0.00405,56493.27123988,13
1742428800,0.00409,0.00434,0.00409,0.00423,333529.54368079,77
1742443200,0.00418,0.00428,0.00414,0.00416,105537.36019255,26
1742457600,0.00418,0.00418,0.00369,0.00388,4112499.926525349,313
1742472000,0.0039,0.00391,0.00362,0.0039,777211.9243600798,91
1742486400,0.00381,0.00389,0.0038,0.00389,164830.28438286,22
1742500800,0.00387,0.0039,0.00382,0.0039,88309.96608799,10
1742515200,0.0039,0.00393,0.00387,0.00393,18811.1389,7
1742529600,0.00389,0.00394,0.0038,0.00384,388210.81729324,34
1742544000,0.00388,0.00388,0.00382,0.00387,51792.5163,13
1742558400,0.00382,0.00382,0.00382,0.00382,3649.92120794,1
1742572800,0.00387,0.00388,0.00385,0.00385,43508.27976488,9
1742587200,0.00385,0.00394,0.00385,0.00393,69742.36389041,18
1742601600,0.00392,0.00393,0.00392,0.00393,5521.46112757,3
1742616000,0.00391,0.00391,0.00383,0.00386,71387.21786606,17
1742630400,0.00388,0.0039,0.00384,0.0039,48905.3785579,8
1742644800,0.0039,0.0039,0.0039,0.0039,8251.0066835,3
1742659200,0.00388,0.00391,0.00384,0.00391,101983.93930106,11
1742688000,0.00394,0.00394,0.00394,0.00394,19512.42565317,1
1742702400,0.00394,0.00396,0.00394,0.00396,66759.77287801,12
1742716800,0.00392,0.00392,0.00392,0.00392,12997.1538,2
1742731200,0.00392,0.00392,0.00392,0.00392,2320.12225,1
1742745600,0.00391,0.00391,0.00391,0.00391,1259.87426,1
1742760000,0.00389,0.0039,0.00389,0.0039,17925.39353,4
1742774400,0.00394,0.00396,0.00394,0.00396,44225.27797051,7
1742788800,0.00396,0.00413,0.00396,0.00413,231090.84519994,40
1742803200,0.00406,0.00406,0.00395,0.00403,286781.17477975,30
1742817600,0.004,0.0041,0.004,0.00404,349369.32719895,28
1742832000,0.00402,0.00413,0.00402,0.00407,41702.7385385,10
1742846400,0.00404,0.00407,0.00404,0.00407,1910.29739051,2
1742860800,0.00407,0.00407,0.00403,0.00403,6183.79413041,5
1742875200,0.004,0.00407,0.004,0.00407,108098.49288956,4
1742889600,0.00404,0.00418,0.00404,0.00413,51790.33241893,14
1742904000,0.00414,0.00418,0.00412,0.00418,112540.97071871,17
1742918400,0.00418,0.00422,0.00397,0.00397,225623.56363833,54
1742932800,0.00397,0.00399,0.00394,0.00398,116203.56006427,12
1742947200,0.00394,0.00398,0.00394,0.00394,26554.85092248,7
1742961600,0.00391,0.00409,0.00391,0.00391,427944.0111153101,34
1742976000,0.00385,0.00386,0.00375,0.00375,25687.97939637,10
1742990400,0.00382,0.00399,0.00382,0.00388,439018.2431574499,73
1743004800,0.00389,0.00389,0.00374,0.00374,15813.46269918,9
1743019200,0.00374,0.00381,0.00312,0.00312,3941675.7879424705,330
1743033600,0.00317,0.0034,0.00313,0.00335,2904343.439731629,261
1743048000,0.00333,0.0035,0.00331,0.00335,1346823.7671053603,101
1743062400,0.00335,0.00341,0.00331,0.00331,380912.28871206,46
1743076800,0.00331,0.00341,0.00328,0.00329,459543.10455909,69
1743091200,0.00328,0.00339,0.00325,0.00331,257194.99595095,39
1743105600,0.00331,0.0034,0.00322,0.00327,593971.33746228,56
1743120000,0.00325,0.00325,0.00325,0.00325,13914.39123243,2
1743134400,0.00325,0.00325,0.00318,0.00318,439637.64002966,32
1743148800,0.00318,0.00322,0.003,0.00319,661318.3529613302,77
1743163200,0.00319,0.00319,0.00297,0.00302,221832.07678458,15
1743177600,0.00306,0.00317,0.00306,0.00317,12086.89738999,5
1743192000,0.00318,0.00332,0.00312,0.00316,448778.67625146,54
1743206400,0.00313,0.00313,0.003,0.003,151725.88197745,18
1743220800,0.00302,0.00305,0.00274,0.00278,865811.9393670398,81
1743235200,0.00276,0.00285,0.00275,0.0028,235275.58742752,20
1743249600,0.00279,0.00282,0.00255,0.00271,1778588.9921240404,125
1743264000,0.00272,0.00283,0.00262,0.0027,1443173.5626428195,128
1743278400,0.00273,0.00279,0.00273,0.00277,112889.01847085,10
1743292800,0.00279,0.0028,0.00275,0.00277,87437.93648675,18
1743307200,0.00275,0.00282,0.00274,0.00274,61546.038417,8
1743321600,0.00277,0.0029,0.00277,0.00286,65968.41720699,13
1743336000,0.00287,0.00313,0.00284,0.00298,1195648.36069703,115
1743350400,0.00303,0.00329,0.00295,0.00297,3730682.68904909,298
1743364800,0.00295,0.00298,0.00276,0.0029,986083.7678421799,83
1743379200,0.00294,0.00294,0.00281,0.00288,128722.82828308,10
1743393600,0.00285,0.00289,0.00285,0.00288,20189.65527,4
1743408000,0.00289,0.00304,0.00272,0.00282,803275.8655472398,51
1743422400,0.00282,0.00288,0.00269,0.00281,531449.8518666101,57
1743436800,0.00285,0.00285,0.00256,0.00264,3882100.9342544586,226
1743451200,0.00267,0.00268,0.00258,0.00268,309588.1569627901,26
