symbol,qty,entry_price,exit_price,entry_date,exit_date,cost,current_value,current_price,profit,profit_pct,status,stop_loss_triggered
ETH,0.8775701761546443,2279.02001953125,2191.570068359375,2024-01-04 12:00:00+00:00,2024-01-08 00:00:00+00:00,2000.0,1923.2565309453826,2191.570068359375,-76.74346905461744,-0.038371734527308715,closed,False
SOL,19.241286233930783,103.86000061035156,94.55999755859375,2024-01-04 12:00:00+00:00,2024-01-06 04:00:00+00:00,1998.4000000000003,1819.4559793046983,94.55999755859375,-178.94402069530202,-0.08954364526386208,closed,False
ETH,0.8787214120555821,2278.72998046875,2258.989990234375,2024-01-04 16:00:00+00:00,2024-01-09 12:00:00+00:00,2002.368826130889,1985.0228740381756,2258.989990234375,-17.345952092713333,-0.008662715812566031,closed,False
SOL,18.997027505387553,105.31999969482422,94.55999755859375,2024-01-04 16:00:00+00:00,2024-01-06 04:00:00+00:00,2000.7669310699844,1796.3588745299853,94.55999755859375,-204.40805653999905,-0.10216485157053463,closed,False
ETH,0.8709245315811404,2243.77001953125,2191.570068359375,2024-01-05 00:00:00+00:00,2024-01-08 00:00:00+00:00,1954.1543532360602,1908.6921352131365,2191.570068359375,-45.46221802292371,-0.023264394620434524,closed,False
ETH,0.8516258270733315,2234.030029296875,2584.1298828125,2024-01-06 04:00:00+00:00,2024-01-10 20:00:00+00:00,1902.55767140661,2200.7117487151063,2584.1298828125,298.1540773084962,0.15671224152068053,closed,False
ETH,0.8138232855172323,2356.919921875,2258.989990234375,2024-01-08 16:00:00+00:00,2024-01-09 12:00:00+00:00,1918.1163145213309,1838.4186558030794,2258.989990234375,-79.69765871825143,-0.0415499613422245,closed,False
ETH,0.816292562980056,2333.0,2522.85009765625,2024-01-08 20:00:00+00:00,2024-01-12 20:00:00+00:00,1904.4105494324708,2059.383772230305,2522.85009765625,154.9732227978343,0.08137595270306475,closed,False
SOL,18.667338776150018,99.8499984741211,95.12999725341797,2024-01-09 12:00:00+00:00,2024-01-12 16:00:00+00:00,1863.933748314481,1775.823886503774,95.12999725341797,-88.10986181070689,-0.04727091930728918,closed,False
PAXG,0.9238306554145979,2016.0,2010.030029296875,2024-01-09 12:00:00+00:00,2024-01-09 16:00:00+00:00,1862.4426013158293,1856.9273593683554,2010.030029296875,-5.515241947473896,-0.0029612949916294536,closed,False
ETH,0.8134458311269999,2270.1298828125,2584.1298828125,2024-01-09 16:00:00+00:00,2024-01-10 20:00:00+00:00,1846.6276892906528,2102.0496802645307,2584.1298828125,255.42199097387788,0.1383180770304562,closed,False
SOL,19.50530256170312,102.04000091552734,91.06999969482422,2024-01-10 20:00:00+00:00,2024-01-13 00:00:00+00:00,1990.3210912538243,1776.3478983417574,91.06999969482422,-213.9731929120669,-0.10750687105328928,closed,False
ETH,0.7641689080314956,2614.39990234375,2522.85009765625,2024-01-11 00:00:00+00:00,2024-01-12 20:00:00+00:00,1997.8431185316722,1927.8836042531286,2522.85009765625,-69.95951427854357,-0.0350175214608246,closed,False
SOL,19.890841290319262,100.36000061035156,95.12999725341797,2024-01-11 00:00:00+00:00,2024-01-12 16:00:00+00:00,1996.244844036847,1892.2156773162442,95.12999725341797,-104.02916672060292,-0.05211242850863575,closed,False
LTC,27.10446050352718,69.41999816894531,66.66999816894531,2024-01-17 20:00:00+00:00,2024-01-18 16:00:00+00:00,1881.5915985251072,1807.0543321404075,66.66999816894531,-74.5372663846997,-0.039613945153202226,closed,False
BCH,7.8651805186438954,236.9600067138672,233.72000122070312,2024-01-19 08:00:00+00:00,2024-01-22 08:00:00+00:00,1863.7332285036348,1838.2500004185017,233.72000122070312,-25.483228085133078,-0.01367321658239318,closed,False
BCH,7.93568265385946,234.10000610351562,232.47000122070312,2024-01-19 12:00:00+00:00,2024-01-23 04:00:00+00:00,1857.7433577040626,1844.8081562298212,232.47000122070312,-12.935201474241467,-0.006962857070972253,closed,False
BCH,7.8757527827376395,236.75999450683594,233.72000122070312,2024-01-20 00:00:00+00:00,2024-01-22 08:00:00+00:00,1864.6631855781613,1840.7209499953972,233.72000122070312,-23.94223558276417,-0.012839978698534014,closed,False
BCH,7.871041430749539,236.63999938964844,223.9499969482422,2024-01-20 04:00:00+00:00,2024-01-23 08:00:00+00:00,1862.6032393684684,1762.7197043958472,223.9499969482422,-99.88353497262119,-0.05362577110436443,closed,False
SOL,21.144638355544597,86.05000305175781,101.11000061035156,2024-01-24 04:00:00+00:00,2024-01-31 00:00:00+00:00,1819.4961950229279,2137.9343970347772,101.11000061035156,318.4382020118494,0.17501449185929002,closed,False
BCH,7.75283837128746,234.5,237.5800018310547,2024-01-24 04:00:00+00:00,2024-01-28 12:00:00+00:00,1818.0405980669093,1841.9193544463458,237.5800018310547,23.87875637943648,0.013134336166544545,closed,False
SOL,20.92646694885406,87.16999816894531,96.8499984741211,2024-01-24 08:00:00+00:00,2024-01-31 20:00:00+00:00,1824.160085614103,2026.7282920652613,96.8499984741211,202.56820645115818,0.11104738451886674,closed,False
SOL,20.92172568813565,86.94999694824219,101.11000061035156,2024-01-24 12:00:00+00:00,2024-01-31 00:00:00+00:00,1819.1439847353547,2115.3956970970034,101.11000061035156,296.25171236164874,0.16285226174922424,closed,False
ETH,0.860434558560031,2269.39990234375,2298.550048828125,2024-01-28 12:00:00+00:00,2024-01-31 08:00:00+00:00,1952.6701031693221,1977.7518965915656,2298.550048828125,25.081793422243436,0.012844869894578661,closed,False
LINK,126.60712832608743,15.853960037231445,18.76865005493164,2024-01-31 00:00:00+00:00,2024-02-06 08:00:00+00:00,2007.2243529104235,2376.244886012158,18.76865005493164,369.0205331017346,0.18384618170194297,closed,False
LINK,126.76097458821008,15.817919731140137,15.392109870910645,2024-01-31 04:00:00+00:00,2024-01-31 20:00:00+00:00,2005.0949210774015,1951.1188482054417,15.392109870910645,-53.976072871959786,-0.026919460173464863,closed,False
LINK,125.77982705573338,15.76803970336914,18.308719635009766,2024-01-31 08:00:00+00:00,2024-02-06 20:00:00+00:00,1983.301306897708,2302.8675893034383,18.308719635009766,319.56628240573036,0.1611284585424884,closed,False
SOL,20.83950786746777,99.0,95.38999938964844,2024-02-02 00:00:00+00:00,2024-02-04 20:00:00+00:00,2063.1112788793093,1987.8806427583245,95.38999938964844,-75.23063612098485,-0.03646465262981377,closed,False
XMR,12.260382998330854,168.13999938964844,163.4600067138672,2024-02-02 00:00:00+00:00,2024-02-03 16:00:00+00:00,2061.460789856206,2004.0822872217445,163.4600067138672,-57.378502634461256,-0.02783390444135666,closed,False
LINK,112.44981074980876,18.295909881591797,18.76865005493164,2024-02-04 16:00:00+00:00,2024-02-06 08:00:00+00:00,2057.3716036805536,2110.5311467064507,18.76865005493164,53.159543025897165,0.02583857137465926,closed,False
LINK,112.57629132100526,18.1541805267334,18.26650047302246,2024-02-04 20:00:00+00:00,2024-02-07 00:00:00+00:00,2043.7303156716598,2056.374878666257,18.26650047302246,12.644562994596981,0.006187001727985535,closed,False
SOL,21.35282008591049,97.56999969482422,106.36000061035156,2024-02-06 16:00:00+00:00,2024-02-12 00:00:00+00:00,2083.394649265923,2271.085957370167,106.36000061035156,187.69130810424394,0.09008917641714034,closed,False
SOL,21.385379647435204,96.83000183105469,104.1500015258789,2024-02-06 20:00:00+00:00,2024-02-12 08:00:00+00:00,2070.7463504189504,2227.2873229118763,104.1500015258789,156.5409724929259,0.07559640149130518,closed,False
SOL,21.519469454562206,95.5199966430664,106.36000061035156,2024-02-07 00:00:00+00:00,2024-02-12 00:00:00+00:00,2055.539650060352,2288.810784321678,106.36000061035156,233.2711342613261,0.11348413262399347,closed,False
PAXG,1.018226496739672,2017.1300048828125,2005.02001953125,2024-02-07 00:00:00+00:00,2024-02-08 16:00:00+00:00,2053.8952183403035,2041.5645103802133,2005.02001953125,-12.330707960090194,-0.006003572066375568,closed,False
SOL,21.465865379705406,95.08000183105469,113.94000244140625,2024-02-07 08:00:00+00:00,2024-02-15 12:00:00+00:00,2040.9745196075635,2445.8207537705316,113.94000244140625,404.84623416296813,0.19835927899815797,closed,False
BCH,8.216976930794246,271.92999267578125,269.70001220703125,2024-02-12 00:00:00+00:00,2024-02-13 12:00:00+00:00,2234.442476607943,2216.118778540102,269.70001220703125,-18.323698067840724,-0.00820056826688039,closed,False
BCH,8.2599692731833,267.95001220703125,270.3500061035156,2024-02-12 04:00:00+00:00,2024-02-15 08:00:00+00:00,2213.258867579168,2233.082743419957,270.3500061035156,19.823875840788787,0.008956871756475495,closed,False
BCH,8.030501084773489,278.54998779296875,269.70001220703125,2024-02-12 08:00:00+00:00,2024-02-13 12:00:00+00:00,2236.8959791350776,2165.8262405919877,269.70001220703125,-71.0697385430899,-0.0317715884895863,closed,False
ETH,0.8431120532133044,2632.719970703125,2776.110107421875,2024-02-13 12:00:00+00:00,2024-02-16 12:00:00+00:00,2219.6779400351825,2340.571892614664,2776.110107421875,120.89395257948172,0.05446463669299949,closed,False
SOL,20.104262181095798,110.31999969482422,113.94000244140625,2024-02-13 12:00:00+00:00,2024-02-15 12:00:00+00:00,2217.9021976831546,2290.6796819967267,113.94000244140625,72.77748431357213,0.03281365805471328,closed,False
ETH,0.8146586793659799,2793.409912109375,2914.25,2024-02-15 08:00:00+00:00,2024-02-21 12:00:00+00:00,2275.6756299268613,2374.119056342307,2914.25,98.44342641544563,0.043258988724420945,closed,False
ETH,0.7967833933752667,2825.56005859375,2776.110107421875,2024-02-15 12:00:00+00:00,2024-02-16 12:00:00+00:00,2251.3593316719457,2211.9584317749777,2776.110107421875,-39.400899896967985,-0.017500937919007076,closed,False
ETH,0.7995865558794966,2838.0,3300.72998046875,2024-02-15 16:00:00+00:00,2024-02-28 16:00:00+00:00,2269.2266455860113,2639.219316971206,3300.72998046875,369.9926713851946,0.1630479141891297,closed,False
INJ,58.927697165098536,37.79600143432617,38.2599983215332,2024-02-17 20:00:00+00:00,2024-02-20 00:00:00+00:00,2227.2313265736025,2254.5735946284867,38.2599983215332,27.342268054884244,0.012276348544786273,closed,False
ETH,0.8009170248645875,2804.030029296875,2914.25,2024-02-18 08:00:00+00:00,2024-02-21 12:00:00+00:00,2245.795388695415,2334.072439711624,2914.25,88.27705101620904,0.0393076998290077,closed,False
ETH,0.7870478085506812,2907.64990234375,3364.669921875,2024-02-20 00:00:00+00:00,2024-03-05 16:00:00+00:00,2288.459483672251,2648.1560885081108,3364.669921875,359.69660483585994,0.1571784894608058,closed,False
SOL,22.467054047101954,102.22000122070312,108.44000244140625,2024-02-24 04:00:00+00:00,2024-02-27 16:00:00+00:00,2296.582292120365,2436.327395718942,108.44000244140625,139.74510359857732,0.06084916010980599,closed,False
INJ,67.6676430453475,33.9119987487793,38.84000015258789,2024-02-24 04:00:00+00:00,2024-02-28 16:00:00+00:00,2294.7450262866687,2628.21126620656,38.84000015258789,333.46623991989145,0.14531733857138057,closed,False
ETH,0.7555341143062023,3251.31005859375,3560.010009765625,2024-02-27 16:00:00+00:00,2024-03-05 20:00:00+00:00,2456.475665454476,2689.7090096494862,3560.010009765625,233.23334419501043,0.09494632797506651,closed,False
PAXG,1.2556733210136972,2012.4000244140625,1997.0,2024-02-29 00:00:00+00:00,2024-02-29 20:00:00+00:00,2526.917021864051,2507.5796220643533,1997.0,-19.337399799697778,-0.007652566203156526,closed,False
ETH,0.7334590703662669,3468.159912109375,3364.669921875,2024-02-29 04:00:00+00:00,2024-03-05 16:00:00+00:00,2543.753345017296,2467.8476729877775,3364.669921875,-75.90567202951843,-0.02984002838883827,closed,False
ETH,0.744264516211852,3342.60009765625,3542.179931640625,2024-02-29 20:00:00+00:00,2024-03-06 00:00:00+00:00,2487.778644571818,2636.318833157841,3542.179931640625,148.54018858602285,0.05970796031637643,closed,False
ETH,0.6540508186146757,3880.0,3866.419921875,2024-03-06 08:00:00+00:00,2024-03-11 00:00:00+00:00,2537.717176224942,2528.8351150104345,3866.419921875,-8.882061214507303,-0.0035000201353092004,closed,False
ETH,0.6656539153730338,3792.030029296875,3778.780029296875,2024-03-06 12:00:00+00:00,2024-03-14 16:00:00+00:00,2524.1796362135847,2515.359721834892,3778.780029296875,-8.819914378692829,-0.0034941706414854095,closed,False
ETH,0.6582746724223821,3857.8701171875,3866.419921875,2024-03-06 16:00:00+00:00,2024-03-11 00:00:00+00:00,2539.5381876396987,2545.166307519638,3866.419921875,5.628119879939277,0.002216198168364687,closed,False
SOL,17.544546325978263,145.7100067138672,184.35000610351562,2024-03-08 12:00:00+00:00,2024-03-19 00:00:00+00:00,2556.415962950047,3234.3372222775056,184.35000610351562,677.9212593274588,0.2651842537179093,closed,False
SOL,15.557383215746393,167.7100067138672,177.77000427246094,2024-03-14 12:00:00+00:00,2024-03-19 08:00:00+00:00,2609.128843563032,2765.636080731548,177.77000427246094,156.50723716851599,0.059984480089833106,closed,False
SOL,15.069288008039672,175.8699951171875,184.35000610351562,2024-03-15 00:00:00+00:00,2024-03-19 00:00:00+00:00,2650.235608393429,2778.0233362577483,184.35000610351562,127.7877278643191,0.048217497138597396,closed,False
SOL,15.052303314914242,176.02999877929688,181.41000366210938,2024-03-15 04:00:00+00:00,2024-03-19 16:00:00+00:00,2649.6569341499603,2730.638399481774,181.41000366210938,80.98146533181352,0.030563000171112072,closed,False
ETH,0.8244991839042701,3291.949951171875,3335.090087890625,2024-03-20 12:00:00+00:00,2024-03-22 20:00:00+00:00,2714.210048194913,2749.7790557130406,3335.090087890625,35.56900751812782,0.013104736511377597,closed,False
ETH,0.8072308001923413,3377.070068359375,3490.5,2024-03-20 16:00:00+00:00,2024-03-27 16:00:00+00:00,2726.074973587343,2817.6391080713674,3490.5,91.56413448402463,0.033588267150089425,closed,False
BCH,6.702330378346513,406.4100036621094,633.3699951171875,2024-03-20 16:00:00+00:00,2024-04-01 12:00:00+00:00,2723.894113608473,4245.054959007109,633.3699951171875,1521.1608453986355,0.5584507994635227,closed,False
ETH,0.788291771449578,3515.429931640625,3335.090087890625,2024-03-20 20:00:00+00:00,2024-03-22 20:00:00+00:00,2771.184488219857,2629.0240733272294,3335.090087890625,-142.1604148926276,-0.051299513077149216,closed,False
BCH,5.954651430431734,462.92999267578125,611.0999755859375,2024-03-24 16:00:00+00:00,2024-04-02 00:00:00+00:00,2756.586743076593,3638.8873437596003,611.0999755859375,882.3006006830074,0.3200699571304919,closed,False
ETH,0.8164728276546296,3454.030029296875,3490.5,2024-03-24 20:00:00+00:00,2024-03-27 16:00:00+00:00,2820.1216648240224,2849.8984049284845,3490.5,29.77674010446208,0.010558672157968818,closed,False
BCH,5.452083948791717,542.5,633.3699951171875,2024-03-27 16:00:00+00:00,2024-04-01 12:00:00+00:00,2957.7555422195064,3453.186384024706,633.3699951171875,495.43084180519963,0.16750229514688939,closed,False
BCH,5.488779037969732,538.3599853515625,607.8800048828125,2024-03-27 20:00:00+00:00,2024-04-02 04:00:00+00:00,2954.9390024793483,3336.51902840172,607.8800048828125,381.58002592237153,0.12913296200097732,closed,False
SOL,17.572527403566745,189.77000427246094,175.07000732421875,2024-04-03 04:00:00+00:00,2024-04-05 04:00:00+00:00,3334.738600452798,3076.422501247465,175.07000732421875,-258.3160992053331,-0.0774621732480796,closed,False
SOL,17.699746167417658,187.8800048828125,169.6699981689453,2024-04-03 08:00:00+00:00,2024-04-05 08:00:00+00:00,3325.4283963589714,3003.1158998165506,169.6699981689453,-322.31249654242083,-0.09692360145096567,closed,False
ETH,1.0002907173872426,3330.89990234375,3286.8798828125,2024-04-03 12:00:00+00:00,2024-04-05 04:00:00+00:00,3331.868252860526,3287.8354359442114,3286.8798828125,-44.03281691631446,-0.01321565367373417,closed,False
SOL,17.598999791103076,189.1699981689453,175.52999877929688,2024-04-03 12:00:00+00:00,2024-04-05 16:00:00+00:00,3329.2027582582377,3089.152411849169,175.52999877929688,-240.05034640906888,-0.07210445378059752,closed,False
ETH,0.9912115582011938,3318.550048828125,3286.8798828125,2024-04-03 16:00:00+00:00,2024-04-05 04:00:00+00:00,3289.3851648675736,3257.9933302627355,3286.8798828125,-31.391834604838095,-0.009543374530936661,closed,False
BCH,4.602609389417919,683.5399780273438,625.4000244140625,2024-04-05 08:00:00+00:00,2024-04-10 00:00:00+00:00,3146.0675209111705,2878.47202451036,625.4000244140625,-267.5954964008106,-0.08505713708372954,closed,False
BCH,4.667913831460082,667.8099975585938,630.6099853515625,2024-04-05 12:00:00+00:00,2024-04-10 04:00:00+00:00,3117.279524391083,2943.6330728793982,630.6099853515625,-173.64645151168497,-0.05570448532221517,closed,False
PAXG,1.3507310064057112,2306.0,2315.929931640625,2024-04-05 12:00:00+00:00,2024-04-10 12:00:00+00:00,3114.78570077157,3128.1983673300515,2315.929931640625,13.412666558481305,0.004306128204954462,closed,False
BCH,4.709062619460304,657.6300048828125,625.4000244140625,2024-04-05 16:00:00+00:00,2024-04-10 00:00:00+00:00,3096.8208734291493,2945.047877177823,625.4000244140625,-151.77299625132628,-0.04900929128757328,closed,False
PAXG,1.3447820150936143,2301.0,2310.0,2024-04-05 16:00:00+00:00,2024-04-10 16:00:00+00:00,3094.3434167304063,3106.446454866249,2310.0,12.10303813584278,0.003911342894393824,closed,False
SOL,17.137543210381253,174.57000732421875,149.2899932861328,2024-04-11 04:00:00+00:00,2024-04-12 16:00:00+00:00,2991.7010437553704,2558.463710818628,149.2899932861328,-433.2373329367424,-0.14481304334904926,closed,False
SOL,17.45653860699426,170.42999267578125,153.3000030517578,2024-04-11 08:00:00+00:00,2024-04-12 20:00:00+00:00,2975.1177469345243,2676.087421725348,153.3000030517578,-299.0303252091762,-0.10051041694645144,closed,False
SOL,17.265304782482236,173.35000610351562,149.2899932861328,2024-04-11 12:00:00+00:00,2024-04-12 16:00:00+00:00,2992.940689422353,2577.5372350598095,149.2899932861328,-415.40345436254347,-0.13879441574992174,closed,False
SOL,17.20537096512968,174.52000427246094,151.8699951171875,2024-04-11 16:00:00+00:00,2024-04-13 00:00:00+00:00,3002.6814143437073,2612.979604463644,151.8699951171875,-389.70180988006314,-0.12978460119627439,closed,False
SOL,17.336362870293087,167.35000610351562,149.2899932861328,2024-04-12 12:00:00+00:00,2024-04-12 16:00:00+00:00,2901.24043215631,2588.145496512017,149.2899932861328,-313.09493564429295,-0.10791761074816855,closed,False
PAXG,1.0583622712489815,2455.969970703125,2451.169921875,2024-04-13 20:00:00+00:00,2024-04-14 00:00:00+00:00,2599.305956312654,2594.2257657328137,2451.169921875,-5.080190579840291,-0.001954441172076177,closed,False
PAXG,1.0583252795606637,2451.169921875,2407.260009765625,2024-04-14 04:00:00+00:00,2024-04-18 16:00:00+00:00,2594.1350928190495,2547.6641228104113,2407.260009765625,-46.47097000863823,-0.017913858895505005,closed,False
ETH,0.8171460714926893,3155.989990234375,2948.889892578125,2024-04-14 20:00:00+00:00,2024-04-17 12:00:00+00:00,2578.9048221902704,2409.6737909847134,2948.889892578125,-169.23103120555697,-0.0656212783618081,closed,False
ETH,0.8168601645342871,3149.169921875,2985.39990234375,2024-04-15 00:00:00+00:00,2024-04-17 20:00:00+00:00,2572.4314605292407,2438.6542554291605,2985.39990234375,-133.7772051000802,-0.05200418637103648,closed,False
SOL,17.343951203038838,148.1999969482422,137.94000244140625,2024-04-15 00:00:00+00:00,2024-04-16 04:00:00+00:00,2570.3735153608172,2392.424671290808,137.94000244140625,-177.94884407000927,-0.06923073359049517,closed,False
ETH,0.8052812806948392,3233.550048828125,2948.889892578125,2024-04-15 08:00:00+00:00,2024-04-17 12:00:00+00:00,2603.9173245111724,2374.685829323379,2948.889892578125,-229.23149518779337,-0.08803332311283212,closed,False
PAXG,1.0095995204606591,2400.25,2387.0,2024-04-18 00:00:00+00:00,2024-04-20 04:00:00+00:00,2423.291248985697,2409.9140553395932,2387.0,-13.377193646103933,-0.005520258306426496,closed,False
PAXG,1.0080240794357154,2403.35009765625,2407.260009765625,2024-04-18 04:00:00+00:00,2024-04-18 16:00:00+00:00,2422.634769751678,2426.576055306405,2407.260009765625,3.9412855547270738,0.0016268591551383779,closed,False
PAXG,1.0062186898062933,2409.489990234375,2389.0,2024-04-18 08:00:00+00:00,2024-04-20 08:00:00+00:00,2424.473861075011,2403.8564499472345,2389.0,-20.61741112777645,-0.008503870245330133,closed,False
PAXG,1.0080541109042862,2390.8701171875,2381.56005859375,2024-04-18 20:00:00+00:00,2024-04-20 16:00:00+00:00,2410.126450269072,2400.741407430882,2381.56005859375,-9.385042838189747,-0.0038940043320722776,closed,False
BCH,5.029949798910746,480.8999938964844,480.0299987792969,2024-04-19 04:00:00+00:00,2024-04-24 12:00:00+00:00,2418.9028275958003,2414.5267958310496,480.0299987792969,-4.376031764750678,-0.0018090977921176397,closed,False
ETH,0.7844446686715062,3060.25,3132.419921875,2024-04-20 04:00:00+00:00,2024-04-24 16:00:00+00:00,2400.596797301977,2457.2101077552597,3132.419921875,56.61331045328279,0.023583015072297986,closed,False
ETH,0.7879826214353146,3048.56005859375,3135.570068359375,2024-04-20 08:00:00+00:00,2024-04-25 04:00:00+00:00,2402.2123465736995,2470.774722159929,3135.570068359375,68.56237558622934,0.02854134676479395,closed,False
ETH,0.7751464014193846,3149.449951171875,3132.419921875,2024-04-20 16:00:00+00:00,2024-04-24 16:00:00+00:00,2441.2847961013354,2428.084030175796,3132.419921875,-13.200765925539145,-0.005407302722984391,closed,False
PAXG,1.0636152217804231,2301.550048828125,2329.06005859375,2024-04-24 12:00:00+00:00,2024-04-30 04:00:00+00:00,2447.96366562307,2477.2237307611167,2329.06005859375,29.260065138046684,0.011952818397163277,closed,False
SOL,17.54326613644108,137.4499969482422,134.97999572753906,2024-04-27 12:00:00+00:00,2024-04-29 04:00:00+00:00,2411.321876916027,2367.989988143898,134.97999572753906,-43.33188877212933,-0.017970180251318784,closed,False
SOL,17.076950950659036,142.1300048828125,128.7899932861328,2024-04-27 16:00:00+00:00,2024-04-30 08:00:00+00:00,2427.1471220007184,2199.3403982829964,128.7899932861328,-227.80672371772198,-0.09385781424322516,closed,False
SOL,17.145149724344915,141.22000122070312,134.97999572753906,2024-04-27 20:00:00+00:00,2024-04-29 04:00:00+00:00,2421.238065001127,2314.252236540094,134.97999572753906,-106.98582846103272,-0.04418641438341295,closed,False
ETH,0.7931859903924792,2925.340087890625,3091.820068359375,2024-05-01 16:00:00+00:00,2024-05-06 12:00:00+00:00,2320.3387748483474,2452.3883630369737,3091.820068359375,132.04958818862633,0.05690961579403715,closed,False
SOL,17.886765863031883,129.6199951171875,149.3300018310547,2024-05-01 16:00:00+00:00,2024-05-08 00:00:00+00:00,2318.482503828469,2671.0307790781976,149.3300018310547,352.5482752497287,0.1520599248290949,closed,False
PAXG,1.009146873008632,2295.6298828125,2280.97998046875,2024-05-01 16:00:00+00:00,2024-05-05 00:00:00+00:00,2316.6277178254063,2301.8438146853296,2280.97998046875,-14.783903140076745,-0.0063816482149122505,closed,False
ETH,0.7882252947016607,2970.02001953125,3091.820068359375,2024-05-01 20:00:00+00:00,2024-05-06 12:00:00+00:00,2341.0449051648516,2437.050784547077,3091.820068359375,96.00587938222543,0.041009841020313485,closed,False
ETH,0.7742257549942868,3133.800048828125,3049.56005859375,2024-05-06 00:00:00+00:00,2024-05-07 00:00:00+00:00,2426.268708805088,2361.0479387651676,3049.56005859375,-65.22077003992035,-0.02688109927941201,closed,False
SOL,15.837796313018218,153.89999389648438,146.42999267578125,2024-05-06 12:00:00+00:00,2024-05-08 04:00:00+00:00,2437.4367559072666,2319.128398115773,146.42999267578125,-118.30835779149356,-0.048538021552668606,closed,False
BCH,5.154578629897402,472.489990234375,454.19000244140625,2024-05-06 12:00:00+00:00,2024-05-08 08:00:00+00:00,2435.486806502541,2341.1580804975215,454.19000244140625,-94.32872600501969,-0.03873095339838018,closed,False
SOL,15.671509518208968,153.82000732421875,149.3300018310547,2024-05-07 00:00:00+00:00,2024-05-08 00:00:00+00:00,2410.5917088724673,2340.226545049536,149.3300018310547,-70.36516382293121,-0.02918999661533055,closed,False
BCH,5.033511789273895,468.1400146484375,451.9599914550781,2024-05-08 00:00:00+00:00,2024-05-08 04:00:00+00:00,2356.388282763764,2274.9459452692645,451.9599914550781,-81.4423374944995,-0.03456235888211823,closed,False
SOL,15.026180761020393,153.9499969482422,143.52000427246094,2024-05-10 00:00:00+00:00,2024-05-11 00:00:00+00:00,2313.280482302825,2156.557527020417,143.52000427246094,-156.72295528240784,-0.06774922301094817,closed,False
SOL,14.976833957934952,154.42999267578125,144.05999755859375,2024-05-10 04:00:00+00:00,2024-05-12 04:00:00+00:00,2312.8723584302866,2157.5626634155733,144.05999755859375,-155.30969501471327,-0.0671501366898257,closed,False
SOL,14.933039581080415,154.97999572753906,143.52000427246094,2024-05-10 08:00:00+00:00,2024-05-11 00:00:00+00:00,2314.3224104750143,2143.1899044774896,143.52000427246094,-171.13250599752473,-0.07394497206739653,closed,False
ETH,0.7411798880483709,2976.239990234375,3440.4599609375,2024-05-15 12:00:00+00:00,2024-05-20 16:00:00+00:00,2205.9292227669985,2549.9997286825587,3440.4599609375,344.07050591556026,0.15597531523879846,closed,False
SOL,13.488555064734816,163.75,175.13999938964844,2024-05-16 08:00:00+00:00,2024-05-21 16:00:00+00:00,2208.7508918503263,2362.385525804895,175.13999938964844,153.63463395456893,0.06955724818105917,closed,False
SOL,13.656017064663075,160.41000366210938,172.5,2024-05-16 12:00:00+00:00,2024-05-23 12:00:00+00:00,2190.561747352432,2355.6629436543803,172.5,165.10119630194822,0.07536934144928517,closed,False
SOL,13.701610787563245,159.11000061035156,175.13999938964844,2024-05-16 16:00:00+00:00,2024-05-21 16:00:00+00:00,2180.0633007719875,2399.700104971027,175.13999938964844,219.6368041990395,0.10074790219222687,closed,False
SOL,13.68388335292976,159.27000427246094,170.72000122070312,2024-05-16 20:00:00+00:00,2024-05-23 16:00:00+00:00,2179.43216008498,2336.1125827161277,170.72000122070312,156.68042263114785,0.07189047931872246,closed,False
SOL,13.52493504060184,187.1699981689453,175.13999938964844,2024-05-20 16:00:00+00:00,2024-05-21 16:00:00+00:00,2531.4620667845506,2368.757114756041,175.13999938964844,-162.70495202850952,-0.06427311479929718,closed,False
ETH,0.6443401133622236,3710.010009765625,3780.860107421875,2024-05-21 16:00:00+00:00,2024-05-23 20:00:00+00:00,2390.508270267367,2436.15983022292,3780.860107421875,45.651559955552784,0.0190970098381826,closed,False
BCH,4.669878021575067,511.489990234375,507.2799987792969,2024-05-21 16:00:00+00:00,2024-05-22 12:00:00+00:00,2388.595863651153,2368.9357170840653,507.2799987792969,-19.66014656708785,-0.008230838404381978,closed,False
ETH,0.6415506507424118,3761.179931640625,3756.77001953125,2024-05-22 12:00:00+00:00,2024-05-29 12:00:00+00:00,2412.987432703343,2410.1582507198564,3756.77001953125,-2.8291819834867056,-0.001172481027104682,closed,False
BCH,4.72045288281196,498.32000732421875,469.3399963378906,2024-05-24 16:00:00+00:00,2024-05-28 00:00:00+00:00,2352.2961151364857,2215.4973387321506,469.3399963378906,-136.79877640433506,-0.0581554233432034,closed,False
BCH,4.738519238964409,494.8599853515625,462.6700134277344,2024-05-24 20:00:00+00:00,2024-05-28 04:00:00+00:00,2344.9035611820245,2192.3707599192408,462.6700134277344,-152.53280126278378,-0.06504864583253679,closed,False
BCH,4.743490882875752,494.1700134277344,469.3399963378906,2024-05-25 00:00:00+00:00,2024-05-28 00:00:00+00:00,2344.0909532850455,2226.309993597723,469.3399963378906,-117.78095968732259,-0.050245900024596966,closed,False
BCH,4.901652014296093,461.0,484.4100036621094,2024-06-01 12:00:00+00:00,2024-06-07 16:00:00+00:00,2259.6615785904987,2374.409270195556,484.4100036621094,114.7476916050573,0.050780919006744835,closed,False
BCH,4.896286516715515,461.1700134277344,477.8999938964844,2024-06-01 16:00:00+00:00,2024-06-07 20:00:00+00:00,2258.0205186597286,2339.9352964537834,477.8999938964844,81.91477779405477,0.03627725129914946,closed,False
BCH,4.879894677495492,463.1400146484375,484.4100036621094,2024-06-01 20:00:00+00:00,2024-06-07 16:00:00+00:00,2260.0744924180945,2363.8697985962995,484.4100036621094,103.79530617820501,0.04592561286205772,closed,False
BCH,4.875236936915377,463.32000732421875,482.55999755859375,2024-06-02 00:00:00+00:00,2024-06-08 00:00:00+00:00,2258.7948133189343,2352.5943243754505,482.55999755859375,93.79951105651617,0.041526353125759544,closed,False
XMR,13.707757723438649,169.52000427246094,170.60000610351562,2024-06-08 20:00:00+00:00,2024-06-11 16:00:00+00:00,2323.739147843179,2338.543551284147,170.60000610351562,14.80440344096769,0.006370940324652475,closed,False
XMR,13.35980421344096,174.89999389648438,171.67999267578125,2024-06-09 00:00:00+00:00,2024-06-14 04:00:00+00:00,2336.62967538905,2293.611089513415,171.67999267578125,-43.018585875634926,-0.018410527919222933,closed,False
XMR,13.478224990020014,172.10000610351562,170.60000610351562,2024-06-09 04:00:00+00:00,2024-06-11 16:00:00+00:00,2319.602603047001,2299.385265561971,170.60000610351562,-20.21733748502993,-0.008715862561316618,closed,False
XMR,13.571872264729583,168.80999755859375,166.64999389648438,2024-06-09 08:00:00+00:00,2024-06-14 16:00:00+00:00,2291.067723874547,2261.7524300810505,166.64999389648438,-29.315293793496494,-0.012795472385216023,closed,False
XMR,13.568331581833846,168.36000061035156,170.60000610351562,2024-06-09 12:00:00+00:00,2024-06-11 16:00:00+00:00,2284.3643133989985,2314.757450675378,170.60000610351562,30.393137276379548,0.013304855577592334,closed,False
ETH,0.6518961898792771,3618.85009765625,3501.14990234375,2024-06-12 12:00:00+00:00,2024-06-13 00:00:00+00:00,2359.114590406359,2282.3862815340935,3501.14990234375,-76.72830887226564,-0.03252419750371224,closed,False
SOL,14.85241761084289,158.7100067138672,149.47000122070312,2024-06-12 12:00:00+00:00,2024-06-13 08:00:00+00:00,2357.2272987340343,2219.9908784230793,149.47000122070312,-137.23642031095505,-0.05821942601150888,closed,False
BCH,5.121277360221135,447.260009765625,435.8599853515625,2024-06-13 00:00:00+00:00,2024-06-13 12:00:00+00:00,2290.542562144979,2232.1598752072723,435.8599853515625,-58.382686937706694,-0.025488584190740474,closed,False
ETH,0.6546040818072788,3496.179931640625,3523.64990234375,2024-06-13 08:00:00+00:00,2024-06-17 08:00:00+00:00,2288.613653984646,2306.595608934038,3523.64990234375,17.98195494939182,0.00785713871718099,closed,False
ETH,0.6281511682175595,3561.330078125,3492.300048828125,2024-06-15 12:00:00+00:00,2024-06-17 12:00:00+00:00,2237.053648982551,2193.6923554376267,3492.300048828125,-43.36129354492414,-0.019383215760000023,closed,False
ETH,0.6283376673760706,3554.72998046875,3523.64990234375,2024-06-15 16:00:00+00:00,2024-06-17 08:00:00+00:00,2233.570744079519,2214.041960288591,3523.64990234375,-19.528783790928173,-0.008743302106142251,closed,False
BCH,5.192922938424403,429.6099853515625,392.2099914550781,2024-06-16 00:00:00+00:00,2024-06-18 00:00:00+00:00,2230.931547508301,2036.7162613063144,392.2099914550781,-194.21528620198637,-0.08705569044415683,closed,False
BCH,5.563548595297784,389.739990234375,380.8299865722656,2024-06-20 00:00:00+00:00,2024-06-23 20:00:00+00:00,2168.3373751998292,2118.7661368414024,380.8299865722656,-49.571238358426854,-0.022861404745125734,closed,False
BCH,5.477236311523014,397.04998779296875,377.1300048828125,2024-06-20 04:00:00+00:00,2024-06-24 00:00:00+00:00,2174.736610629418,2065.6301569089924,377.1300048828125,-109.10645372042563,-0.0501699622782585,closed,False
SOL,15.612853396270067,139.17999267578125,131.9600067138672,2024-06-20 08:00:00+00:00,2024-06-21 08:00:00+00:00,2172.9968213409143,2060.272238994422,131.9600067138672,-112.7245823464923,-0.05187517130233635,closed,False
BCH,5.468476238855816,397.04998779296875,380.8299865722656,2024-06-20 08:00:00+00:00,2024-06-23 20:00:00+00:00,2171.2584238838413,2082.559732614214,380.8299865722656,-88.69869126962703,-0.04085128250692847,closed,False
BCH,5.424846749316601,392.2900085449219,371.5400085449219,2024-06-21 08:00:00+00:00,2024-06-24 04:00:00+00:00,2128.1131776443012,2015.5476075959816,371.5400085449219,-112.56557004831961,-0.0528945411507311,closed,False
SOL,15.552948910592422,132.25,147.52999877929688,2024-06-24 20:00:00+00:00,2024-06-27 12:00:00+00:00,2056.8774934258477,2294.5265337941664,147.52999877929688,237.64904036831877,0.11553874313267955,closed,False
SOL,15.218245678240239,135.77000427246094,140.55999755859375,2024-06-25 00:00:00+00:00,2024-06-28 16:00:00+00:00,2066.1812807540373,2139.0765753795276,140.55999755859375,72.89529462549035,0.035280202809159014,closed,False
ETH,0.6129595517328067,3357.7900390625,3380.239990234375,2024-06-25 04:00:00+00:00,2024-06-29 16:00:00+00:00,2058.1894771566335,2071.9503891633694,3380.239990234375,13.760912006735907,0.006685930600396644,closed,False
SOL,15.26304617583859,134.74000549316406,147.52999877929688,2024-06-25 04:00:00+00:00,2024-06-27 12:00:00+00:00,2056.542925574908,2251.7571836898187,147.52999877929688,195.21425811491054,0.09492350278092943,closed,False
ETH,0.624940872072529,3446.639892578125,3364.52001953125,2024-06-27 12:00:00+00:00,2024-06-30 00:00:00+00:00,2153.946140187741,2102.626075111342,3364.52001953125,-51.32006507639926,-0.023826067012022004,closed,False
ETH,0.6328551748410075,3444.52001953125,3380.239990234375,2024-06-27 16:00:00+00:00,2024-06-29 16:00:00+00:00,2179.8823192038,2139.202370024341,3380.239990234375,-40.67994917945907,-0.01866153453380795,closed,False
ETH,0.6334056210677781,3445.389892578125,3356.840087890625,2024-06-27 20:00:00+00:00,2024-07-03 00:00:00+00:00,2182.3293247290926,2126.241380695576,3356.840087890625,-56.08794403351658,-0.0257009532878266,closed,False
SOL,15.611649177034476,134.97999572753906,131.5399932861328,2024-07-05 12:00:00+00:00,2024-07-07 20:00:00+00:00,2107.260339215952,2053.556227932576,131.5399932861328,-53.70411128337628,-0.025485275968966395,closed,False
XMR,13.96825298006285,150.74000549316406,148.8699951171875,2024-07-05 12:00:00+00:00,2024-07-08 00:00:00+00:00,2105.5745309445792,2079.453752937596,148.8699951171875,-26.120778006983073,-0.01240553474745207,closed,False
ETH,0.7070777953800194,2984.81005859375,3068.510009765625,2024-07-05 16:00:00+00:00,2024-07-12 08:00:00+00:00,2110.492915858575,2169.6752928066,3068.510009765625,59.18237694802474,0.028041969012697968,closed,False
SOL,15.63931013644877,134.83999633789062,131.5399932861328,2024-07-05 16:00:00+00:00,2024-07-07 20:00:00+00:00,2108.804521525888,2057.19475034822,131.5399932861328,-51.60977117766788,-0.024473473311942683,closed,False
ETH,0.6812010225581313,3051.5400390625,3491.989990234375,2024-07-08 08:00:00+00:00,2024-07-21 16:00:00+00:00,2078.712194986455,2378.7471521104153,3491.989990234375,300.03495712396034,0.14433693988403015,closed,False
ETH,0.6917188615309892,2970.010009765625,3068.510009765625,2024-07-08 12:00:00+00:00,2024-07-12 08:00:00+00:00,2054.41194269072,2122.5462505515225,3068.510009765625,68.13430786080244,0.03316487138970048,closed,False
ETH,0.6878212631897316,3006.550048828125,3416.820068359375,2024-07-08 16:00:00+00:00,2024-07-24 12:00:00+00:00,2067.96905242811,2350.1614955109703,3416.820068359375,282.19244308286034,0.13645873604903494,closed,False
BCH,5.662626677596194,372.94000244140625,368.6600036621094,2024-07-13 00:00:00+00:00,2024-07-14 12:00:00+00:00,2111.8200069674967,2087.583971699771,368.6600036621094,-24.236035267725583,-0.01147637354877025,closed,False
BCH,5.625714139783065,376.760009765625,376.8900146484375,2024-07-13 04:00:00+00:00,2024-07-16 04:00:00+00:00,2119.544114243282,2120.275484550761,376.8900146484375,0.7313703074792102,0.00034506019599423317,closed,False
ETH,0.661978153126528,3191.360107421875,3491.989990234375,2024-07-14 16:00:00+00:00,2024-07-21 16:00:00+00:00,2112.610669872811,2311.621084471674,3491.989990234375,199.010414598863,0.09420117839831055,closed,False
ETH,0.6528465591529135,3379.389892578125,3361.0,2024-07-16 04:00:00+00:00,2024-07-24 16:00:00+00:00,2206.223063405763,2194.2172853129423,3361.0,-12.005778092820492,-0.005441778889885724,closed,False
SOL,12.645350556013007,178.02000427246094,176.55999755859375,2024-07-21 16:00:00+00:00,2024-07-23 12:00:00+00:00,2251.125360008202,2232.6630632972187,176.55999755859375,-18.462296710983082,-0.008201363211027846,closed,False
SOL,12.334218336970928,184.42999267578125,171.9499969482422,2024-07-21 20:00:00+00:00,2024-07-23 16:00:00+00:00,2274.799797549035,2120.8688054011036,171.9499969482422,-153.9309921479312,-0.06766792942121014,closed,False
SOL,12.331643675841459,177.67999267578125,170.50999450683594,2024-07-24 12:00:00+00:00,2024-07-25 00:00:00+00:00,2191.0863580038545,2102.6684954279854,170.50999450683594,-88.4178625758691,-0.040353435752491486,closed,False
SOL,12.207030248825232,178.13999938964844,169.00999450683594,2024-07-24 16:00:00+00:00,2024-07-25 08:00:00+00:00,2174.560361075147,2063.1101152987326,169.00999450683594,-111.45024577641425,-0.051251851993343145,closed,False
SOL,12.205681866163992,178.08999633789062,170.50999450683594,2024-07-24 20:00:00+00:00,2024-07-25 00:00:00+00:00,2173.7098388466034,2081.1907479518095,170.50999450683594,-92.51909089479386,-0.04256276032862123,closed,False
ETH,0.6512798325074334,3236.10009765625,3278.389892578125,2024-07-26 00:00:00+00:00,2024-07-30 20:00:00+00:00,2107.606729578851,2135.1492201323435,3278.389892578125,27.54249055349237,0.01306813560943412,closed,False
BCH,5.746502134364108,366.4700012207031,429.9800109863281,2024-07-26 00:00:00+00:00,2024-07-31 04:00:00+00:00,2105.920644195188,2470.881050866837,429.9800109863281,364.96040667164925,0.1733020698940557,closed,False
ETH,0.6502792390911087,3249.260009765625,3278.389892578125,2024-07-26 04:00:00+00:00,2024-07-30 20:00:00+00:00,2112.9263267595593,2131.8688847896847,3278.389892578125,18.942558030125383,0.008965082118682386,closed,False
BCH,5.667138930780297,372.5400085449219,424.6400146484375,2024-07-26 04:00:00+00:00,2024-07-31 08:00:00+00:00,2111.235985698151,2406.493958581276,424.6400146484375,295.2579728831247,0.13985076745719058,closed,False
PAXG,0.9183213060484545,2433.659912109375,2418.169921875,2024-08-01 00:00:00+00:00,2024-08-02 12:00:00+00:00,2234.8817489660482,2220.656960903339,2418.169921875,-14.224788062709194,-0.006364895175903686,closed,False
PAXG,0.9180271958496181,2432.199951171875,2420.0,2024-08-01 04:00:00+00:00,2024-08-05 00:00:00+00:00,2232.8257009198946,2221.625813956076,2420.0,-11.199886963818699,-0.005016014890550791,closed,False
PAXG,0.9175235403437305,2431.179931640625,2418.169921875,2024-08-01 08:00:00+00:00,2024-08-02 12:00:00+00:00,2230.664818091535,2218.727827871472,2418.169921875,-11.936990220062853,-0.005351315053364069,closed,False
PAXG,0.9162558395288007,2434.72998046875,2416.239990234375,2024-08-01 12:00:00+00:00,2024-08-05 04:00:00+00:00,2230.835562280335,2213.8940007552587,2416.239990234375,-16.941561525076395,-0.007594267283312859,closed,False
SOL,14.21064957715071,156.60000610351562,153.25999450683594,2024-08-02 12:00:00+00:00,2024-08-03 00:00:00+00:00,2225.3878105167228,2177.9240761326882,153.25999450683594,-47.463734384034524,-0.021328297998097556,closed,False
PAXG,0.9037008516760663,2446.159912109375,2420.0,2024-08-03 00:00:00+00:00,2024-08-05 00:00:00+00:00,2210.5967959090935,2186.95606105608,2420.0,-23.640734853013328,-0.01069427717291666,closed,False
PAXG,0.9037291139817899,2441.0,2368.820068359375,2024-08-03 04:00:00+00:00,2024-08-05 08:00:00+00:00,2206.002767229549,2140.771661560701,2368.820068359375,-65.23110566884816,-0.029569820418117558,closed,False
SOL,16.651276806908047,130.44000244140625,148.74000549316406,2024-08-05 12:00:00+00:00,2024-08-11 12:00:00+00:00,2171.992587345617,2476.7110037276984,148.74000549316406,304.7184163820816,0.14029440899449697,closed,False
SOL,16.813682437192856,128.74000549316406,145.82000732421875,2024-08-05 16:00:00+00:00,2024-08-11 16:00:00+00:00,2164.5935693245247,2451.7712961385505,145.82000732421875,287.17772681402585,0.1326705072415241,closed,False
SOL,16.718464954575225,129.7899932861328,148.74000549316406,2024-08-05 20:00:00+00:00,2024-08-11 12:00:00+00:00,2169.889454208765,2486.70456918079,148.74000549316406,316.81511497202473,0.14600518674235832,closed,False
SOL,16.276265567796763,138.7100067138672,141.5500030517578,2024-08-06 00:00:00+00:00,2024-08-11 20:00:00+00:00,2257.6809061857743,2303.9054407928525,141.5500030517578,46.22453460707811,0.020474343597639704,closed,False
PAXG,0.9582701926706001,2450.449951171875,2494.31005859375,2024-08-15 00:00:00+00:00,2024-08-19 08:00:00+00:00,2348.1931468391354,2390.2229804288486,2494.31005859375,42.029833589713235,0.017898797484478188,closed,False
PAXG,0.9567074274268379,2453.0,2482.820068359375,2024-08-15 04:00:00+00:00,2024-08-22 12:00:00+00:00,2346.8033194780332,2375.3324003638236,2482.820068359375,28.529080885790336,0.012156570876223093,closed,False
PAXG,0.9550116339705832,2456.989990234375,2494.31005859375,2024-08-15 08:00:00+00:00,2024-08-19 08:00:00+00:00,2346.4540252230977,2382.095124686878,2494.31005859375,35.64109946378039,0.015189344892615864,closed,False
PAXG,0.954690777736914,2454.1298828125,2484.330078125,2024-08-15 12:00:00+00:00,2024-08-22 16:00:00+00:00,2342.935166489667,2371.7670144403646,2484.330078125,28.831847950697465,0.012305866744872482,closed,False
AAVE,18.79660488797885,126.2300033569336,137.1300048828125,2024-08-20 00:00:00+00:00,2024-08-24 20:00:00+00:00,2372.695498108525,2577.5785200688374,137.1300048828125,204.88302196031236,0.08635032271256124,closed,False
AAVE,18.372931866104594,129.75999450683594,134.5399932861328,2024-08-20 04:00:00+00:00,2024-08-25 04:00:00+00:00,2384.071538020203,2471.8941299122876,134.5399932861328,87.82259189208435,0.03683723012985365,closed,False
SOL,15.179155233792077,160.63999938964844,154.24000549316406,2024-08-24 16:00:00+00:00,2024-08-27 08:00:00+00:00,2438.379487491738,2341.23298664168,154.24000549316406,-97.14650085005815,-0.039840599606580845,closed,False
ETH,0.8764751758547419,2769.760009765625,2679.02001953125,2024-08-24 20:00:00+00:00,2024-08-26 16:00:00+00:00,2427.625891634758,2348.0945427370266,2679.02001953125,-79.53134889773128,-0.03276095759720829,closed,False
SOL,15.088852163516984,160.75999450683594,146.8699951171875,2024-08-24 20:00:00+00:00,2024-08-27 20:00:00+00:00,2425.68379092145,2216.0996435797033,146.8699951171875,-209.58414734174676,-0.0864020892278509,closed,False
ETH,0.8673553592534787,2743.81005859375,2679.02001953125,2024-08-25 04:00:00+00:00,2024-08-26 16:00:00+00:00,2379.8583590948906,2323.6623714877887,2679.02001953125,-56.19598760710187,-0.023613164788712202,closed,False
ETH,0.9140853214414957,2524.010009765625,2448.659912109375,2024-08-28 08:00:00+00:00,2024-08-30 12:00:00+00:00,2307.160501098164,2238.2840828614026,2448.659912109375,-68.87641823676131,-0.029853327587732827,closed,False
ETH,0.9213302003562487,2496.75,2427.5,2024-08-28 12:00:00+00:00,2024-09-01 20:00:00+00:00,2300.331177739464,2236.5290613647935,2427.5,-63.80211637467028,-0.027736056873936144,closed,False
ETH,0.9190257698162003,2503.840087890625,2448.659912109375,2024-08-28 16:00:00+00:00,2024-08-30 12:00:00+00:00,2301.0935642703444,2250.3815607443876,2448.659912109375,-50.71200352595679,-0.022038218833590584,closed,False
ETH,0.9147274842232902,2528.360107421875,2449.010009765625,2024-08-28 20:00:00+00:00,2024-09-02 00:00:00+00:00,2312.7604802725396,2240.1767650705656,2449.010009765625,-72.58371520197397,-0.03138401742035154,closed,False
SOL,16.77158852853905,135.22000122070312,127.54000091552734,2024-09-01 16:00:00+00:00,2024-09-03 20:00:00+00:00,2267.8542213021806,2139.0484162847183,127.54000091552734,-128.80580501746226,-0.056796333647717086,closed,False
ETH,0.8857787536840965,2515.409912109375,2441.89990234375,2024-09-02 08:00:00+00:00,2024-09-03 12:00:00+00:00,2228.096656952865,2162.983052119364,2441.89990234375,-65.11360483350109,-0.029223869005104184,closed,False
ETH,0.8861470788606957,2515.090087890625,2372.669921875,2024-09-02 12:00:00+00:00,2024-09-04 00:00:00+00:00,2228.7397344557676,2102.5345203701663,2372.669921875,-126.20521408560126,-0.056626268260263735,closed,False
ETH,0.8842559802445946,2523.929931640625,2441.89990234375,2024-09-02 16:00:00+00:00,2024-09-03 12:00:00+00:00,2231.8001357715534,2159.2645918061526,2441.89990234375,-72.53554396540085,-0.032500913859979066,closed,False
SOL,16.830108805596467,129.75,127.54000091552734,2024-09-03 12:00:00+00:00,2024-09-03 20:00:00+00:00,2183.7066175261416,2146.512092474198,127.54000091552734,-37.1945250519434,-0.017032748242563834,closed,False
SOL,16.64815955506439,130.8300018310547,125.08999633789062,2024-09-03 16:00:00+00:00,2024-09-06 16:00:00+00:00,2178.0787450727644,2082.5182177756233,125.08999633789062,-95.5605272971411,-0.043873770639981456,closed,False
SOL,16.057771169109362,133.61000061035156,125.0199966430664,2024-09-04 20:00:00+00:00,2024-09-06 20:00:00+00:00,2145.4788157055877,2007.542497657181,125.0199966430664,-137.93631804840675,-0.06429162433982988,closed,False
SOL,16.193014750894825,131.55999755859375,125.08999633789062,2024-09-05 00:00:00+00:00,2024-09-06 16:00:00+00:00,2130.352981093996,2025.5841558888426,125.08999633789062,-104.76882520515323,-0.04917909197909143,closed,False
SOL,16.107909376804386,133.05999755859375,125.20999908447266,2024-09-05 04:00:00+00:00,2024-09-07 00:00:00+00:00,2143.318382351641,2016.8713183224456,125.20999908447266,-126.44706402919542,-0.058995931295311416,closed,False
ETH,0.8845056127982034,2296.919921875,2372.8798828125,2024-09-08 20:00:00+00:00,2024-09-15 16:00:00+00:00,2031.6385630464483,2098.8255748435995,2372.8798828125,67.18701179715117,0.03307035661717508,closed,False
ETH,0.881668540666333,2303.860107421875,2316.8701171875,2024-09-09 00:00:00+00:00,2024-09-15 20:00:00+00:00,2031.2409788100258,2042.711495134139,2316.8701171875,11.470516324113305,0.005647048500780615,closed,False
ETH,0.8787074837633204,2313.75,2372.8798828125,2024-09-09 04:00:00+00:00,2024-09-15 16:00:00+00:00,2033.1094405573826,2085.0673110987746,2372.8798828125,51.95787054139191,0.025555865072933562,closed,False
ETH,0.8779486946877829,2314.1201171875,2278.110107421875,2024-09-09 08:00:00+00:00,2024-09-16 00:00:00+00:00,2031.6787362355049,2000.0637951660801,2278.110107421875,-31.61494106942473,-0.015560994218999416,closed,False
PAXG,0.786129531651681,2592.89990234375,2574.7900390625,2024-09-17 00:00:00+00:00,2024-09-17 12:00:00+00:00,2038.3551858491815,2024.1184875096164,2574.7900390625,-14.23669833956501,-0.006984405092105663,closed,False
PAXG,0.7853358607021218,2593.580078125,2575.580078125,2024-09-17 04:00:00+00:00,2024-09-17 16:00:00+00:00,2036.831442954173,2022.695397461535,2575.580078125,-14.136045492638004,-0.006940213703759115,closed,False
PAXG,0.7856216940166745,2588.550048828125,2574.7900390625,2024-09-17 08:00:00+00:00,2024-09-17 12:00:00+00:00,2033.621074407297,2022.8109122255407,2574.7900390625,-10.810162181756368,-0.005315720965818085,closed,False
ETH,0.8493201838142614,2383.590087890625,2299.909912109375,2024-09-17 12:00:00+00:00,2024-09-18 08:00:00+00:00,2024.4311715851172,1953.3599093089763,2299.909912109375,-71.07126227614094,-0.03510678123993348,closed,False
ETH,0.7949981304825544,2519.97998046875,2677.1298828125,2024-09-20 00:00:00+00:00,2024-09-23 00:00:00+00:00,2003.3793733261202,2128.3132518949174,2677.1298828125,124.93387856879713,0.06236156777504156,closed,False
ETH,0.7843343846047333,2560.389892578125,2570.010009765625,2024-09-20 04:00:00+00:00,2024-09-25 16:00:00+00:00,2008.2018307434428,2015.747219437526,2570.010009765625,7.545388694083158,0.003757286034984756,closed,False
SOL,13.284311345503788,151.0500030517578,143.2899932861328,2024-09-20 04:00:00+00:00,2024-09-22 12:00:00+00:00,2006.595269278848,1903.5088835081358,143.2899932861328,-103.08638577071224,-0.051373780925816966,closed,False
ETH,0.7855190934440036,2544.659912109375,2677.1298828125,2024-09-20 08:00:00+00:00,2024-09-23 00:00:00+00:00,1998.8789472834542,2102.9366385787266,2677.1298828125,104.05769129527243,0.05205802554311278,closed,False
ETH,0.7673675790280765,2646.35009765625,2580.050048828125,2024-09-23 04:00:00+00:00,2024-09-25 20:00:00+00:00,2030.7232676991905,1979.8467597405088,2580.050048828125,-50.876507958681714,-0.025053392930453198,closed,False
ETH,0.7669849256496871,2645.010009765625,2570.010009765625,2024-09-23 08:00:00+00:00,2024-09-25 16:00:00+00:00,2028.682805682766,1971.1589362590396,2570.010009765625,-57.52386942372641,-0.02835528021561083,closed,False
ETH,0.7628990451490378,2675.7099609375,2629.68994140625,2024-09-23 12:00:00+00:00,2024-09-30 00:00:00+00:00,2041.296574294988,2006.1879453368574,2629.68994140625,-35.108628958130566,-0.017199180854088385,closed,False
PAXG,0.7447382348444955,2659.330078125,2652.739990234375,2024-09-25 16:00:00+00:00,2024-09-27 16:00:00+00:00,1980.504788251687,1975.5968978285528,2652.739990234375,-4.907890423134177,-0.0024781007611027655,closed,False
PAXG,0.7421373609852077,2660.489990234375,2650.010009765625,2024-09-25 20:00:00+00:00,2024-09-30 04:00:00+00:00,1974.4490202801,1966.6714352318454,2650.010009765625,-7.77758504825465,-0.003939116669191744,closed,False
SOL,12.59966360974867,157.5500030517578,155.64999389648438,2024-09-27 16:00:00+00:00,2024-09-30 08:00:00+00:00,1985.077040167025,1961.1375639551368,155.64999389648438,-23.939476211888177,-0.012059721475532205,closed,False
SOL,12.582457322860794,157.58999633789062,152.66000366210938,2024-09-27 20:00:00+00:00,2024-09-30 20:00:00+00:00,1982.8694034312975,1920.8379809862638,152.66000366210938,-62.03142244503374,-0.03128366514591943,closed,False
SOL,12.573210367709926,156.14999389648438,155.64999389648438,2024-09-30 00:00:00+00:00,2024-09-30 08:00:00+00:00,1963.3067221771191,1957.020116993264,155.64999389648438,-6.286605183855045,-0.003202049436719598,closed,False
PAXG,0.7307560813347277,2657.610107421875,2659.219970703125,2024-10-01 12:00:00+00:00,2024-10-02 04:00:00+00:00,1942.064747815174,1943.241165198065,2659.219970703125,1.1764173828908042,0.0006057560048985368,closed,False
PAXG,0.7269980367891035,2672.1298828125,2663.489990234375,2024-10-01 16:00:00+00:00,2024-10-02 08:00:00+00:00,1942.6331788501845,1936.351993907819,2663.489990234375,-6.2811849423655985,-0.0032333355626528205,closed,False
PAXG,0.7225773835152219,2695.929931640625,2659.219970703125,2024-10-01 20:00:00+00:00,2024-10-02 04:00:00+00:00,1948.0179961452538,1921.4922086220893,2659.219970703125,-26.52578752316458,-0.013616808251080801,closed,False
SOL,13.753348290381123,140.07000732421875,136.8699951171875,2024-10-02 16:00:00+00:00,2024-10-03 08:00:00+00:00,1926.4315957662152,1882.4207133494433,136.8699951171875,-44.01088241677189,-0.022845805952049436,closed,False
PAXG,0.7225443946536547,2674.780029296875,2669.989990234375,2024-10-03 00:00:00+00:00,2024-10-04 12:00:00+00:00,1932.6473170999955,1929.186301225214,2669.989990234375,-3.461015874781424,-0.0017908160708673937,closed,False
XMR,13.1984455784413,144.94000244140625,147.77000427246094,2024-10-04 00:00:00+00:00,2024-10-06 20:00:00+00:00,1912.9827343620495,1950.334359516114,147.77000427246094,37.35162515406455,0.019525333126710495,closed,False
XMR,13.054619559023228,146.83999633789062,145.80999755859375,2024-10-04 04:00:00+00:00,2024-10-07 08:00:00+00:00,1916.9402882395261,1903.4940460295472,145.80999755859375,-13.446242209978891,-0.0070144293447594085,closed,False
XMR,13.106359194132331,145.66000366210938,147.77000427246094,2024-10-04 08:00:00+00:00,2024-10-06 20:00:00+00:00,1909.0723282142362,1936.7267541133422,147.77000427246094,27.654425899105945,0.014485792649340924,closed,False
ETH,0.7896409056740606,2415.110107421875,2422.10009765625,2024-10-04 12:00:00+00:00,2024-10-07 20:00:00+00:00,1907.0697325271872,1912.589314746512,2422.10009765625,5.519582219324775,0.0028942739351279006,closed,False
ETH,0.7880192624104184,2440.030029296875,2415.8701171875,2024-10-06 20:00:00+00:00,2024-10-09 16:00:00+00:00,1922.7906639457951,1903.752187825465,2415.8701171875,-19.038476120330188,-0.009901481465101858,closed,False
ETH,0.7754608895654924,2494.6298828125,2422.10009765625,2024-10-07 00:00:00+00:00,2024-10-07 20:00:00+00:00,1934.4879080624414,1878.2438963451816,2422.10009765625,-56.24401171725981,-0.02907436716603367,closed,False
ETH,0.7760699055606961,2473.97998046875,2366.780029296875,2024-10-07 08:00:00+00:00,2024-10-09 20:00:00+00:00,1919.9814098014356,1836.7867538193673,2366.780029296875,-83.1946559820683,-0.043330969538227085,closed,False
PAXG,0.6999314554620563,2670.43994140625,2664.719970703125,2024-10-12 00:00:00+00:00,2024-10-13 16:00:00+00:00,1869.1249149124849,1865.1213274930462,2664.719970703125,-4.003587419438645,-0.0021419581898977037,closed,False
PAXG,0.7005806852860632,2664.679931640625,2733.530029296875,2024-10-12 04:00:00+00:00,2024-10-21 20:00:00+00:00,1866.823292576809,1915.058341174837,2733.530029296875,48.235048598028015,0.025838036620728214,closed,False
PAXG,0.6993578339122581,2668.889892578125,2664.719970703125,2024-10-12 08:00:00+00:00,2024-10-13 16:00:00+00:00,1866.5090542237567,1863.5927866936736,2664.719970703125,-2.9162675300831324,-0.0015624180999732407,closed,False
PAXG,0.6990241808191744,2666.72998046875,2745.260009765625,2024-10-12 12:00:00+00:00,2024-10-27 20:00:00+00:00,1864.1087400631009,1919.0031294620546,2745.260009765625,54.89438939895376,0.029448061810544143,closed,False
ETH,0.7094931137124134,2617.969970703125,2572.72998046875,2024-10-14 16:00:00+00:00,2024-10-15 12:00:00+00:00,1857.4316661197558,1825.33420458405,2572.72998046875,-32.09746153570586,-0.017280561175506744,closed,False
SOL,11.929204903868321,155.5800018310547,149.35000610351562,2024-10-14 16:00:00+00:00,2024-10-17 16:00:00+00:00,1855.94572078686,1781.6268252028224,149.35000610351562,-74.31889558403759,-0.04004367948461813,closed,False
ETH,0.712578831468236,2590.989990234375,2676.530029296875,2024-10-15 16:00:00+00:00,2024-10-21 12:00:00+00:00,1846.284619587107,1907.2386406660105,2676.530029296875,60.95402107890345,0.033014422820970515,closed,False
ETH,0.6997859445878449,2652.6201171875,2665.780029296875,2024-10-18 12:00:00+00:00,2024-10-21 20:00:00+00:00,1856.2662743387746,1865.4753958649267,2665.780029296875,9.209121526152103,0.004961099414162716,closed,False
PAXG,0.6821925056113164,2735.14990234375,2745.610107421875,2024-10-21 12:00:00+00:00,2024-11-01 16:00:00+00:00,1865.8987651024302,1873.0346386138845,2745.610107421875,7.135873511454292,0.0038243626315185232,closed,False
SOL,11.088637038583844,167.7100067138672,167.8699951171875,2024-10-22 12:00:00+00:00,2024-10-25 16:00:00+00:00,1859.675392188533,1861.4494455233344,167.8699951171875,1.774053334801465,0.0009539586006532545,closed,False
SOL,11.05793993095414,168.4499969482422,164.7100067138672,2024-10-22 16:00:00+00:00,2024-10-25 20:00:00+00:00,1862.7099476230703,1821.3533602689963,164.7100067138672,-41.35658735407401,-0.022202376385463286,closed,False
ETH,0.7406901029388067,2497.0,2560.60009765625,2024-10-27 12:00:00+00:00,2024-10-31 12:00:00+00:00,1849.5031870382002,1896.611149918126,2560.60009765625,47.107962879925935,0.025470603787044434,closed,False
ETH,0.7420113456185445,2489.39990234375,2512.06005859375,2024-10-27 16:00:00+00:00,2024-10-31 16:00:00+00:00,1847.1629713207592,1863.9770643517484,2512.06005859375,16.81409303098917,0.009102658126027044,closed,False
ETH,0.7369643202617168,2505.419921875,2560.60009765625,2024-10-27 20:00:00+00:00,2024-10-31 12:00:00+00:00,1846.4050896947729,1887.070910431324,2560.60009765625,40.66582073655104,0.02202432227007859,closed,False
ETH,0.7549557823543038,2455.530029296875,2395.919921875,2024-11-03 20:00:00+00:00,2024-11-04 20:00:00+00:00,1853.816594362309,1808.813599077403,2395.919921875,-45.002995284905865,-0.024275861712407622,closed,False
ETH,0.7504434003343038,2471.5400390625,2579.590087890625,2024-11-04 00:00:00+00:00,2024-11-06 00:00:00+00:00,1854.7509109764405,1935.8363570253061,2579.590087890625,81.0854460488656,0.0437177011581452,closed,False
ETH,0.7525649087459656,2456.639892578125,2395.919921875,2024-11-04 04:00:00+00:00,2024-11-04 20:00:00+00:00,1848.7809765797554,1803.0852573685004,2395.919921875,-45.69571921125498,-0.024716675360751526,closed,False
ETH,0.75060812901398,2467.77001953125,3164.489990234375,2024-11-04 08:00:00+00:00,2024-11-13 04:00:00+00:00,1852.3282371971445,2375.291910853292,3164.489990234375,522.9636736561474,0.2823277554994634,closed,False
ETH,0.7452448719525632,2439.010009765625,2579.590087890625,2024-11-05 12:00:00+00:00,2024-11-06 00:00:00+00:00,1817.6597024188031,1922.42628474015,2579.590087890625,104.76658232134696,0.05763817186568617,closed,False
ETH,0.7483508158155467,2408.820068359375,3171.97998046875,2024-11-05 16:00:00+00:00,2024-11-13 08:00:00+00:00,1802.6424633095994,2373.753806134371,3171.97998046875,571.1113428247718,0.3168189779443162,closed,False
ETH,0.7339968453296174,2595.669921875,3164.489990234375,2024-11-06 04:00:00+00:00,2024-11-13 04:00:00+00:00,1905.2135341732244,2322.725669909183,3164.489990234375,417.51213573595874,0.21914191152181792,closed,False
ETH,0.7295968743093686,2630.639892578125,3164.0,2024-11-06 08:00:00+00:00,2024-11-13 16:00:00+00:00,1919.3066430585332,2308.4445103148423,3164.0,389.13786725630916,0.20274919000759256,closed,False
SOL,10.54748291692292,211.1999969482422,244.19000244140625,2024-11-13 16:00:00+00:00,2024-11-24 12:00:00+00:00,2227.6283598657574,2575.5898792340986,244.19000244140625,347.9615193683412,0.15620267978151897,closed,False
SOL,10.372378462753478,215.4600067138672,245.25999450683594,2024-11-13 20:00:00+00:00,2024-11-25 12:00:00+00:00,2234.832733223636,2543.929484797741,245.25999450683594,309.0967515741054,0.13830867383450599,closed,False
SOL,10.251162165064407,219.47000122070312,244.19000244140625,2024-11-14 00:00:00+00:00,2024-11-24 12:00:00+00:00,2249.8225728803113,2503.231314114329,244.19000244140625,253.40874123401773,0.11263498921588021,closed,False
SOL,9.837439366509535,244.1699981689453,239.80999755859375,2024-11-18 00:00:00+00:00,2024-11-25 16:00:00+00:00,2402.007552107744,2359.1163104654656,239.80999755859375,-42.891241642278146,-0.01785641415017259,closed,False
SOL,10.153488087444142,234.97999572753906,228.7100067138672,2024-11-27 08:00:00+00:00,2024-12-02 00:00:00+00:00,2385.866587407243,2322.20432864852,228.7100067138672,-63.662258758723056,-0.026683075698673404,closed,False
SOL,9.947923184876368,240.83999633789062,228.6999969482422,2024-11-27 12:00:00+00:00,2024-12-02 04:00:00+00:00,2395.8577834152416,2275.090002022573,228.6999969482422,-120.76778139266844,-0.05040690738350783,closed,False
SOL,9.975323029444585,239.41000366210938,228.7100067138672,2024-11-27 16:00:00+00:00,2024-12-02 00:00:00+00:00,2388.192123010052,2281.456197037265,228.7100067138672,-106.73592597278684,-0.04469319069617314,closed,False
SOL,9.92085076896048,242.25999450683594,224.9199981689453,2024-11-27 20:00:00+00:00,2024-12-02 08:00:00+00:00,2403.425252791505,2231.397736788971,224.9199981689453,-172.02751600253396,-0.07157597924159666,closed,False
ETH,0.6292760957021232,3690.5400390625,3573.39990234375,2024-12-02 00:00:00+00:00,2024-12-03 12:00:00+00:00,2322.368626813611,2248.655138929223,3573.39990234375,-73.71348788438809,-0.03174064919466559,closed,False
SOL,9.982712154495553,227.1199951171875,232.02999877929688,2024-12-03 04:00:00+00:00,2024-12-09 00:00:00+00:00,2267.2735357853185,2316.2886890216755,232.02999877929688,49.01515323635704,0.02161854423947113,closed,False
SOL,10.031607380058018,225.4499969482422,225.97000122070312,2024-12-03 08:00:00+00:00,2024-12-09 08:00:00+00:00,2261.625853220044,2266.842331917325,225.97000122070312,5.216478697280763,0.0023065170969166614,closed,False
SOL,9.773153702724313,234.0399932861328,232.02999877929688,2024-12-03 20:00:00+00:00,2024-12-09 00:00:00+00:00,2287.3088269699424,2267.664841713003,232.02999877929688,-19.64398525693923,-0.008588252283781954,closed,False
SOL,9.705126948459888,237.8000030517578,224.22999572753906,2024-12-04 00:00:00+00:00,2024-12-09 12:00:00+00:00,2307.8792179614584,2176.180574188385,224.22999572753906,-131.6986437730734,-0.05706479037035671,closed,False
SOL,10.149735792473047,219.30999755859375,222.55999755859375,2024-12-11 00:00:00+00:00,2024-12-14 12:00:00+00:00,2225.9385318676354,2258.925173193173,222.55999755859375,32.986641325537676,0.014819205855545706,closed,False
AAVE,8.265171797084863,269.1000061035156,339.760009765625,2024-12-11 00:00:00+00:00,2024-12-18 20:00:00+00:00,2224.157781042142,2808.174850492121,339.760009765625,584.0170694499793,0.2625789745799126,closed,False
ETH,0.607251110427763,3655.010009765625,3893.52001953125,2024-12-11 04:00:00+00:00,2024-12-17 20:00:00+00:00,2219.5088870547647,2364.344355333077,3893.52001953125,144.83546827831242,0.06525563791299148,closed,False
SOL,10.141918409089168,218.6699981689453,222.55999755859375,2024-12-11 04:00:00+00:00,2024-12-14 12:00:00+00:00,2217.733279945121,2257.185336366342,222.55999755859375,39.45205642122119,0.017789360324789574,closed,False
SOL,10.957307753167408,221.14999389648438,215.4600067138672,2024-12-15 16:00:00+00:00,2024-12-17 00:00:00+00:00,2423.208542734873,2360.8616020633585,215.4600067138672,-62.3469406715144,-0.025729085867759703,closed,False
SOL,10.856845200056133,224.2100067138672,211.72000122070312,2024-12-15 20:00:00+00:00,2024-12-18 16:00:00+00:00,2434.2133351960024,2298.6112790088696,211.72000122070312,-135.6020561871328,-0.05570672636883495,closed,False
SOL,10.860689026833679,220.3800048828125,208.77999877929688,2024-12-17 12:00:00+00:00,2024-12-19 00:00:00+00:00,2393.4787007643145,2267.4946417646584,208.77999877929688,-125.9840589996561,-0.052636381915337434,closed,False
SOL,10.760598376089463,223.22999572753906,211.72000122070312,2024-12-17 20:00:00+00:00,2024-12-18 16:00:00+00:00,2402.0883295202148,2278.233901321157,211.72000122070312,-123.85442819905757,-0.05156114647282593,closed,False
ETH,0.6516947282236542,3478.14990234375,3242.489990234375,2024-12-20 16:00:00+00:00,2024-12-22 16:00:00+00:00,2266.6919553290395,2113.11363295371,3242.489990234375,-153.57832237532966,-0.0677543863047927,closed,False
AAVE,6.733896136127253,336.3399963378906,347.8500061035156,2024-12-20 16:00:00+00:00,2024-12-26 04:00:00+00:00,2264.8786017647762,2342.3858120523055,347.8500061035156,77.50721028752923,0.03422135306816718,closed,False
ETH,0.6493087388655295,3472.0,3242.489990234375,2024-12-20 20:00:00+00:00,2024-12-22 16:00:00+00:00,2254.3999413411184,2105.377086343185,3242.489990234375,-149.02285499793334,-0.06610311341175835,closed,False
AAVE,6.8157229088897,330.5,340.25,2024-12-20 20:00:00+00:00,2024-12-26 08:00:00+00:00,2252.5964213880457,2319.04971974972,340.25,66.45329836167457,0.029500756429652043,closed,False
ETH,0.6485185872218006,3463.14990234375,3242.489990234375,2024-12-21 00:00:00+00:00,2024-12-22 16:00:00+00:00,2245.9170820052855,2102.815027547627,3242.489990234375,-143.1020544576586,-0.06371653504228604,closed,False
AAVE,6.910989054936521,300.5299987792969,347.8500061035156,2024-12-22 16:00:00+00:00,2024-12-26 04:00:00+00:00,2076.9595322438067,2403.9875849409987,347.8500061035156,327.0280526971919,0.15745518755673246,closed,False
AAVE,6.736819772696533,318.7200012207031,336.19000244140625,2024-12-22 20:00:00+00:00,2024-12-26 12:00:00+00:00,2147.159206177496,2264.8514558301613,336.19000244140625,117.6922496526654,0.05481300562811471,closed,False
