timestamp,core_equity,idle,spy
2022-01-31 00:00:00+00:00,10000.0,0.8871688812404942,423.32891845703125
2022-02-01 00:00:00+00:00,10006.692779604165,0.8865755157875328,426.1893615722656
2022-02-02 00:00:00+00:00,10021.152273693064,0.9126403252019495,430.329345703125
2022-02-03 00:00:00+00:00,9988.28232440057,0.915712880725808,420.21441650390625
2022-02-04 00:00:00+00:00,9983.633186004074,0.888655127052713,422.1904296875
2022-02-07 00:00:00+00:00,9987.921229728774,0.8357766368444887,420.8354797363281
2022-02-08 00:00:00+00:00,10008.56008391543,0.8340531649368594,424.2979736328125
2022-02-09 00:00:00+00:00,10037.486830235111,0.8316495309667922,430.5081481933594
2022-02-10 00:00:00+00:00,10000.556616754659,0.8347206594945848,422.773681640625
2022-02-11 00:00:00+00:00,9976.499910493296,0.7872825055022731,414.437255859375
2022-02-14 00:00:00+00:00,9964.758927372339,0.7882101215816883,413.082275390625
2022-02-15 00:00:00+00:00,9988.336118879242,0.8145924411911601,419.7440490722656
2022-02-16 00:00:00+00:00,9979.744888796326,0.8152936967006007,420.21441650390625
2022-02-17 00:00:00+00:00,9962.8617919434,0.8166752959571624,411.2380676269531
2022-02-18 00:00:00+00:00,9972.078312789567,0.7676995965162507,408.57537841796875
2022-02-22 00:00:00+00:00,9961.069433338282,0.7454916093034032,404.19061279296875
2022-02-23 00:00:00+00:00,9910.118126465934,0.7268447035498398,397.020751953125
2022-02-24 00:00:00+00:00,9920.993579714135,0.7260479319837012,402.9956359863281
2022-02-25 00:00:00+00:00,9979.871505193614,0.7501903402039337,411.8872375488281
2022-02-28 00:00:00+00:00,9951.097481003806,0.7297887612442515,410.8335266113281
2022-03-01 00:00:00+00:00,9919.31656941247,0.7101631530033248,404.576416015625
2022-03-02 00:00:00+00:00,10005.976606558303,0.7296551780229127,412.0190734863281
2022-03-03 00:00:00+00:00,9975.782951340694,0.7318636219095157,409.96783447265625
2022-03-04 00:00:00+00:00,9931.522110896896,0.7351252467273686,406.636962890625
2022-03-07 00:00:00+00:00,9830.961050464524,0.6841395817379756,394.6496276855469
2022-03-08 00:00:00+00:00,9880.374462299815,0.6807180848064339,391.6575622558594
2022-03-09 00:00:00+00:00,9992.03307896887,0.6965944736649748,402.1582336425781
2022-03-10 00:00:00+00:00,9975.82972129337,0.6977259253564043,400.3423156738281
2022-03-11 00:00:00+00:00,9969.34981162258,0.6981794354705751,395.25189208984375
2022-03-14 00:00:00+00:00,10002.203197015917,0.6958861849121322,392.3633117675781
2022-03-15 00:00:00+00:00,10094.088527115811,0.7372876696891077,400.9914855957031
2022-03-16 00:00:00+00:00,10252.022274422041,0.9030616306512499,409.8832092285156
2022-03-17 00:00:00+00:00,10241.735077815201,0.9039687008373092,415.01116943359375
2022-03-18 00:00:00+00:00,10269.919438830728,0.9543910672373456,419.5567626953125
2022-03-21 00:00:00+00:00,10256.899381657648,0.9556025665217326,419.4340515136719
2022-03-22 00:00:00+00:00,10265.169285009348,0.9548327067514399,424.34197998046875
2022-03-23 00:00:00+00:00,10251.096453912862,0.9561435128167156,418.87713623046875
2022-03-24 00:00:00+00:00,10253.645842842936,0.9559057845272371,425.1914367675781
2022-03-25 00:00:00+00:00,10259.845253734067,0.9553281878301194,427.2679443359375
2022-03-28 00:00:00+00:00,10257.127595919415,0.9777815689419864,430.3070983886719
2022-03-29 00:00:00+00:00,10262.795577918494,1.0,435.63031005859375
2022-03-30 00:00:00+00:00,10262.795577918494,1.0,432.94036865234375
2022-03-31 00:00:00+00:00,10262.795577918494,1.0,426.27685546875
2022-04-01 00:00:00+00:00,10262.795577918494,1.0,427.4849853515625
2022-04-04 00:00:00+00:00,10262.795577918494,1.0,431.1471252441406
2022-04-05 00:00:00+00:00,10262.795577918494,1.0,425.7010803222656
2022-04-06 00:00:00+00:00,10262.795577918494,1.0,421.44439697265625
2022-04-07 00:00:00+00:00,10262.795577918494,1.0,423.5680847167969
2022-04-08 00:00:00+00:00,10262.795577918494,1.0,422.43536376953125
2022-04-11 00:00:00+00:00,10262.795577918494,1.0,415.21514892578125
2022-04-12 00:00:00+00:00,10262.795577918494,1.0,413.6766357421875
2022-04-13 00:00:00+00:00,10262.795577918494,1.0,418.4146728515625
2022-04-14 00:00:00+00:00,10262.795577918494,1.0,413.20465087890625
2022-04-18 00:00:00+00:00,10262.641712917324,0.9700145429466709,413.37457275390625
2022-04-19 00:00:00+00:00,10268.470055224652,0.9694639665931369,420.0475158691406
2022-04-20 00:00:00+00:00,10267.528632659392,0.9404662703884217,419.73602294921875
2022-04-21 00:00:00+00:00,10254.164013401782,0.9134412533526738,413.4595642089844
2022-04-22 00:00:00+00:00,10213.146998491198,0.9457191602265165,402.1145324707031
2022-04-25 00:00:00+00:00,10203.934719480083,0.9728522635260778,404.4458312988281
2022-04-26 00:00:00+00:00,10188.7452307427,0.9743026019303969,392.7326965332031
2022-04-27 00:00:00+00:00,10175.58436925432,0.9462958597396613,393.8370361328125
2022-04-28 00:00:00+00:00,10202.082301163606,0.9155228984204489,403.7850646972656
2022-04-29 00:00:00+00:00,10160.905178900086,0.8916560680391522,388.8630065917969
2022-05-02 00:00:00+00:00,10160.905178900086,0.887524906320924,391.20367431640625
2022-05-03 00:00:00+00:00,10156.25158256492,0.8612936232836768,392.9970397949219
2022-05-04 00:00:00+00:00,10199.448311141854,0.8868128183980968,404.9649353027344
2022-05-05 00:00:00+00:00,10130.286290304211,0.8660812938938829,390.57135009765625
2022-05-06 00:00:00+00:00,10111.893511471577,0.7450862717172566,388.24005126953125
2022-05-09 00:00:00+00:00,10013.178043532025,0.6867241387494027,375.80963134765625
2022-05-10 00:00:00+00:00,10026.22137252505,0.6858307644126156,376.677978515625
2022-05-11 00:00:00+00:00,9884.426593477085,0.674799116870163,370.6939697265625
2022-05-12 00:00:00+00:00,10011.500378540779,0.6462470180626332,370.3070373535156
2022-05-13 00:00:00+00:00,10151.670048164575,0.6571974366459853,379.1602783203125
2022-05-16 00:00:00+00:00,10119.535717873969,0.659284350520702,377.6217346191406
2022-05-17 00:00:00+00:00,10218.687177657124,0.678005112362291,385.3896484375
2022-05-18 00:00:00+00:00,10069.213357775581,0.6149719232414032,369.8540344238281
2022-05-19 00:00:00+00:00,10016.343094514805,0.639606054610085,367.5887145996094
2022-05-20 00:00:00+00:00,10043.58677616039,0.60017291269218,367.7492370605469
2022-05-23 00:00:00+00:00,10105.601619948417,0.620841822081141,374.6298522949219
2022-05-24 00:00:00+00:00,10005.599292175384,0.6270469104095849,371.7700500488281
2022-05-25 00:00:00+00:00,10114.945703318,0.6202682947568224,375.0545959472656
2022-05-26 00:00:00+00:00,10220.320076887556,0.6587917353208876,382.54864501953125
2022-05-27 00:00:00+00:00,10339.853078162902,0.8204768315336226,391.93994140625
2022-05-31 00:00:00+00:00,10339.168463357808,0.8466614110401871,389.7407531738281
2022-06-01 00:00:00+00:00,10300.956482091831,0.8498021494787522,386.5882873535156
2022-06-02 00:00:00+00:00,10362.398564263265,0.9596331045314749,393.9502868652344
2022-06-03 00:00:00+00:00,10361.291780327356,0.9597356116828013,387.4848937988281
2022-06-06 00:00:00+00:00,10356.756553009716,0.9601558802428988,388.6647644042969
2022-06-07 00:00:00+00:00,10349.872625654352,0.9810283357591836,392.3929443359375
2022-06-08 00:00:00+00:00,10350.779012401435,0.9809424300432004,388.12677001953125
2022-06-09 00:00:00+00:00,10348.07251788464,0.9811989913790061,378.89599609375
2022-06-10 00:00:00+00:00,10341.929308800296,0.9817818333592022,367.90960693359375
2022-06-13 00:00:00+00:00,10335.368236940312,0.8966145966674102,353.94073486328125
2022-06-14 00:00:00+00:00,10313.034763205405,0.89855626747574,352.8742370605469
2022-06-15 00:00:00+00:00,10316.23178773802,0.8982778027717512,357.9049987792969
2022-06-16 00:00:00+00:00,10255.138858651882,0.8502246317462402,346.0597229003906
2022-06-17 00:00:00+00:00,10265.940862836454,0.8493300103810232,346.80572509765625
2022-06-21 00:00:00+00:00,10289.252999763963,0.8219835307781582,355.5360412597656
2022-06-22 00:00:00+00:00,10300.575511846446,0.8210799969466618,354.8915100097656
2022-06-23 00:00:00+00:00,10300.086666837846,0.8211189656341255,358.3703918457031
2022-06-24 00:00:00+00:00,10391.062022585302,0.8139299420437377,369.7643127441406
2022-06-27 00:00:00+00:00,10382.476139754812,0.8146030287930399,368.3519592285156
2022-06-28 00:00:00+00:00,10370.80941158419,0.8155194232350473,360.82550048828125
2022-06-29 00:00:00+00:00,10337.327253821728,0.8181608555237477,360.5316467285156
2022-06-30 00:00:00+00:00,10320.75201420758,0.8194748307267712,357.6025695800781
2022-07-01 00:00:00+00:00,10349.311628593514,0.8469414798371244,361.3847351074219
2022-07-05 00:00:00+00:00,10361.387529636713,0.874494698564893,362.06719970703125
2022-07-06 00:00:00+00:00,10337.641026116975,0.9051061074861425,363.2901306152344
2022-07-07 00:00:00+00:00,10375.449499266237,0.9199932729586814,368.7310791015625
2022-07-08 00:00:00+00:00,10363.932582845038,0.9210156151582312,368.42779541015625
2022-07-11 00:00:00+00:00,10345.063825696141,0.92269549072648,364.2190246582031
2022-07-12 00:00:00+00:00,10362.10244614547,0.9769998891748041,360.9960632324219
2022-07-13 00:00:00+00:00,10357.025447318267,0.977478813101056,359.1001892089844
2022-07-14 00:00:00+00:00,10347.443682461513,0.9783839615055328,358.2281799316406
2022-07-15 00:00:00+00:00,10358.0265531847,0.9773843395284035,365.0721435546875
2022-07-18 00:00:00+00:00,10369.467506636467,0.9763059612292404,362.0577392578125
2022-07-19 00:00:00+00:00,10383.638756643162,1.0,371.8403015136719
2022-07-20 00:00:00+00:00,10383.638756643162,1.0,374.2100524902344
2022-07-21 00:00:00+00:00,10383.638756643162,1.0,378.0206604003906
2022-07-22 00:00:00+00:00,10383.638756643162,1.0,374.5133972167969
2022-07-25 00:00:00+00:00,10383.638756643162,1.0,374.9684143066406
2022-07-26 00:00:00+00:00,10383.638756643162,1.0,370.5321960449219
2022-07-27 00:00:00+00:00,10383.483079900185,0.9700145429466709,380.15362548828125
2022-07-28 00:00:00+00:00,10389.090936700508,0.9694909453880183,384.921630859375
2022-07-29 00:00:00+00:00,10389.027326867217,0.9694968813775457,390.5332946777344
2022-08-01 00:00:00+00:00,10389.027326867217,1.0,389.3767395019531
2022-08-02 00:00:00+00:00,10389.027326867217,1.0,386.80792236328125
2022-08-03 00:00:00+00:00,10389.027326867217,1.0,392.8651428222656
2022-08-04 00:00:00+00:00,10389.027326867217,1.0,392.5997009277344
2022-08-05 00:00:00+00:00,10389.027326867217,1.0,391.9361572265625
2022-08-08 00:00:00+00:00,10389.027326867217,1.0,391.4811706542969
2022-08-09 00:00:00+00:00,10389.027326867217,1.0,389.9266052246094
2022-08-10 00:00:00+00:00,10389.027326867217,1.0,398.1166076660156
2022-08-11 00:00:00+00:00,10389.027326867217,1.0,398.1166076660156
2022-08-12 00:00:00+00:00,10389.027326867217,1.0,404.8562927246094
2022-08-15 00:00:00+00:00,10389.027326867217,1.0,406.5246276855469
2022-08-16 00:00:00+00:00,10389.027326867217,1.0,407.3209533691406
2022-08-17 00:00:00+00:00,10389.027326867217,1.0,404.42974853515625
2022-08-18 00:00:00+00:00,10389.027326867217,1.0,405.605224609375
2022-08-19 00:00:00+00:00,10389.027326867217,1.0,400.1546630859375
2022-08-22 00:00:00+00:00,10389.027326867217,1.0,391.82244873046875
2022-08-23 00:00:00+00:00,10389.027326867217,1.0,390.87451171875
2022-08-24 00:00:00+00:00,10389.027326867217,1.0,392.12579345703125
2022-08-25 00:00:00+00:00,10389.027326867217,1.0,397.6615905761719
2022-08-26 00:00:00+00:00,10389.027326867217,1.0,384.2011413574219
2022-08-29 00:00:00+00:00,10389.027326867217,1.0,381.6607360839844
2022-08-30 00:00:00+00:00,10389.027326867217,1.0,377.4709167480469
2022-08-31 00:00:00+00:00,10389.027326867217,1.0,374.59869384765625
2022-09-01 00:00:00+00:00,10389.027326867217,1.0,375.7741394042969
2022-09-02 00:00:00+00:00,10389.027326867217,1.0,371.81182861328125
2022-09-06 00:00:00+00:00,10389.027326867217,1.0,370.4089660644531
2022-09-07 00:00:00+00:00,10389.027326867217,1.0,377.0633544921875
2022-09-08 00:00:00+00:00,10388.87156933608,0.9700145429466708,379.5279235839844
2022-09-09 00:00:00+00:00,10391.18925312558,0.969798187828214,385.4239501953125
2022-09-12 00:00:00+00:00,10397.160333077523,0.9692412335896273,389.5663757324219
2022-09-13 00:00:00+00:00,10389.280984724952,0.9126507167757485,372.6270751953125
2022-09-14 00:00:00+00:00,10392.307413138007,0.912384936333481,374.0489807128906
2022-09-15 00:00:00+00:00,10387.480164811412,0.8588619297421268,369.8022155761719
2022-09-16 00:00:00+00:00,10378.4001649228,0.8088101943150996,366.9810485839844
2022-09-19 00:00:00+00:00,10379.94198856265,0.8086900546573711,369.8269958496094
2022-09-20 00:00:00+00:00,10345.186187890495,0.8114069386104242,365.5818786621094
2022-09-21 00:00:00+00:00,10313.344488402341,0.8139120983993646,359.2048034667969
2022-09-22 00:00:00+00:00,10293.06134666247,0.8155159647224758,356.1875305175781
2022-09-23 00:00:00+00:00,10290.612055588444,0.8157100674602266,350.2197265625
2022-09-26 00:00:00+00:00,10273.866899908344,0.8170395758335119,346.7550354003906
2022-09-27 00:00:00+00:00,10262.998296596292,0.793367682926473,345.8698425292969
2022-09-28 00:00:00+00:00,10301.163077879139,0.7904283348288985,352.6753845214844
2022-09-29 00:00:00+00:00,10265.865919063985,0.7693516850272282,345.3082580566406
2022-09-30 00:00:00+00:00,10227.298764831101,0.7722529110281549,339.9685974121094
2022-10-03 00:00:00+00:00,10290.472247511256,0.7675120298784744,348.94427490234375
2022-10-04 00:00:00+00:00,10366.99276826004,0.8460850006746382,359.7568359375
2022-10-05 00:00:00+00:00,10364.658432240738,0.8718799931584867,358.91925048828125
2022-10-06 00:00:00+00:00,10357.333327230299,0.8724966202674739,355.21673583984375
2022-10-07 00:00:00+00:00,10330.717360422545,0.874744512671721,345.3082580566406
2022-10-10 00:00:00+00:00,10334.425573145829,0.9267547627225583,342.6717834472656
2022-10-11 00:00:00+00:00,10329.235568252763,0.927220417874038,340.50164794921875
2022-10-12 00:00:00+00:00,10328.895601304412,0.9272509365575526,339.3785095214844
2022-10-13 00:00:00+00:00,10352.39982191718,0.9757273916948472,348.33502197265625
2022-10-14 00:00:00+00:00,10350.505690636148,0.9759059487460301,340.3969421386719
2022-10-17 00:00:00+00:00,10358.225483620856,1.0,349.14410400390625
2022-10-18 00:00:00+00:00,10358.225483620856,1.0,353.2464599609375
2022-10-19 00:00:00+00:00,10358.225483620856,1.0,350.7431945800781
2022-10-20 00:00:00+00:00,10358.225483620856,1.0,347.802001953125
2022-10-21 00:00:00+00:00,10358.225483620856,1.0,356.2541198730469
2022-10-24 00:00:00+00:00,10358.225483620856,1.0,360.6134948730469
2022-10-25 00:00:00+00:00,10358.225483620856,1.0,366.3719482421875
2022-10-26 00:00:00+00:00,10358.225483620856,1.0,363.6116638183594
2022-10-27 00:00:00+00:00,10358.225483620856,1.0,361.669921875
2022-10-28 00:00:00+00:00,10358.225483620856,1.0,370.27435302734375
2022-10-31 00:00:00+00:00,10358.225483620856,1.0,367.5997314453125
2022-11-01 00:00:00+00:00,10358.225483620856,1.0,365.9911804199219
2022-11-02 00:00:00+00:00,10358.07018788647,0.9700145429466708,356.8062438964844
2022-11-03 00:00:00+00:00,10358.971188167903,1.0,353.1321716308594
2022-11-04 00:00:00+00:00,10358.971188167903,1.0,358.2148742675781
2022-11-07 00:00:00+00:00,10358.971188167903,1.0,361.6414489746094
2022-11-08 00:00:00+00:00,10358.971188167903,1.0,363.5926513671875
2022-11-09 00:00:00+00:00,10358.971188167903,1.0,356.1018371582031
2022-11-10 00:00:00+00:00,10358.971188167903,1.0,375.6711730957031
2022-11-11 00:00:00+00:00,10358.971188167903,1.0,379.3070373535156
2022-11-14 00:00:00+00:00,10358.971188167903,1.0,376.08038330078125
2022-11-15 00:00:00+00:00,10358.971188167903,1.0,379.2880554199219
2022-11-16 00:00:00+00:00,10358.971188167903,1.0,376.39453125
2022-11-17 00:00:00+00:00,10358.971188167903,1.0,375.2427673339844
2022-11-18 00:00:00+00:00,10358.971188167903,1.0,376.9465637207031
2022-11-21 00:00:00+00:00,10358.971188167903,1.0,375.57598876953125
2022-11-22 00:00:00+00:00,10358.971188167903,1.0,380.63006591796875
2022-11-23 00:00:00+00:00,10358.971188167903,1.0,383.02874755859375
2022-11-25 00:00:00+00:00,10358.971188167903,1.0,382.9429931640625
2022-11-28 00:00:00+00:00,10358.971188167903,1.0,376.8323669433594
2022-11-29 00:00:00+00:00,10358.971188167903,1.0,376.1851501464844
2022-11-30 00:00:00+00:00,10358.971188167903,1.0,388.0351867675781
2022-12-01 00:00:00+00:00,10358.971188167903,1.0,387.7496643066406
2022-12-02 00:00:00+00:00,10358.971188167903,1.0,387.30230712890625
2022-12-05 00:00:00+00:00,10358.971188167903,1.0,380.3349914550781
2022-12-06 00:00:00+00:00,10358.971188167903,1.0,374.85260009765625
2022-12-07 00:00:00+00:00,10358.971188167903,1.0,374.21484375
2022-12-08 00:00:00+00:00,10358.971188167903,1.0,377.14642333984375
2022-12-09 00:00:00+00:00,10358.971188167903,1.0,374.3291931152344
2022-12-12 00:00:00+00:00,10358.971188167903,1.0,379.7258605957031
2022-12-13 00:00:00+00:00,10358.971188167903,1.0,382.6003112792969
2022-12-14 00:00:00+00:00,10358.971188167903,1.0,380.15423583984375
2022-12-15 00:00:00+00:00,10358.971188167903,1.0,370.8549499511719
2022-12-16 00:00:00+00:00,10358.971188167903,1.0,366.4765930175781
2022-12-19 00:00:00+00:00,10358.971188167903,1.0,363.3690185546875
2022-12-20 00:00:00+00:00,10358.971188167903,1.0,363.86627197265625
2022-12-21 00:00:00+00:00,10358.971188167903,1.0,369.3068542480469
2022-12-22 00:00:00+00:00,10358.971188167903,1.0,364.0382995605469
2022-12-23 00:00:00+00:00,10358.971188167903,1.0,366.13238525390625
2022-12-27 00:00:00+00:00,10358.971188167903,1.0,364.6885681152344
2022-12-28 00:00:00+00:00,10358.971188167903,1.0,360.1562194824219
2022-12-29 00:00:00+00:00,10358.971188167903,1.0,366.6391296386719
2022-12-30 00:00:00+00:00,10358.971188167903,1.0,365.6734619140625
2023-01-03 00:00:00+00:00,10358.971188167903,1.0,364.13397216796875
2023-01-04 00:00:00+00:00,10358.971188167903,1.0,366.94512939453125
2023-01-05 00:00:00+00:00,10358.665233546602,0.9409277905209494,362.757080078125
2023-01-06 00:00:00+00:00,10378.927459722263,0.9692767101446833,371.0758056640625
2023-01-09 00:00:00+00:00,10380.832726086815,0.9690988120547601,370.8654479980469
2023-01-10 00:00:00+00:00,10387.515991921073,0.9684752996591439,373.46636962890625
2023-01-11 00:00:00+00:00,10391.445536372696,0.9681090689237772,378.1898193359375
2023-01-12 00:00:00+00:00,10392.264201682732,0.9680328047626975,379.5668029785156
2023-01-13 00:00:00+00:00,10394.958294612718,0.967781916758976,381.039306640625
2023-01-17 00:00:00+00:00,10393.142421890587,0.9679510060211333,380.34136962890625
2023-01-18 00:00:00+00:00,10386.920541016027,0.9685308194343671,374.33636474609375
2023-01-19 00:00:00+00:00,10382.440266998843,0.9689487639015215,371.6112976074219
2023-01-20 00:00:00+00:00,10388.825856417134,0.9683531904402709,378.53411865234375
2023-01-23 00:00:00+00:00,10393.469838978044,0.9679205134422252,383.07598876953125
2023-01-24 00:00:00+00:00,10398.510169326084,1.0,382.66485595703125
2023-01-25 00:00:00+00:00,10398.510169326084,1.0,382.8082275390625
2023-01-26 00:00:00+00:00,10398.354269623394,0.9700145429466709,387.015380859375
2023-01-27 00:00:00+00:00,10402.362624048525,0.9405515431369444,387.9046630859375
2023-01-30 00:00:00+00:00,10410.47449704593,0.9134074202219948,383.03778076171875
2023-01-31 00:00:00+00:00,10415.89572117206,0.9129320135478067,388.669677734375
2023-02-01 00:00:00+00:00,10426.5986346078,0.9119948879658086,392.8002624511719
2023-02-02 00:00:00+00:00,10424.185781542492,0.9122059845163775,398.51824951171875
2023-02-03 00:00:00+00:00,10416.615014518706,0.9128689733065797,394.28240966796875
2023-02-06 00:00:00+00:00,10422.957468016275,0.9418261277709398,391.87286376953125
2023-02-07 00:00:00+00:00,10419.985152565961,0.9420947850012615,396.998046875
2023-02-08 00:00:00+00:00,10417.115505328426,0.9423543078697459,392.6569519042969
2023-02-09 00:00:00+00:00,10411.582909221865,0.9428550641735837,389.2529296875
2023-02-10 00:00:00+00:00,10417.387887333887,0.9423296682615245,390.161376953125
2023-02-13 00:00:00+00:00,10422.961775566868,0.9418257385376506,394.7413635253906
2023-02-14 00:00:00+00:00,10418.875349689719,0.942195135515784,394.5597229003906
2023-02-15 00:00:00+00:00,10413.578051813603,0.9426744221034892,395.8410339355469
2023-02-16 00:00:00+00:00,10409.51150289218,0.9430426845001822,390.39080810546875
2023-02-17 00:00:00+00:00,10421.27525512727,0.9718731374208086,389.41546630859375
2023-02-21 00:00:00+00:00,10416.90748925023,0.9722806397751127,381.6034851074219
2023-02-22 00:00:00+00:00,10416.50540687299,0.9723181702995751,381.07757568359375
2023-02-23 00:00:00+00:00,10416.262171105673,0.9431706491638495,383.1046447753906
2023-02-24 00:00:00+00:00,10395.944100027118,0.9450140034666942,379.01214599609375
2023-02-27 00:00:00+00:00,10393.28538626899,0.9452557481739029,380.3030700683594
2023-02-28 00:00:00+00:00,10390.065428961707,0.9455486898473114,378.8974609375
2023-03-01 00:00:00+00:00,10382.321823744827,0.9462539228281241,377.4439392089844
2023-03-02 00:00:00+00:00,10386.630021355431,0.945861432782655,380.3795166015625
2023-03-03 00:00:00+00:00,10400.488766466804,0.944601063890197,386.47998046875
2023-03-06 00:00:00+00:00,10405.011237347151,0.9441904991433129,386.7477722167969
2023-03-07 00:00:00+00:00,10396.192053040926,0.9449914645342605,380.8193664550781
2023-03-08 00:00:00+00:00,10396.246655128733,0.9449865013481575,381.4408874511719
2023-03-09 00:00:00+00:00,10383.389757949568,0.9461566003781232,374.4034423828125
2023-03-10 00:00:00+00:00,10385.689700156076,0.8900415992493133,369.0009765625
2023-03-13 00:00:00+00:00,10406.467702482913,0.8357680716233699,368.4749450683594
2023-03-14 00:00:00+00:00,10403.62602203549,0.8659063335813156,374.5659484863281
2023-03-15 00:00:00+00:00,10394.646470892916,0.8666543580791998,372.22332763671875
2023-03-16 00:00:00+00:00,10406.037263298087,0.8657056895678217,378.75396728515625
2023-03-17 00:00:00+00:00,10377.00682918732,0.8420837374967314,374.3253173828125
2023-03-20 00:00:00+00:00,10399.275720787316,0.8402805088900552,377.9246826171875
2023-03-21 00:00:00+00:00,10428.355562704479,0.83793735668186,382.8870544433594
2023-03-22 00:00:00+00:00,10372.779373893232,0.8706624837014304,376.36016845703125
2023-03-23 00:00:00+00:00,10355.827387828822,0.8720877158666419,377.37762451171875
2023-03-24 00:00:00+00:00,10375.479307296566,0.8704359177131853,379.8539733886719
2023-03-27 00:00:00+00:00,10392.81052397546,0.8959280389472772,380.5642395019531
2023-03-28 00:00:00+00:00,10400.86102973902,0.8952345700295927,379.71002197265625
2023-03-29 00:00:00+00:00,10427.086665587793,0.9204750408064885,385.22906494140625
2023-03-30 00:00:00+00:00,10437.433534348907,0.9733186464263628,387.4846496582031
2023-03-31 00:00:00+00:00,10441.576538701498,1.0,392.9461364746094
2023-04-03 00:00:00+00:00,10441.576538701498,1.0,394.4434509277344
2023-04-04 00:00:00+00:00,10441.576538701498,1.0,392.2550354003906
2023-04-05 00:00:00+00:00,10441.576538701498,1.0,391.2279968261719
2023-04-06 00:00:00+00:00,10441.576538701498,1.0,392.7541198730469
2023-04-10 00:00:00+00:00,10441.576538701498,1.0,393.15728759765625
2023-04-11 00:00:00+00:00,10441.576538701498,1.0,393.2628173828125
2023-04-12 00:00:00+00:00,10441.576538701498,1.0,391.659912109375
2023-04-13 00:00:00+00:00,10441.576538701498,1.0,396.8622131347656
2023-04-14 00:00:00+00:00,10441.576538701498,1.0,395.89276123046875
2023-04-17 00:00:00+00:00,10441.576538701498,1.0,397.31341552734375
2023-04-18 00:00:00+00:00,10441.576538701498,1.0,397.5724792480469
2023-04-19 00:00:00+00:00,10441.576538701498,1.0,397.5052490234375
2023-04-20 00:00:00+00:00,10441.576538701498,1.0,395.3360900878906
2023-04-21 00:00:00+00:00,10441.576538701498,1.0,395.6432189941406
2023-04-24 00:00:00+00:00,10441.576538701498,1.0,396.0559387207031
2023-04-25 00:00:00+00:00,10441.576538701498,1.0,389.7690124511719
2023-04-26 00:00:00+00:00,10441.576538701498,1.0,388.1181640625
2023-04-27 00:00:00+00:00,10441.576538701498,1.0,395.8448181152344
2023-04-28 00:00:00+00:00,10441.576538701498,1.0,399.2234191894531
2023-05-01 00:00:00+00:00,10441.576538701498,1.0,398.8203125
2023-05-02 00:00:00+00:00,10441.576538701498,1.0,394.3378601074219
2023-05-03 00:00:00+00:00,10441.576538701498,1.0,391.6311340332031
2023-05-04 00:00:00+00:00,10441.576538701498,1.0,388.85723876953125
2023-05-05 00:00:00+00:00,10441.576538701498,1.0,396.0559387207031
2023-05-08 00:00:00+00:00,10441.576538701498,1.0,396.1615905761719
2023-05-09 00:00:00+00:00,10441.576538701498,1.0,394.4241943359375
2023-05-10 00:00:00+00:00,10441.576538701498,1.0,396.26715087890625
2023-05-11 00:00:00+00:00,10441.576538701498,1.0,395.5760192871094
2023-05-12 00:00:00+00:00,10441.576538701498,1.0,395.05767822265625
2023-05-15 00:00:00+00:00,10441.576538701498,1.0,396.42071533203125
2023-05-16 00:00:00+00:00,10441.576538701498,1.0,393.77154541015625
2023-05-17 00:00:00+00:00,10441.576538701498,1.0,398.5515441894531
2023-05-18 00:00:00+00:00,10441.576538701498,1.0,402.39093017578125
2023-05-19 00:00:00+00:00,10441.576538701498,1.0,401.80535888671875
2023-05-22 00:00:00+00:00,10441.576538701498,1.0,401.9685974121094
2023-05-23 00:00:00+00:00,10441.576538701498,1.0,397.4573059082031
2023-05-24 00:00:00+00:00,10441.576538701498,1.0,394.5777893066406
2023-05-25 00:00:00+00:00,10441.576538701498,1.0,397.9948425292969
2023-05-26 00:00:00+00:00,10441.576538701498,1.0,403.1491394042969
2023-05-30 00:00:00+00:00,10441.576538701498,1.0,403.3027038574219
2023-05-31 00:00:00+00:00,10441.576538701498,1.0,401.06634521484375
2023-06-01 00:00:00+00:00,10441.576538701498,1.0,404.8768615722656
2023-06-02 00:00:00+00:00,10441.576538701498,1.0,410.7318115234375
2023-06-05 00:00:00+00:00,10441.576538701498,1.0,409.94482421875
2023-06-06 00:00:00+00:00,10441.576538701498,1.0,410.83740234375
2023-06-07 00:00:00+00:00,10441.576538701498,1.0,409.41680908203125
2023-06-08 00:00:00+00:00,10441.576538701498,1.0,411.89324951171875
2023-06-09 00:00:00+00:00,10441.576538701498,1.0,412.6322937011719
2023-06-12 00:00:00+00:00,10441.576538701498,1.0,416.3757019042969
2023-06-13 00:00:00+00:00,10441.576538701498,1.0,419.1207275390625
2023-06-14 00:00:00+00:00,10441.576538701498,1.0,419.619873046875
2023-06-15 00:00:00+00:00,10441.576538701498,1.0,424.82220458984375
2023-06-16 00:00:00+00:00,10441.576538701498,1.0,423.3751525878906
2023-06-20 00:00:00+00:00,10441.576538701498,1.0,421.1785888671875
2023-06-21 00:00:00+00:00,10441.576538701498,1.0,419.02056884765625
2023-06-22 00:00:00+00:00,10441.576538701498,1.0,420.53314208984375
2023-06-23 00:00:00+00:00,10441.576538701498,1.0,417.3538513183594
2023-06-26 00:00:00+00:00,10441.576538701498,1.0,415.648681640625
2023-06-27 00:00:00+00:00,10441.576538701498,1.0,420.20556640625
2023-06-28 00:00:00+00:00,10441.576538701498,1.0,420.4175109863281
2023-06-29 00:00:00+00:00,10441.576538701498,1.0,422.0745849609375
2023-06-30 00:00:00+00:00,10441.576538701498,1.0,427.0553283691406
2023-07-03 00:00:00+00:00,10441.576538701498,1.0,427.5466613769531
2023-07-05 00:00:00+00:00,10441.576538701498,1.0,426.910888671875
2023-07-06 00:00:00+00:00,10441.576538701498,1.0,423.5677795410156
2023-07-07 00:00:00+00:00,10441.576538701498,1.0,422.4984130859375
2023-07-10 00:00:00+00:00,10441.576538701498,1.0,423.5677795410156
2023-07-11 00:00:00+00:00,10441.576538701498,1.0,426.2653503417969
2023-07-12 00:00:00+00:00,10441.576538701498,1.0,429.6950378417969
2023-07-13 00:00:00+00:00,10441.576538701498,1.0,433.10546875
2023-07-14 00:00:00+00:00,10441.576538701498,1.0,432.8357238769531
2023-07-17 00:00:00+00:00,10441.576538701498,1.0,434.338623046875
2023-07-18 00:00:00+00:00,10441.576538701498,1.0,437.56597900390625
2023-07-19 00:00:00+00:00,10441.576538701498,1.0,438.53912353515625
2023-07-20 00:00:00+00:00,10441.576538701498,1.0,435.62957763671875
2023-07-21 00:00:00+00:00,10441.576538701498,1.0,435.62957763671875
2023-07-24 00:00:00+00:00,10441.576538701498,1.0,437.5756530761719
2023-07-25 00:00:00+00:00,10441.576538701498,1.0,438.770263671875
2023-07-26 00:00:00+00:00,10441.576538701498,1.0,438.8377380371094
2023-07-27 00:00:00+00:00,10441.576538701498,1.0,435.92822265625
2023-07-28 00:00:00+00:00,10441.576538701498,1.0,440.1961364746094
2023-07-31 00:00:00+00:00,10441.576538701498,1.0,441.0342102050781
2023-08-01 00:00:00+00:00,10441.576538701498,1.0,439.77215576171875
2023-08-02 00:00:00+00:00,10441.576538701498,1.0,433.6546630859375
2023-08-03 00:00:00+00:00,10441.576538701498,1.0,432.4117736816406
2023-08-04 00:00:00+00:00,10441.576538701498,1.0,430.4561462402344
2023-08-07 00:00:00+00:00,10441.576538701498,1.0,434.21337890625
2023-08-08 00:00:00+00:00,10441.576538701498,1.0,432.3251953125
2023-08-09 00:00:00+00:00,10441.576538701498,1.0,429.4349670410156
2023-08-10 00:00:00+00:00,10441.576538701498,1.0,429.58905029296875
2023-08-11 00:00:00+00:00,10441.576538701498,1.0,429.33856201171875
2023-08-14 00:00:00+00:00,10441.576538701498,1.0,431.7085266113281
2023-08-15 00:00:00+00:00,10441.576538701498,1.0,426.6795959472656
2023-08-16 00:00:00+00:00,10441.576538701498,1.0,423.5485534667969
2023-08-17 00:00:00+00:00,10441.576538701498,1.0,420.3211975097656
2023-08-18 00:00:00+00:00,10441.576538701498,1.0,420.5235595703125
2023-08-21 00:00:00+00:00,10441.576538701498,1.0,423.25958251953125
2023-08-22 00:00:00+00:00,10441.576538701498,1.0,422.11309814453125
2023-08-23 00:00:00+00:00,10441.576538701498,1.0,426.8144836425781
2023-08-24 00:00:00+00:00,10441.576538701498,1.0,420.89923095703125
2023-08-25 00:00:00+00:00,10441.576538701498,1.0,423.86651611328125
2023-08-28 00:00:00+00:00,10441.576538701498,1.0,426.554443359375
2023-08-29 00:00:00+00:00,10441.576538701498,1.0,432.7200927734375
2023-08-30 00:00:00+00:00,10441.576538701498,1.0,434.50244140625
2023-08-31 00:00:00+00:00,10441.576538701498,1.0,433.8665466308594
2023-09-01 00:00:00+00:00,10441.576538701498,1.0,434.67584228515625
2023-09-05 00:00:00+00:00,10441.576538701498,1.0,432.7972412109375
2023-09-06 00:00:00+00:00,10441.576538701498,1.0,429.8876953125
2023-09-07 00:00:00+00:00,10441.576538701498,1.0,428.56781005859375
2023-09-08 00:00:00+00:00,10441.576538701498,1.0,429.21331787109375
2023-09-11 00:00:00+00:00,10441.576538701498,1.0,432.0361022949219
2023-09-12 00:00:00+00:00,10441.576538701498,1.0,429.6661071777344
2023-09-13 00:00:00+00:00,10441.576538701498,1.0,430.1671447753906
2023-09-14 00:00:00+00:00,10441.576538701498,1.0,433.8761901855469
2023-09-15 00:00:00+00:00,10441.576538701498,1.0,428.648681640625
2023-09-18 00:00:00+00:00,10441.576538701498,1.0,428.90008544921875
2023-09-19 00:00:00+00:00,10441.576538701498,1.0,428.01068115234375
2023-09-20 00:00:00+00:00,10441.576538701498,1.0,424.07574462890625
2023-09-21 00:00:00+00:00,10441.576538701498,1.0,417.0665283203125
2023-09-22 00:00:00+00:00,10441.576538701498,1.0,416.1286926269531
2023-09-25 00:00:00+00:00,10441.576538701498,1.0,417.878662109375
2023-09-26 00:00:00+00:00,10441.576538701498,1.0,411.7394104003906
2023-09-27 00:00:00+00:00,10441.576538701498,1.0,411.9037780761719
2023-09-28 00:00:00+00:00,10441.576538701498,1.0,414.2917785644531
2023-09-29 00:00:00+00:00,10441.576538701498,1.0,413.2863464355469
2023-10-02 00:00:00+00:00,10441.576538701498,1.0,413.1219787597656
2023-10-03 00:00:00+00:00,10441.576538701498,1.0,407.59185791015625
2023-10-04 00:00:00+00:00,10441.576538701498,1.0,410.5599365234375
2023-10-05 00:00:00+00:00,10441.576538701498,1.0,410.4052734375
2023-10-06 00:00:00+00:00,10441.576538701498,1.0,415.2779541015625
2023-10-09 00:00:00+00:00,10441.576538701498,1.0,417.9366455078125
2023-10-10 00:00:00+00:00,10441.576538701498,1.0,420.1119384765625
2023-10-11 00:00:00+00:00,10441.576538701498,1.0,421.832763671875
2023-10-12 00:00:00+00:00,10441.576538701498,1.0,419.2611389160156
2023-10-13 00:00:00+00:00,10441.576538701498,1.0,417.1728515625
2023-10-16 00:00:00+00:00,10441.576538701498,1.0,421.5621032714844
2023-10-17 00:00:00+00:00,10441.576538701498,1.0,421.5427551269531
2023-10-18 00:00:00+00:00,10441.576538701498,1.0,415.9256286621094
2023-10-19 00:00:00+00:00,10441.576538701498,1.0,412.27117919921875
2023-10-20 00:00:00+00:00,10441.576538701498,1.0,407.20513916015625
2023-10-23 00:00:00+00:00,10441.576538701498,1.0,406.4994201660156
2023-10-24 00:00:00+00:00,10441.576538701498,1.0,409.56414794921875
2023-10-25 00:00:00+00:00,10441.576538701498,1.0,403.6860046386719
2023-10-26 00:00:00+00:00,10441.576538701498,1.0,398.8520202636719
2023-10-27 00:00:00+00:00,10441.576538701498,1.0,397.04412841796875
2023-10-30 00:00:00+00:00,10441.576538701498,1.0,401.7910461425781
2023-10-31 00:00:00+00:00,10441.576538701498,1.0,404.314453125
2023-11-01 00:00:00+00:00,10441.576538701498,1.0,408.6264343261719
2023-11-02 00:00:00+00:00,10441.576538701498,1.0,416.45745849609375
2023-11-03 00:00:00+00:00,10441.576538701498,1.0,420.2569274902344
2023-11-06 00:00:00+00:00,10441.576538701498,1.0,421.2237243652344
2023-11-07 00:00:00+00:00,10441.576538701498,1.0,422.4224548339844
2023-11-08 00:00:00+00:00,10441.576538701498,1.0,422.73193359375
2023-11-09 00:00:00+00:00,10441.576538701498,1.0,419.43511962890625
2023-11-10 00:00:00+00:00,10441.576538701498,1.0,425.9803161621094
2023-11-13 00:00:00+00:00,10441.576538701498,1.0,425.57427978515625
2023-11-14 00:00:00+00:00,10441.576538701498,1.0,433.83074951171875
2023-11-15 00:00:00+00:00,10441.576538701498,1.0,434.7491455078125
2023-11-16 00:00:00+00:00,10441.576538701498,1.0,435.28094482421875
2023-11-17 00:00:00+00:00,10441.576538701498,1.0,435.8223876953125
2023-11-20 00:00:00+00:00,10441.576538701498,1.0,439.1770935058594
2023-11-21 00:00:00+00:00,10441.576538701498,1.0,438.2199401855469
2023-11-22 00:00:00+00:00,10441.576538701498,1.0,439.9118347167969
2023-11-24 00:00:00+00:00,10441.576538701498,1.0,440.18255615234375
2023-11-27 00:00:00+00:00,10441.576538701498,1.0,439.3898620605469
2023-11-28 00:00:00+00:00,10441.576538701498,1.0,439.8248596191406
2023-11-29 00:00:00+00:00,10441.576538701498,1.0,439.5154724121094
2023-11-30 00:00:00+00:00,10441.576538701498,1.0,441.2461242675781
2023-12-01 00:00:00+00:00,10441.576538701498,1.0,443.8564147949219
2023-12-04 00:00:00+00:00,10441.576538701498,1.0,441.52642822265625
2023-12-05 00:00:00+00:00,10441.576538701498,1.0,441.439453125
2023-12-06 00:00:00+00:00,10441.576538701498,1.0,439.6604919433594
2023-12-07 00:00:00+00:00,10441.576538701498,1.0,443.01531982421875
2023-12-08 00:00:00+00:00,10441.576538701498,1.0,444.919921875
2023-12-11 00:00:00+00:00,10441.576538701498,1.0,446.6504211425781
2023-12-12 00:00:00+00:00,10441.576538701498,1.0,448.6904296875
2023-12-13 00:00:00+00:00,10441.576538701498,1.0,454.8779296875
2023-12-14 00:00:00+00:00,10441.576538701498,1.0,456.3377990722656
2023-12-15 00:00:00+00:00,10441.576538701498,1.0,455.58642578125
2023-12-18 00:00:00+00:00,10441.576538701498,1.0,458.1491394042969
2023-12-19 00:00:00+00:00,10441.576538701498,1.0,460.9350891113281
2023-12-20 00:00:00+00:00,10441.576538701498,1.0,454.5477600097656
2023-12-21 00:00:00+00:00,10441.576538701498,1.0,458.8577575683594
2023-12-22 00:00:00+00:00,10441.576538701498,1.0,459.7799072265625
2023-12-26 00:00:00+00:00,10441.576538701498,1.0,461.72137451171875
2023-12-27 00:00:00+00:00,10441.576538701498,1.0,462.55621337890625
2023-12-28 00:00:00+00:00,10441.576538701498,1.0,462.7308654785156
2023-12-29 00:00:00+00:00,10441.576538701498,1.0,461.3912658691406
2024-01-02 00:00:00+00:00,10441.576538701498,1.0,458.8092346191406
2024-01-03 00:00:00+00:00,10441.576538701498,1.0,455.06231689453125
2024-01-04 00:00:00+00:00,10441.576538701498,1.0,453.5964050292969
2024-01-05 00:00:00+00:00,10441.576538701498,1.0,454.21771240234375
2024-01-08 00:00:00+00:00,10441.576538701498,1.0,460.7021484375
2024-01-09 00:00:00+00:00,10441.576538701498,1.0,460.003173828125
2024-01-10 00:00:00+00:00,10441.576538701498,1.0,462.6047058105469
2024-01-11 00:00:00+00:00,10441.576538701498,1.0,462.4008483886719
2024-01-12 00:00:00+00:00,10441.576538701498,1.0,462.7211608886719
2024-01-16 00:00:00+00:00,10441.576538701498,1.0,461.0224304199219
2024-01-17 00:00:00+00:00,10441.576538701498,1.0,458.45977783203125
2024-01-18 00:00:00+00:00,10441.576538701498,1.0,462.5367126464844
2024-01-19 00:00:00+00:00,10441.576538701498,1.0,468.3028259277344
2024-01-22 00:00:00+00:00,10441.576538701498,1.0,469.29302978515625
2024-01-23 00:00:00+00:00,10441.576538701498,1.0,470.66168212890625
2024-01-24 00:00:00+00:00,10441.576538701498,1.0,471.1761474609375
2024-01-25 00:00:00+00:00,10441.576538701498,1.0,473.7388000488281
2024-01-26 00:00:00+00:00,10441.576538701498,1.0,473.1369934082031
2024-01-29 00:00:00+00:00,10441.576538701498,1.0,476.8839416503906
2024-01-30 00:00:00+00:00,10441.576538701498,0.8051769684781716,476.5151062011719
2024-01-31 00:00:00+00:00,10422.739900822704,0.6751286820636544,468.7396545410156
2024-02-01 00:00:00+00:00,10426.04273388777,0.6199943070224108,474.8745422363281
2024-02-02 00:00:00+00:00,10408.924437969388,0.6645724429903147,479.8737487792969
2024-02-05 00:00:00+00:00,10349.225029445195,0.6521949985980183,478.1264953613281
2024-02-06 00:00:00+00:00,10378.391985494876,0.6769127558447889,479.5146179199219
2024-02-07 00:00:00+00:00,10420.781599250879,0.6949817225345988,483.5139465332031
2024-02-08 00:00:00+00:00,10449.749036756235,0.6744501373588524,483.7275085449219
2024-02-09 00:00:00+00:00,10458.317635069538,0.7197364568043967,486.52313232421875
2024-02-12 00:00:00+00:00,10495.833661700262,0.7443965253264255,486.3096618652344
2024-02-13 00:00:00+00:00,10433.780758431485,0.7503070672966092,479.6116638183594
2024-02-14 00:00:00+00:00,10457.872239042312,0.7690398899592971,483.9701843261719
2024-02-15 00:00:00+00:00,10523.655797675361,0.8632621025436042,487.3094787597656
2024-02-16 00:00:00+00:00,10509.827021218483,0.8384660390361375,484.8826599121094
2024-02-20 00:00:00+00:00,10509.110463192457,0.8385232093905579,482.2132263183594
2024-02-21 00:00:00+00:00,10508.30384361524,0.8134299473674341,482.6499938964844
2024-02-22 00:00:00+00:00,10524.658922758761,0.835352983352657,492.638671875
2024-02-23 00:00:00+00:00,10528.188002422567,0.8793056217600966,492.97845458984375
2024-02-26 00:00:00+00:00,10531.67992178737,0.8790140762183588,491.17291259765625
2024-02-27 00:00:00+00:00,10537.51839760687,0.9472194417921737,492.0853576660156
2024-02-28 00:00:00+00:00,10539.829115270955,0.9186014232047025,491.4350280761719
2024-02-29 00:00:00+00:00,10534.707937896468,0.8914765383357027,493.20172119140625
2024-03-01 00:00:00+00:00,10510.754184534415,0.8935081917025725,497.83203125
2024-03-04 00:00:00+00:00,10522.291355058082,0.868428061520065,497.2981262207031
2024-03-05 00:00:00+00:00,10497.479199073603,0.8704807040750161,492.3280944824219
2024-03-06 00:00:00+00:00,10502.288232119947,0.9193075467607482,494.8227844238281
2024-03-07 00:00:00+00:00,10525.196011195443,0.9173067009654552,499.734619140625
2024-03-08 00:00:00+00:00,10529.607800328153,0.9169223596099725,496.7351379394531
2024-03-11 00:00:00+00:00,10561.906583659782,0.9424882367003165,496.3079833984375
2024-03-12 00:00:00+00:00,10549.027311734662,0.9436389174150386,501.64697265625
2024-03-13 00:00:00+00:00,10546.47508716176,0.9438672760289897,500.8606872558594
2024-03-14 00:00:00+00:00,10540.497533926226,0.9444025464819814,499.8704528808594
2024-03-15 00:00:00+00:00,10541.458458187659,0.9443164578896794,496.4381408691406
2024-03-18 00:00:00+00:00,10539.64705416283,0.9444787535172032,499.3885498046875
2024-03-19 00:00:00+00:00,10542.51557273622,0.9442217697994232,502.1637268066406
2024-03-20 00:00:00+00:00,10551.558025853856,0.9722484845681154,506.808349609375
2024-03-21 00:00:00+00:00,10549.99867272181,0.9723921887302268,508.4833068847656
2024-03-22 00:00:00+00:00,10549.686040090404,1.0,507.519287109375
2024-03-25 00:00:00+00:00,10549.686040090404,1.0,506.1170349121094
2024-03-26 00:00:00+00:00,10549.686040090404,1.0,505.1822814941406
2024-03-27 00:00:00+00:00,10549.686040090404,1.0,509.42767333984375
2024-03-28 00:00:00+00:00,10549.686040090404,1.0,509.3302917480469
2024-04-01 00:00:00+00:00,10549.686040090404,1.0,508.4443359375
2024-04-02 00:00:00+00:00,10549.686040090404,1.0,505.2115478515625
2024-04-03 00:00:00+00:00,10549.527873882904,0.9700145429466709,505.7664794921875
2024-04-04 00:00:00+00:00,10555.592877101284,1.0,499.5930480957031
2024-04-05 00:00:00+00:00,10555.592877101284,1.0,504.8122253417969
2024-04-08 00:00:00+00:00,10555.592877101284,1.0,505.09466552734375
2024-04-09 00:00:00+00:00,10555.592877101284,1.0,505.6788635253906
2024-04-10 00:00:00+00:00,10555.434622335511,0.9700145429466709,500.6153564453125
2024-04-11 00:00:00+00:00,10556.210910876624,0.9408449131905258,504.3935241699219
2024-04-12 00:00:00+00:00,10541.980443154987,0.9701575122981,497.43133544921875
2024-04-15 00:00:00+00:00,10536.796334913233,0.9706348302034142,491.199462890625
2024-04-16 00:00:00+00:00,10530.945807104272,0.9700145429466708,490.3036804199219
2024-04-17 00:00:00+00:00,10524.185465250912,0.8858747703639156,487.40185546875
2024-04-18 00:00:00+00:00,10515.668012956865,0.8599945395465779,486.39898681640625
2024-04-19 00:00:00+00:00,10526.780005414263,0.8083147094900037,482.15350341796875
2024-04-22 00:00:00+00:00,10538.049804282873,0.8074502664129944,486.59368896484375
2024-04-23 00:00:00+00:00,10567.644594389501,0.7348742548967653,492.36798095703125
2024-04-24 00:00:00+00:00,10568.44453651653,0.6706491245137152,492.13421630859375
2024-04-25 00:00:00+00:00,10593.2309049886,0.5923316416084639,490.2646484375
2024-04-26 00:00:00+00:00,10629.987115942293,0.5445665427822777,494.909423828125
2024-04-29 00:00:00+00:00,10657.920751845255,0.5751296595773797,496.6620178222656
2024-04-30 00:00:00+00:00,10587.997170458806,0.6623366914083577,488.7943420410156
2024-05-01 00:00:00+00:00,10607.543471877907,0.6033829213530825,487.2071228027344
2024-05-02 00:00:00+00:00,10605.157365374054,0.5508152037237763,491.76422119140625
2024-05-03 00:00:00+00:00,10650.454656449738,0.5865160847174942,497.8597717285156
2024-05-06 00:00:00+00:00,10703.507247372128,0.6066624119857272,503.0011291503906
2024-05-07 00:00:00+00:00,10725.056122348153,0.6799913468479007,503.5561828613281
2024-05-08 00:00:00+00:00,10701.069903607928,0.7268014043695151,503.604736328125
2024-05-09 00:00:00+00:00,10727.721261784414,0.7537731790487225,506.5064697265625
2024-05-10 00:00:00+00:00,10734.637108624487,0.8014234766553849,507.158935546875
2024-05-13 00:00:00+00:00,10737.097369626428,0.8234305939952161,507.2270812988281
2024-05-14 00:00:00+00:00,10731.47019837297,0.8238623694073539,509.5543212890625
2024-05-15 00:00:00+00:00,10743.78261296913,0.8463172819075782,515.8641357421875
2024-05-16 00:00:00+00:00,10764.555017339218,0.9308365431765642,514.802734375
2024-05-17 00:00:00+00:00,10762.570403213233,0.9310081891015952,515.5427856445312
2024-05-20 00:00:00+00:00,10761.306681219627,0.9311175192749326,516.1367797851562
2024-05-21 00:00:00+00:00,10762.048835370972,0.9801105626276971,517.402587890625
2024-05-22 00:00:00+00:00,10762.338783301153,0.950681632766069,515.9129028320312
2024-05-23 00:00:00+00:00,10755.770498175414,0.9512621907120451,512.1444702148438
2024-05-24 00:00:00+00:00,10758.811434533245,0.9509933201403123,515.5330200195312
2024-05-28 00:00:00+00:00,10743.487647821525,0.9523497529189229,515.8934326171875
2024-05-29 00:00:00+00:00,10746.956437297402,0.9234810925854479,512.2808227539062
2024-05-30 00:00:00+00:00,10755.115796150982,0.8610614968455715,508.8824157714844
2024-05-31 00:00:00+00:00,10797.275636224915,0.8319683525405053,513.517333984375
2024-06-03 00:00:00+00:00,10787.328012344326,0.8593636464846605,513.93603515625
2024-06-04 00:00:00+00:00,10783.010370666057,0.8597077455969958,514.5105590820312
2024-06-05 00:00:00+00:00,10785.443770408549,0.8595137792984101,520.625732421875
2024-06-06 00:00:00+00:00,10805.784639810261,0.8894355749070405,520.6159057617188
2024-06-07 00:00:00+00:00,10806.056781687044,0.8894131751851508,519.9829711914062
2024-06-10 00:00:00+00:00,10811.039143232123,0.889003281377255,521.5895385742188
2024-06-11 00:00:00+00:00,10799.673218790876,0.8899388971055693,522.8458251953125
2024-06-12 00:00:00+00:00,10796.308178824183,0.8902162771050165,527.139892578125
2024-06-13 00:00:00+00:00,10776.296457331011,0.8918694202118949,528.2012939453125
2024-06-14 00:00:00+00:00,10775.415512980666,0.8919423350174572,528.5226440429688
2024-06-17 00:00:00+00:00,10778.309894445663,0.8917028149639791,532.7291870117188
2024-06-18 00:00:00+00:00,10772.773459511634,0.8921610864234218,534.0825805664062
2024-06-20 00:00:00+00:00,10798.039305353817,0.890073558878973,532.6318359375
2024-06-21 00:00:00+00:00,10804.450293522395,0.9195623021473379,531.9176025390625
2024-06-24 00:00:00+00:00,10808.538781178824,0.9187051890664285,530.1885986328125
2024-06-25 00:00:00+00:00,10803.7492272157,0.891539098324868,532.2303466796875
2024-06-26 00:00:00+00:00,10808.303665485235,0.9202237891519895,532.89453125
2024-06-27 00:00:00+00:00,10809.505444087981,0.9201214805620858,533.7346801757812
2024-06-28 00:00:00+00:00,10812.854090603762,0.8922414311630383,531.6343383789062
2024-07-01 00:00:00+00:00,10798.972327725367,0.8933883814099507,532.7285766601562
2024-07-02 00:00:00+00:00,10792.654028549772,0.9210381374869259,536.3135986328125
2024-07-03 00:00:00+00:00,10796.001310144255,0.9207525712002183,538.7069702148438
2024-07-05 00:00:00+00:00,10790.43643115258,0.9212274247126497,541.8134765625
2024-07-08 00:00:00+00:00,10788.95926148507,0.9213535545066073,542.4385375976562
2024-07-09 00:00:00+00:00,10781.953632664248,0.921952208631409,542.9661865234375
2024-07-10 00:00:00+00:00,10789.258399652112,0.921328009468822,548.3389282226562
2024-07-11 00:00:00+00:00,10803.773908789346,0.9456314490999976,543.6109008789062
2024-07-12 00:00:00+00:00,10812.87485188253,0.9739222637314745,547.0397338867188
2024-07-15 00:00:00+00:00,10811.554737808163,0.9740411817334521,548.5441284179688
2024-07-16 00:00:00+00:00,10826.192224743781,1.0,551.7970581054688
2024-07-17 00:00:00+00:00,10826.192224743781,1.0,544.0601806640625
2024-07-18 00:00:00+00:00,10826.029913016275,0.9700145429466708,539.8792724609375
2024-07-19 00:00:00+00:00,10822.164946561883,0.9703609684250544,536.2940673828125
2024-07-22 00:00:00+00:00,10831.19635671557,0.9695518493199852,541.8231811523438
2024-07-23 00:00:00+00:00,10836.903805800537,0.9399699809837835,540.9733276367188
2024-07-24 00:00:00+00:00,10834.224368425417,0.9119963737440666,528.7135009765625
2024-07-25 00:00:00+00:00,10821.234563702528,0.8847290666802434,525.9586791992188
2024-07-26 00:00:00+00:00,10838.641321170178,0.8833082000022214,531.849365234375
2024-07-29 00:00:00+00:00,10868.388417300695,0.8808905596925953,532.161865234375
2024-07-30 00:00:00+00:00,10870.774237691221,0.8806972297040236,529.4656982421875
2024-07-31 00:00:00+00:00,10870.238658083894,0.8807406218954277,538.072021484375
2024-08-01 00:00:00+00:00,10848.806486861145,0.882480553733474,530.452392578125
2024-08-02 00:00:00+00:00,10816.909631948492,0.7870145930338938,520.5762329101562
2024-08-05 00:00:00+00:00,10761.525636387785,0.7219836204667622,505.4150695800781
2024-08-06 00:00:00+00:00,10808.892657236824,0.7420064803289329,510.0747375488281
2024-08-07 00:00:00+00:00,10733.383258146036,0.7248097042504963,506.6654968261719
2024-08-08 00:00:00+00:00,10831.024557279992,0.7503245793298866,518.3782348632812
2024-08-09 00:00:00+00:00,10831.25978390577,0.7770116814064111,520.6641235351562
2024-08-12 00:00:00+00:00,10833.76725428028,0.7994988985415984,520.9375610351562
2024-08-13 00:00:00+00:00,10857.183888372281,0.7977745496352344,529.5048217773438
2024-08-14 00:00:00+00:00,10841.788902557972,0.7989073634157864,531.1752319335938
2024-08-15 00:00:00+00:00,10909.683779235129,0.853955866092831,540.27978515625
2024-08-16 00:00:00+00:00,10910.899364677409,0.8782079257687929,541.4911499023438
2024-08-19 00:00:00+00:00,10934.74900297432,0.9016031649580181,546.6683959960938
2024-08-20 00:00:00+00:00,10919.722914304013,0.9028438163196331,545.7796020507812
2024-08-21 00:00:00+00:00,10930.610448435666,0.9262630747765459,547.6552124023438
2024-08-22 00:00:00+00:00,10908.698289526345,0.9281236472433658,543.3568725585938
2024-08-23 00:00:00+00:00,10925.630876142543,0.9521614026113029,549.1301879882812
2024-08-26 00:00:00+00:00,10917.8674458696,0.952838461450349,547.8211059570312
2024-08-27 00:00:00+00:00,10919.410718345896,0.9527037939843251,548.5733642578125
2024-08-28 00:00:00+00:00,10915.33255159782,0.953059741447678,545.3887329101562
2024-08-29 00:00:00+00:00,10919.859913843648,0.9526646038977925,545.4376220703125
2024-08-30 00:00:00+00:00,10945.586197836883,0.9760062769872028,550.6444091796875
2024-09-03 00:00:00+00:00,10940.36997085907,0.976471624163404,539.3126220703125
2024-09-04 00:00:00+00:00,10940.724704770919,0.9471467648612646,538.2088012695312
2024-09-05 00:00:00+00:00,10942.020825107318,0.9470345720402934,536.8997192382812
2024-09-06 00:00:00+00:00,10934.576256180777,0.9476793399747975,527.86376953125
2024-09-09 00:00:00+00:00,10936.731159350129,0.9474926153325356,533.7737426757812
2024-09-10 00:00:00+00:00,10932.554612741584,0.9478545844430833,536.0987548828125
2024-09-11 00:00:00+00:00,10938.327683702712,0.9473543222517273,541.5985107421875
2024-09-12 00:00:00+00:00,10952.54453970127,0.9701013229345302,546.1605834960938
2024-09-13 00:00:00+00:00,10953.645671498954,0.9700038020318376,549.0130004882812
2024-09-16 00:00:00+00:00,10956.570681089699,1.0,549.8238525390625
2024-09-17 00:00:00+00:00,10956.570681089699,1.0,550.0485229492188
2024-09-18 00:00:00+00:00,10956.570681089699,1.0,548.4170532226562
2024-09-19 00:00:00+00:00,10956.570681089699,1.0,557.7755126953125
2024-09-20 00:00:00+00:00,10956.570681089699,1.0,556.8113403320312
2024-09-23 00:00:00+00:00,10956.570681089699,1.0,558.2028198242188
2024-09-24 00:00:00+00:00,10956.570681089699,1.0,559.7999267578125
2024-09-25 00:00:00+00:00,10956.570681089699,1.0,558.5653076171875
2024-09-26 00:00:00+00:00,10956.570681089699,1.0,560.77978515625
2024-09-27 00:00:00+00:00,10956.570681089699,1.0,559.9664306640625
2024-09-30 00:00:00+00:00,10956.570681089699,1.0,562.21044921875
2024-10-01 00:00:00+00:00,10956.570681089699,1.0,557.1739501953125
2024-10-02 00:00:00+00:00,10956.570681089699,1.0,557.4091186523438
2024-10-03 00:00:00+00:00,10956.570681089699,1.0,556.3900146484375
2024-10-04 00:00:00+00:00,10956.570681089699,1.0,561.4461059570312
2024-10-07 00:00:00+00:00,10956.570681089699,1.0,556.3704223632812
2024-10-08 00:00:00+00:00,10956.570681089699,1.0,561.63232421875
2024-10-09 00:00:00+00:00,10956.570681089699,1.0,565.5223999023438
2024-10-10 00:00:00+00:00,10956.570681089699,1.0,564.5327758789062
2024-10-11 00:00:00+00:00,10956.570681089699,1.0,567.9132690429688
2024-10-14 00:00:00+00:00,10956.570681089699,1.0,572.5578002929688
2024-10-15 00:00:00+00:00,10956.406414662695,0.9700145429466709,568.1093139648438
2024-10-16 00:00:00+00:00,10960.340363652449,0.9696663796958355,570.5784912109375
2024-10-17 00:00:00+00:00,10929.956757090662,0.9431910466754085,570.6275024414062
2024-10-18 00:00:00+00:00,10915.516006316971,0.9444388472218171,572.8223876953125
2024-10-21 00:00:00+00:00,10904.519368012958,0.945391264476779,571.8817749023438
2024-10-22 00:00:00+00:00,10902.917068862589,0.9171642937448637,571.5780029296875
2024-10-23 00:00:00+00:00,10904.0144392207,0.9170719911424521,566.355224609375
2024-10-24 00:00:00+00:00,10907.561538284559,0.8892705498089725,567.5801391601562
2024-10-25 00:00:00+00:00,10917.69300508204,0.8617919595704958,567.3840942382812
2024-10-28 00:00:00+00:00,10897.07212332474,0.8634227563475175,569.1381225585938
2024-10-29 00:00:00+00:00,10878.030117030521,0.9178963915404064,570.0592041015625
2024-10-30 00:00:00+00:00,10883.209322212799,0.7447071339086487,568.3345336914062
2024-10-31 00:00:00+00:00,10848.745366204763,0.5509095782891305,557.1935424804688
2024-11-01 00:00:00+00:00,10847.985016013648,0.5769170681480763,559.545166015625
2024-11-04 00:00:00+00:00,10867.919265063927,0.6022736544482886,558.3399658203125
2024-11-05 00:00:00+00:00,10902.416416527496,0.5999387420083789,565.0913696289062
2024-11-06 00:00:00+00:00,10958.030887568046,0.5604125231674982,579.142578125
2024-11-07 00:00:00+00:00,10962.17641195744,0.5112799568225115,583.6205444335938
2024-11-08 00:00:00+00:00,10943.390458941802,0.5676560734122714,586.1486206054688
2024-11-11 00:00:00+00:00,10938.748499768224,0.588056328491887,586.7072143554688
2024-11-12 00:00:00+00:00,10870.333449372829,0.5917574020179641,584.8846435546875
2024-11-13 00:00:00+00:00,10842.522282764898,0.61889466524042,585.1688232421875
2024-11-14 00:00:00+00:00,10826.18098178144,0.6499211128194112,581.4061279296875
2024-11-15 00:00:00+00:00,10787.109971779682,0.595313902438132,573.9591064453125
2024-11-18 00:00:00+00:00,10797.966158178107,0.633483128606467,576.310791015625
2024-11-19 00:00:00+00:00,10782.177875861256,0.6344107343826426,578.41748046875
2024-11-20 00:00:00+00:00,10808.091143947702,0.6328896836052181,578.6134643554688
2024-11-21 00:00:00+00:00,10863.968726857544,0.6673993424249155,581.7196044921875
2024-11-22 00:00:00+00:00,10901.473730502474,0.7675646576936397,583.522705078125
2024-11-25 00:00:00+00:00,10938.224900767513,0.8048883252439011,585.5020141601562
2024-11-26 00:00:00+00:00,10894.919394983055,0.8221477985899882,588.5592041015625
2024-11-27 00:00:00+00:00,10897.170547382759,0.8419916875966241,586.77587890625
2024-11-29 00:00:00+00:00,10907.052099559567,0.882158885704458,590.4208984375
2024-12-02 00:00:00+00:00,10917.62012897944,0.9264554932281895,591.479248046875
2024-12-03 00:00:00+00:00,10911.312728114845,0.9269910407213836,591.7535400390625
2024-12-04 00:00:00+00:00,10901.117473311015,0.9000222675563484,595.427978515625
2024-12-05 00:00:00+00:00,10889.7107139964,0.9009650233056461,594.4481201171875
2024-12-06 00:00:00+00:00,10887.252625918167,0.8741333870176532,595.5750122070312
2024-12-09 00:00:00+00:00,10899.36908494064,0.8865012219581097,592.508056640625
2024-12-10 00:00:00+00:00,10887.871435706149,0.887437371889362,590.6658935546875
2024-12-11 00:00:00+00:00,10877.646808129477,0.8357746859777341,595.232177734375
2024-12-12 00:00:00+00:00,10870.078213606415,0.8382033283051566,592.1650390625
2024-12-13 00:00:00+00:00,10854.76331235902,0.8393859428706549,592.0474243164062
2024-12-16 00:00:00+00:00,10816.130390382705,0.8334845093985846,594.5755004882812
2024-12-17 00:00:00+00:00,10796.49326368636,0.8099504722955668,592.1258544921875
2024-12-18 00:00:00+00:00,10808.262063513053,0.6739314446898848,574.4783935546875
2024-12-19 00:00:00+00:00,10744.353572753584,0.6378737990629175,574.302001953125
2024-12-20 00:00:00+00:00,10801.457126601488,0.6345015817401962,581.1998901367188
2024-12-23 00:00:00+00:00,10827.496767102171,0.6329756341051131,584.6803588867188
2024-12-24 00:00:00+00:00,10841.091326030244,0.6321818925620256,591.1790771484375
2024-12-26 00:00:00+00:00,10846.275380049725,0.6552454533426895,591.218505859375
2024-12-27 00:00:00+00:00,10830.07538847198,0.6786238627499691,584.9949951171875
2024-12-30 00:00:00+00:00,10810.981528931348,0.6798224170793419,578.3192138671875
2024-12-31 00:00:00+00:00,10839.607774492071,0.6922065088727288,576.21533203125
2025-01-02 00:00:00+00:00,10846.153264136037,0.7445753237720635,574.7994995117188
2025-01-03 00:00:00+00:00,10881.873827747428,0.7965303650406671,581.9865112304688
2025-01-06 00:00:00+00:00,10856.574922831898,0.7744349119435502,585.3390502929688
2025-01-07 00:00:00+00:00,10852.822451636772,0.8223096453865176,578.7222900390625
2025-01-08 00:00:00+00:00,10858.92415278142,0.797192156644864,579.56787109375
2025-01-10 00:00:00+00:00,10828.713620104036,0.7312352739480503,570.7192993164062
2025-01-13 00:00:00+00:00,10812.126995438697,0.732357044441141,571.604248046875
2025-01-14 00:00:00+00:00,10829.984902763534,0.7767429632120435,572.3906860351562
2025-01-15 00:00:00+00:00,10863.272731805959,0.7952127826496741,582.802490234375
2025-01-16 00:00:00+00:00,10885.415366786006,0.8416404293982069,581.6817626953125
2025-01-17 00:00:00+00:00,10897.678661015343,0.8406933208861951,587.5217895507812
2025-01-21 00:00:00+00:00,10925.216986086145,0.8651577724031291,592.8995971679688
2025-01-22 00:00:00+00:00,10888.292136464204,0.8673677548297789,596.2326049804688
2025-01-23 00:00:00+00:00,10885.133710557031,0.8872971781702935,599.4868774414062
2025-01-24 00:00:00+00:00,10891.54669069543,0.8867747345411143,597.73681640625
2025-01-27 00:00:00+00:00,10886.159903985295,0.8605971302325213,589.2816162109375
2025-01-28 00:00:00+00:00,10879.138134379033,0.8611525891942203,594.3448486328125
2025-01-29 00:00:00+00:00,10873.116832999338,0.8616294772248637,591.6804809570312
2025-01-30 00:00:00+00:00,10908.335936866004,0.8797951766788824,594.8560791015625
2025-01-31 00:00:00+00:00,10908.976475036281,0.9362712702849219,591.6903076171875
2025-02-03 00:00:00+00:00,10886.763613829633,0.9381815959350712,587.70849609375
2025-02-04 00:00:00+00:00,10881.651929247224,0.9386223092045842,591.6510009765625
2025-02-05 00:00:00+00:00,10893.050875548492,0.9095108925063173,594.0499877929688
2025-02-06 00:00:00+00:00,10880.318595181525,0.8567602180519273,596.1146240234375
2025-02-07 00:00:00+00:00,10888.558472006087,0.856111867888489,590.6580200195312
2025-02-10 00:00:00+00:00,10881.369135273164,0.8566775022698602,594.6693115234375
2025-02-11 00:00:00+00:00,10890.547528614601,0.855955507066044,595.1216430664062
2025-02-12 00:00:00+00:00,10889.319651218897,0.8760813759716585,593.2044677734375
2025-02-13 00:00:00+00:00,10880.060141223646,0.8768269678298071,599.4672241210938
2025-02-14 00:00:00+00:00,10868.686168922955,0.8777445585569285,599.4376831054688
2025-02-18 00:00:00+00:00,10896.434233495547,0.8755093582916701,601.1976318359375
2025-02-19 00:00:00+00:00,10916.07217770575,0.8739343225412877,602.61328125
2025-02-20 00:00:00+00:00,10925.503415151119,0.8731799150056024,600.1063232421875
2025-02-21 00:00:00+00:00,10923.950680553924,0.8982031080019321,589.8419189453125
2025-02-24 00:00:00+00:00,10924.81848244212,0.9246164063866972,587.1578979492188
2025-02-25 00:00:00+00:00,10935.203700128824,0.9237382935576778,584.2379150390625
2025-02-26 00:00:00+00:00,10935.524598307376,0.9434416217542761,584.532958984375
2025-02-27 00:00:00+00:00,10925.744090167145,0.9442861718723504,575.2025146484375
2025-02-28 00:00:00+00:00,10941.820820273355,0.9729571643671667,584.178955078125
2025-03-03 00:00:00+00:00,10936.893609268394,0.973395494062864,573.9441528320312
2025-03-04 00:00:00+00:00,10938.665463485791,0.9157194673251164,567.1505126953125
2025-03-05 00:00:00+00:00,10959.10653791913,0.9412936680408676,573.24609375
2025-03-06 00:00:00+00:00,10960.878473291672,0.9706563040392954,563.0703735351562
2025-03-07 00:00:00+00:00,10965.376247585607,0.9702581605671536,566.2262573242188
2025-03-10 00:00:00+00:00,10952.622963760085,0.8353275611391161,551.1444702148438
2025-03-11 00:00:00+00:00,10965.784033459446,0.8624474731916412,546.5628051757812
2025-03-12 00:00:00+00:00,10983.026772682428,0.8610934787799411,549.4631958007812
2025-03-13 00:00:00+00:00,10942.821063175415,0.8655680832228466,542.138671875
2025-03-14 00:00:00+00:00,10990.232056351811,0.8618340908670012,553.3369140625
2025-03-17 00:00:00+00:00,11003.797612071197,0.8607716160021694,557.60400390625
2025-03-18 00:00:00+00:00,10983.334136707897,0.862375352949279,551.5770263671875
2025-03-19 00:00:00+00:00,11000.691363880338,0.8610146707508671,557.5842895507812
2025-03-20 00:00:00+00:00,10988.449415227735,0.8361146878821778,555.9718627929688
2025-03-21 00:00:00+00:00,10989.603495586158,0.8109460762718107,556.1552734375
2025-03-24 00:00:00+00:00,11034.970188484012,0.8382711600718732,566.1151733398438
2025-03-25 00:00:00+00:00,11044.07908122669,0.8674325450657996,567.4760131835938
2025-03-26 00:00:00+00:00,11042.64604525969,0.8675451142843483,560.7013549804688
2025-03-27 00:00:00+00:00,11033.706876944127,0.868247972524505,559.2123413085938
2025-03-28 00:00:00+00:00,10993.40682989939,0.8452879039555544,547.9506225585938
2025-03-31 00:00:00+00:00,10996.899425493744,0.8711563828673892,551.6289672851562
2025-04-01 00:00:00+00:00,10990.13373482443,0.8716926797636138,553.18701171875
2025-04-02 00:00:00+00:00,11015.659749005901,0.8969075859010756,556.687744140625
2025-04-03 00:00:00+00:00,10936.224220263342,0.6442597491930382,529.2537841796875
2025-04-04 00:00:00+00:00,10690.448826117285,0.4281900797932629,498.2696838378906
2025-04-07 00:00:00+00:00,10667.19681619192,0.39164937247481185,497.3821716308594
2025-04-08 00:00:00+00:00,10461.16122959766,0.36541124814823,489.5917663574219
2025-04-09 00:00:00+00:00,11190.059707685066,0.3871473872856067,541.0084838867188
2025-04-10 00:00:00+00:00,10773.896328335395,0.41552733426998056,517.3019409179688
2025-04-11 00:00:00+00:00,10855.548279945866,0.4312981457045517,526.5320434570312
2025-04-14 00:00:00+00:00,10961.599913171962,0.4405107397091208,531.6401977539062
2025-04-15 00:00:00+00:00,10912.312781000664,0.44250037394034636,530.151123046875
2025-04-16 00:00:00+00:00,10848.19132302364,0.4575905300453164,518.3668823242188
2025-04-17 00:00:00+00:00,10919.778180720115,0.4545907009631245,519.1064453125
2025-04-21 00:00:00+00:00,10819.787617430617,0.49854051475670297,506.7503356933594
2025-04-22 00:00:00+00:00,10956.36572015026,0.4923258885409023,519.9348754882812
2025-04-23 00:00:00+00:00,11042.832746256063,0.6320388731911171,527.9915161132812
2025-04-24 00:00:00+00:00,11212.533446000016,0.7815542038450302,539.1051635742188
2025-04-25 00:00:00+00:00,11211.320820608402,0.805996493829157,543.0003662109375
2025-04-28 00:00:00+00:00,11214.28214056685,0.8556739056454222,543.2074584960938
2025-04-29 00:00:00+00:00,11225.76270904149,0.9137307961831469,546.6292724609375
2025-04-30 00:00:00+00:00,11219.649676847543,1.0,546.8462524414062
2025-05-01 00:00:00+00:00,11219.48146620771,0.9700145429466709,550.7216796875
2025-05-02 00:00:00+00:00,11217.973457095452,0.9701449400077249,558.896728515625
2025-05-05 00:00:00+00:00,11214.441338353181,0.9704504984409926,555.6918334960938
2025-05-06 00:00:00+00:00,11210.770319856152,0.9707682769369019,551.047119140625
2025-05-07 00:00:00+00:00,11214.719118014207,0.9704264611550238,553.364501953125
2025-05-08 00:00:00+00:00,11216.326429137474,0.9702873980441931,557.2203369140625
2025-05-09 00:00:00+00:00,11214.877866262072,0.970412724625547,556.51025390625
2025-05-12 00:00:00+00:00,11230.990575238518,0.9690205074640966,574.9015502929688
2025-05-13 00:00:00+00:00,11230.990575238518,0.9690205074640966,578.6981811523438
2025-05-14 00:00:00+00:00,11222.418288944733,0.9697606974125248,579.4376831054688
2025-05-15 00:00:00+00:00,11224.898675734277,0.969546407583069,582.267822265625
2025-05-16 00:00:00+00:00,11231.129395599306,0.9690085300598912,585.9560546875
2025-05-19 00:00:00+00:00,11234.383754529044,0.9687278291659484,586.596923828125
2025-05-20 00:00:00+00:00,11233.629710275927,0.9687928538882559,584.6246337890625
2025-05-21 00:00:00+00:00,11226.625018270704,0.9693973183241218,574.7733154296875
2025-05-22 00:00:00+00:00,11224.9780697067,0.9695395500070212,575.0001831054688
2025-05-23 00:00:00+00:00,11223.132596514648,0.9696989760168974,571.0753173828125
2025-05-27 00:00:00+00:00,11229.343547280541,0.9691626354398707,582.9483032226562
2025-05-28 00:00:00+00:00,11226.367067254294,0.9694195924063846,579.5757446289062
2025-05-29 00:00:00+00:00,11227.801941120215,1.0,581.8635864257812
2025-05-30 00:00:00+00:00,11227.801941120215,1.0,581.2127685546875
2025-06-02 00:00:00+00:00,11227.801941120215,1.0,584.4867553710938
2025-06-03 00:00:00+00:00,11227.801941120215,1.0,587.8197631835938
2025-06-04 00:00:00+00:00,11227.801941120215,1.0,587.6619873046875
2025-06-05 00:00:00+00:00,11227.801941120215,1.0,584.8218994140625
2025-06-06 00:00:00+00:00,11227.801941120215,1.0,590.8275146484375
2025-06-09 00:00:00+00:00,11227.801941120215,1.0,591.3599243164062
2025-06-10 00:00:00+00:00,11227.801941120215,1.0,594.7127685546875
2025-06-11 00:00:00+00:00,11227.801941120215,1.0,593.0166015625
2025-06-12 00:00:00+00:00,11227.801941120215,1.0,595.3734741210938
2025-06-13 00:00:00+00:00,11227.801941120215,1.0,588.7171020507812
2025-06-16 00:00:00+00:00,11227.801941120215,1.0,594.3184204101562
2025-06-17 00:00:00+00:00,11227.801941120215,1.0,589.2398681640625
2025-06-18 00:00:00+00:00,11227.801941120215,1.0,589.1510009765625
2025-06-20 00:00:00+00:00,11227.801941120215,1.0,587.7673950195312
2025-06-23 00:00:00+00:00,11227.801941120215,1.0,593.5730590820312
2025-06-24 00:00:00+00:00,11227.801941120215,1.0,600.1304321289062
2025-06-25 00:00:00+00:00,11227.801941120215,1.0,600.4666748046875
2025-06-26 00:00:00+00:00,11227.801941120215,1.0,605.1646118164062
2025-06-27 00:00:00+00:00,11227.801941120215,1.0,608.1712646484375
2025-06-30 00:00:00+00:00,11227.801941120215,1.0,611.0791015625
2025-07-01 00:00:00+00:00,11227.801941120215,1.0,610.8812866210938
2025-07-02 00:00:00+00:00,11227.801941120215,1.0,613.650634765625
2025-07-03 00:00:00+00:00,11227.801941120215,1.0,618.4869995117188
2025-07-07 00:00:00+00:00,11227.801941120215,1.0,613.8780517578125
2025-07-08 00:00:00+00:00,11227.801941120215,1.0,613.5418090820312
2025-07-09 00:00:00+00:00,11227.801941120215,1.0,617.2210693359375
2025-07-10 00:00:00+00:00,11227.801941120215,1.0,618.9617919921875
2025-07-11 00:00:00+00:00,11227.801941120215,1.0,616.7857666015625
2025-07-14 00:00:00+00:00,11227.801941120215,1.0,617.9628295898438
2025-07-15 00:00:00+00:00,11227.801941120215,1.0,615.3220825195312
2025-07-16 00:00:00+00:00,11227.801941120215,1.0,617.3792724609375
2025-07-17 00:00:00+00:00,11227.801941120215,1.0,621.1573486328125
2025-07-18 00:00:00+00:00,11227.801941120215,1.0,620.7025146484375
2025-07-21 00:00:00+00:00,11227.801941120215,1.0,621.87939453125
2025-07-22 00:00:00+00:00,11227.801941120215,1.0,621.9684448242188
2025-07-23 00:00:00+00:00,11227.801941120215,1.0,627.2598266601562
2025-07-24 00:00:00+00:00,11227.801941120215,1.0,627.4674682617188
2025-07-25 00:00:00+00:00,11227.801941120215,1.0,630.1181030273438
2025-07-28 00:00:00+00:00,11227.801941120215,1.0,629.9598388671875
2025-07-29 00:00:00+00:00,11227.801941120215,1.0,628.2982788085938
2025-07-30 00:00:00+00:00,11227.801941120215,0.9682601654709391,627.5070190429688
2025-07-31 00:00:00+00:00,11226.494931160667,0.9393217054017973,625.1531372070312
2025-08-01 00:00:00+00:00,11222.3326890653,0.9396700896862094,614.9066162109375
2025-08-04 00:00:00+00:00,11221.813602696573,0.9397135559165288,624.2529907226562
2025-08-05 00:00:00+00:00,11237.960532925632,0.9706284467639879,621.0880737304688
2025-08-06 00:00:00+00:00,11237.00958819983,0.9707105873010158,625.8455200195312
2025-08-07 00:00:00+00:00,11238.277552531083,0.9706010663895672,625.3212280273438
2025-08-08 00:00:00+00:00,11243.032238129903,0.9701905985713828,630.1972045898438
2025-08-11 00:00:00+00:00,11245.641260804121,0.9699655114277256,628.9510498046875
2025-08-12 00:00:00+00:00,11249.823021696118,0.9696049578586206,635.6468505859375
2025-08-13 00:00:00+00:00,11257.731059933509,1.0,637.8228149414062
2025-08-14 00:00:00+00:00,11257.731059933509,1.0,637.882080078125
2025-08-15 00:00:00+00:00,11257.731059933509,1.0,636.388671875
2025-08-18 00:00:00+00:00,11257.731059933509,1.0,636.2501220703125
2025-08-19 00:00:00+00:00,11257.731059933509,1.0,632.7984008789062
2025-08-20 00:00:00+00:00,11257.731059933509,1.0,631.116943359375
2025-08-21 00:00:00+00:00,11257.731059933509,1.0,628.5851440429688
2025-08-22 00:00:00+00:00,11257.731059933509,1.0,638.2381591796875
2025-08-25 00:00:00+00:00,11257.731059933509,1.0,635.4292602539062
2025-08-26 00:00:00+00:00,11257.731059933509,1.0,638.0897827148438
2025-08-27 00:00:00+00:00,11257.731059933509,1.0,639.5436401367188
2025-08-28 00:00:00+00:00,11257.731059933509,1.0,641.80859375
2025-08-29 00:00:00+00:00,11257.731059933509,1.0,637.98095703125
2025-09-02 00:00:00+00:00,11257.731059933509,1.0,633.2533569335938
2025-09-03 00:00:00+00:00,11257.731059933509,1.0,636.6853637695312
2025-09-04 00:00:00+00:00,11257.731059933509,1.0,642.0064086914062
2025-09-05 00:00:00+00:00,11257.731059933509,1.0,640.14697265625
2025-09-08 00:00:00+00:00,11257.731059933509,1.0,641.7196044921875
2025-09-09 00:00:00+00:00,11257.731059933509,1.0,643.2031860351562
2025-09-10 00:00:00+00:00,11257.398560230542,0.9409277905209494,645.0625610351562
2025-09-11 00:00:00+00:00,11257.826926354237,0.9408919877329922,650.423095703125
2025-09-12 00:00:00+00:00,11252.763359413928,0.941315374363575,650.2055053710938
2025-09-15 00:00:00+00:00,11255.988822251313,0.9410456354889,653.6671752929688
2025-09-16 00:00:00+00:00,11248.919329204276,0.9416370447951931,652.7671508789062
2025-09-17 00:00:00+00:00,11255.901302297254,0.9410529525636123,651.9561157226562
2025-09-18 00:00:00+00:00,11241.05385033632,0.9422959177421367,655.00244140625
2025-09-19 00:00:00+00:00,11239.138792764408,0.9424564772801516,658.2465209960938
2025-09-22 00:00:00+00:00,11248.557062489928,0.9708845112426892,661.3607177734375
2025-09-23 00:00:00+00:00,11253.595628698356,0.9704498176521216,657.7605590820312
2025-09-24 00:00:00+00:00,11253.666582599737,0.9704436990062429,655.6677856445312
2025-09-25 00:00:00+00:00,11252.88595432803,0.9705110200286561,652.6429443359375
2025-09-26 00:00:00+00:00,11255.582662792654,0.9702784967234545,656.3819580078125
2025-09-29 00:00:00+00:00,11273.147978836101,1.0,658.2266845703125
2025-09-30 00:00:00+00:00,11273.147978836101,1.0,660.7061157226562
2025-10-01 00:00:00+00:00,11272.978966122775,0.9700145429466709,662.9574584960938
2025-10-02 00:00:00+00:00,11271.257592299064,0.9701626859226588,663.7210693359375
2025-10-03 00:00:00+00:00,11274.329069702453,0.9698983834751248,663.7112426757812
2025-10-06 00:00:00+00:00,11269.770554227318,0.9411819772416052,666.0914916992188
2025-10-07 00:00:00+00:00,11269.7591279742,0.941182931493012,663.6219482421875
2025-10-08 00:00:00+00:00,11308.320950788522,0.9691035865243179,667.5791625976562
2025-10-09 00:00:00+00:00,11300.821114690916,0.9697467360783876,665.6452026367188
2025-10-10 00:00:00+00:00,11299.302248163778,0.9698770906635542,647.6542358398438
2025-10-13 00:00:00+00:00,11300.868373260433,0.9697426807401582,657.5919189453125
2025-10-14 00:00:00+00:00,11300.699610312973,0.9697571627314262,656.78857421875
2025-10-15 00:00:00+00:00,11297.844133825613,0.9700022642520196,659.7044067382812
2025-10-16 00:00:00+00:00,11293.646346173611,0.8856239358694914,655.2117309570312
2025-10-17 00:00:00+00:00,11332.129122757111,0.8826164456007277,658.9308471679688
2025-10-20 00:00:00+00:00,11338.716302188248,0.9124662973177325,665.7840576171875
2025-10-21 00:00:00+00:00,11341.525491506505,0.9122402879878928,665.7741088867188
2025-10-22 00:00:00+00:00,11342.846288404682,0.8847700419281265,662.3128051757812
2025-10-23 00:00:00+00:00,11340.050605581639,0.8849881658584857,666.2402954101562
2025-10-24 00:00:00+00:00,11347.891806782522,0.8843766540123162,671.6851806640625
2025-10-27 00:00:00+00:00,11342.734228664378,0.8847787829511576,679.6094970703125
2025-10-28 00:00:00+00:00,11317.812301415175,0.8867270740053915,681.4144897460938
2025-10-29 00:00:00+00:00,11297.381903625092,0.7864327355006653,681.7418823242188
2025-10-30 00:00:00+00:00,11292.103230036368,0.8385838742458916,674.2440185546875
2025-10-31 00:00:00+00:00,11297.450514135764,0.8381869575954355,676.4556274414062
2025-11-03 00:00:00+00:00,11342.127801934867,0.8680088683480065,677.7251586914062
2025-11-04 00:00:00+00:00,11341.1726215579,0.868081974107503,669.6917114257812
2025-11-05 00:00:00+00:00,11350.227546186788,0.9247953545533695,672.012451171875
2025-11-06 00:00:00+00:00,11339.258890817155,0.9256899246155937,664.8021850585938
2025-11-07 00:00:00+00:00,11350.757263754547,0.9247521961689107,665.4567260742188
2025-11-10 00:00:00+00:00,11358.68856495401,0.9241064800582223,675.8407592773438
2025-11-11 00:00:00+00:00,11365.583982116523,0.9484546653334348,677.3878784179688
2025-11-12 00:00:00+00:00,11369.172486692787,0.9752717028050042,677.7647705078125
2025-11-13 00:00:00+00:00,11368.96280902072,0.975289689731667,666.5180053710938
2025-11-14 00:00:00+00:00,11365.521949321492,0.9755849542169615,666.4088745117188
2025-11-17 00:00:00+00:00,11361.724754200663,0.9466336737551022,660.2002563476562
2025-11-18 00:00:00+00:00,11358.160056170722,0.9469307696909952,654.6561889648438
2025-11-19 00:00:00+00:00,11355.7154909345,0.9471346171757742,657.185302734375
2025-11-20 00:00:00+00:00,11345.445327179226,0.9479919856911716,647.1683349609375
2025-11-21 00:00:00+00:00,11355.42698822446,0.9471586806393595,653.6148681640625
2025-11-24 00:00:00+00:00,11353.519592703075,0.9708394318895818,663.2351684570312
2025-11-25 00:00:00+00:00,11356.857985408436,0.9705540498515515,669.4734497070312
2025-11-26 00:00:00+00:00,11360.19960069499,0.9702685603035323,674.09521484375
2025-11-28 00:00:00+00:00,11362.55081607505,0.970067785812073,677.7747192382812
2025-12-01 00:00:00+00:00,11360.160627603675,0.9702718889857963,674.6802978515625
2025-12-02 00:00:00+00:00,11359.731963881515,0.9703085025573809,675.9300537109375
2025-12-03 00:00:00+00:00,11372.952429028062,1.0,678.2706298828125
2025-12-04 00:00:00+00:00,11372.952429028062,1.0,678.7665405273438
2025-12-05 00:00:00+00:00,11372.952429028062,1.0,680.0557861328125
2025-12-08 00:00:00+00:00,11372.952429028062,1.0,678.0127563476562
2025-12-09 00:00:00+00:00,11372.952429028062,1.0,677.4276123046875
2025-12-10 00:00:00+00:00,11372.952429028062,1.0,681.92041015625
2025-12-11 00:00:00+00:00,11372.781919996141,0.9700145429466709,683.5072631835938
2025-12-12 00:00:00+00:00,11369.373591584108,0.9703053354076786,676.1581420898438
2025-12-15 00:00:00+00:00,11364.970777615272,0.9415607967553322,675.1365356445312
2025-12-16 00:00:00+00:00,11375.829279255659,0.9703302862399699,673.2918701171875
2025-12-17 00:00:00+00:00,11380.711482262628,0.9699140249676745,665.8832397460938
2025-12-18 00:00:00+00:00,11381.816914563782,0.9698198243404293,670.9114990234375
2025-12-19 00:00:00+00:00,11381.540538918522,0.9698433742789303,676.9923095703125
2025-12-22 00:00:00+00:00,11381.816914563782,0.9698198243404293,681.2098388671875
2025-12-23 00:00:00+00:00,11383.19865223031,0.9697021037750613,684.3233032226562
2025-12-24 00:00:00+00:00,11389.462628043748,0.9691687870837776,686.7305297851562
2025-12-26 00:00:00+00:00,11391.036427685176,1.0,686.660888671875
2025-12-29 00:00:00+00:00,11391.036427685176,1.0,684.2138671875
2025-12-30 00:00:00+00:00,11391.036427685176,1.0,683.3782958984375
2025-12-31 00:00:00+00:00,11391.036427685176,1.0,678.3152465820312
2026-01-02 00:00:00+00:00,11391.036427685176,1.0,679.55859375
2026-01-05 00:00:00+00:00,11391.036427685176,1.0,684.0845947265625
2026-01-06 00:00:00+00:00,11391.036427685176,1.0,688.1529541015625
2026-01-07 00:00:00+00:00,11391.036427685176,1.0,685.9347534179688
2026-01-08 00:00:00+00:00,11391.036427685176,1.0,685.8651123046875
2026-01-09 00:00:00+00:00,11391.036427685176,1.0,690.4010009765625
2026-01-12 00:00:00+00:00,11391.036427685176,1.0,691.4852294921875
2026-01-13 00:00:00+00:00,11391.036427685176,1.0,690.1026000976562
2026-01-14 00:00:00+00:00,11391.036427685176,1.0,686.7105712890625
2026-01-15 00:00:00+00:00,11391.036427685176,1.0,688.5806884765625
2026-01-16 00:00:00+00:00,11391.036427685176,1.0,688.0037231445312
2026-01-20 00:00:00+00:00,11390.699990777191,0.9409277905209493,673.9981689453125
2026-01-21 00:00:00+00:00,11406.532738312462,0.9396217431445893,681.77685546875
2026-01-22 00:00:00+00:00,11423.303030566776,0.9382423057612967,685.3379516601562
2026-01-23 00:00:00+00:00,11415.23430581055,0.9389054913532019,685.5865478515625
2026-01-26 00:00:00+00:00,11418.113121013874,0.9386687678793367,689.068115234375
2026-01-27 00:00:00+00:00,11412.93518002056,0.9390946330416005,691.8134765625
2026-01-28 00:00:00+00:00,11416.829891794334,0.938774272402206,691.7438354492188
2026-01-29 00:00:00+00:00,11414.964366986173,0.9107598635728011,690.3711547851562
2026-01-30 00:00:00+00:00,11399.350206348252,0.9691328295733632,688.3121337890625
2026-02-02 00:00:00+00:00,11413.67950032575,1.0,691.73388671875
2026-02-03 00:00:00+00:00,11413.508380693063,0.9700145429466708,685.885009765625
2026-02-04 00:00:00+00:00,11410.744475809468,0.9702494993895296,682.5626831054688
2026-02-05 00:00:00+00:00,11398.515567271306,0.9421517195354713,674.0379638671875
2026-02-06 00:00:00+00:00,11397.018975534382,0.9422754375429092,686.96923828125
2026-02-09 00:00:00+00:00,11387.606469529665,0.9430542819153155,690.2816162109375
2026-02-10 00:00:00+00:00,11389.77190513988,0.9428749874271174,688.4613037109375
2026-02-11 00:00:00+00:00,11373.715594920755,0.944206047024101,688.3021850585938
2026-02-12 00:00:00+00:00,11336.542950638372,0.9473021086425442,677.668701171875
2026-02-13 00:00:00+00:00,11333.735290403514,0.9475367799484008,678.1461181640625
2026-02-17 00:00:00+00:00,11337.313272431766,0.9472377435287223,679.2402954101562
2026-02-18 00:00:00+00:00,11366.814053809478,0.9447793366741477,682.662109375
2026-02-19 00:00:00+00:00,11352.542484963378,0.945967042720223,680.8616943359375
2026-02-20 00:00:00+00:00,11357.832323619205,0.9455264645458724,685.7855834960938
2026-02-23 00:00:00+00:00,11321.657449898414,0.9485476035094895,678.7827758789062
2026-02-24 00:00:00+00:00,11335.721591452255,0.947370747880257,683.7164916992188
2026-02-25 00:00:00+00:00,11358.352689782398,0.9454831466465266,689.4859008789062
2026-02-26 00:00:00+00:00,11378.05340437334,0.9438460745604111,685.6561889648438
2026-02-27 00:00:00+00:00,11370.135532649922,0.944503344838638,682.3637084960938
2026-03-02 00:00:00+00:00,11365.63780219148,0.9448771136966743,682.7516479492188
2026-03-03 00:00:00+00:00,11362.013343185143,0.9451785275624374,676.7337036132812
2026-03-04 00:00:00+00:00,11373.17801628094,1.0,681.50830078125
2026-03-05 00:00:00+00:00,11373.17801628094,1.0,677.7084350585938
2026-03-06 00:00:00+00:00,11373.17801628094,1.0,668.8256225585938
2026-03-09 00:00:00+00:00,11373.17801628094,1.0,674.6845092773438
2026-03-10 00:00:00+00:00,11373.17801628094,1.0,673.6002807617188
2026-03-11 00:00:00+00:00,11373.17801628094,1.0,672.7548217773438
2026-03-12 00:00:00+00:00,11373.17801628094,1.0,662.5390625
2026-03-13 00:00:00+00:00,11373.17801628094,1.0,658.7890014648438
2026-03-16 00:00:00+00:00,11373.17801628094,1.0,665.493408203125
2026-03-17 00:00:00+00:00,11373.17801628094,1.0,667.2440185546875
2026-03-18 00:00:00+00:00,11373.17801628094,1.0,657.9335327148438
2026-03-19 00:00:00+00:00,11373.17801628094,1.0,656.3121337890625
2026-03-20 00:00:00+00:00,11373.17801628094,1.0,646.9034423828125
2026-03-23 00:00:00+00:00,11373.17801628094,1.0,653.6959228515625
2026-03-24 00:00:00+00:00,11373.17801628094,1.0,651.5015869140625
2026-03-25 00:00:00+00:00,11373.17801628094,1.0,655.1322021484375
2026-03-26 00:00:00+00:00,11373.17801628094,1.0,643.432373046875
2026-03-27 00:00:00+00:00,11373.17801628094,1.0,632.4606323242188
2026-03-30 00:00:00+00:00,11373.17801628094,1.0,630.3460693359375
2026-03-31 00:00:00+00:00,11373.17801628094,1.0,648.6688842773438
2026-04-01 00:00:00+00:00,11373.17801628094,1.0,653.5562744140625
2026-04-02 00:00:00+00:00,11373.17801628094,1.0,654.144775390625
2026-04-06 00:00:00+00:00,11373.17801628094,1.0,657.23681640625
2026-04-07 00:00:00+00:00,11373.17801628094,1.0,657.5260009765625
2026-04-08 00:00:00+00:00,11373.17801628094,1.0,674.27294921875
2026-04-09 00:00:00+00:00,11373.17801628094,1.0,678.162841796875
2026-04-10 00:00:00+00:00,11373.17801628094,1.0,677.7140502929688
2026-04-13 00:00:00+00:00,11373.0075038669,0.9700145429466709,684.3369750976562
2026-04-14 00:00:00+00:00,11367.434055663884,1.0,692.675537109375
2026-04-15 00:00:00+00:00,11367.434055663884,1.0,698.1414184570312
2026-04-16 00:00:00+00:00,11367.434055663884,1.0,699.8569946289062
2026-04-17 00:00:00+00:00,11367.434055663884,1.0,708.3152465820312
2026-04-20 00:00:00+00:00,11367.434055663884,1.0,706.8988037109375
2026-04-21 00:00:00+00:00,11367.434055663884,1.0,702.2708129882812
2026-04-22 00:00:00+00:00,11367.434055663884,1.0,709.3825073242188
2026-04-23 00:00:00+00:00,11367.434055663884,1.0,706.6295776367188
2026-04-24 00:00:00+00:00,11367.434055663884,1.0,712.10546875
2026-04-27 00:00:00+00:00,11367.434055663884,1.0,713.332275390625
2026-04-28 00:00:00+00:00,11367.434055663884,1.0,709.8612060546875
2026-04-29 00:00:00+00:00,11367.434055663884,1.0,709.7515258789062
