1743465600,1.0275,1.0495,1.0202,1.0495,1393.73784,6
1743480000,1.0499,1.0787,1.0499,1.0692,2377.99686,15
1743494400,1.0788,1.0874,1.0343,1.0453,38532.79084,72
1743508800,1.0469,1.0816,1.0326,1.0783,67763.93776,66
1743523200,1.0619,1.0701,1.0388,1.042,7016.08278,23
1743537600,1.035,1.0366,1.0196,1.0212,5310.4801,20
1743552000,1.02,1.02,0.941,0.9628,48712.79736,55
1743566400,0.9456,0.9482,0.9186,0.9271,18675.32686,32
1743580800,0.9368,0.9487,0.9264,0.9264,21214.48663,44
1743595200,0.9363,0.9515,0.9185,0.9433,16520.58005,43
1743609600,0.949,0.9616,0.9319,0.9479,29978.59171,49
1743624000,0.9466,0.9778,0.87,0.8716,73053.37624,96
1743638400,0.8805,0.9488,0.8805,0.9459,8354.82718,31
1743652800,0.9538,0.9664,0.9259,0.9381,24710.77751,49
1743667200,0.9337,0.9337,0.907,0.9071,323.46828,5
1743681600,0.9128,0.9281,0.8978,0.9212,28733.0487,38
1743696000,0.9306,0.9326,0.9136,0.9219,34506.07634,52
1743710400,0.9216,0.954,0.9172,0.9443,30322.30573,39
1743724800,0.9328,0.9503,0.9137,0.9496,30540.09535,43
1743739200,0.9487,0.9869,0.9477,0.9645,3032.34312,19
1743753600,0.9636,0.9644,0.9186,0.9254,6915.30844,18
1743768000,0.9184,0.9511,0.9184,0.941,38672.81875,46
1743782400,0.9272,0.939,0.9147,0.939,6480.50087,7
1743796800,0.9443,0.9541,0.9443,0.9491,33.09757,5
1743811200,0.9587,0.977,0.9235,0.9351,9948.99093,19
1743825600,0.9333,0.96,0.9302,0.96,20642.35464,24
1743840000,0.9727,1.0223,0.9727,0.9991,50387.34882,56
1743854400,0.9864,0.9881,0.954,0.9652,14586.56633,32
1743868800,0.9687,0.9945,0.954,0.9794,30246.29467,42
1743883200,0.9824,0.9844,0.9635,0.9734,21629.59376,35
1743897600,0.978,0.9798,0.9474,0.9569,1708.71948,7
1743912000,0.9478,0.9478,0.9417,0.9444,1008.85994,9
1743926400,0.9388,0.9501,0.9093,0.9106,10973.70461,25
1743940800,0.9151,0.9151,0.8767,0.8972,16066.95396,27
1743955200,0.876,0.876,0.81,0.8224,16187.53442,41
1743969600,0.8146,0.8149,0.7939,0.8059,38762.27885,59
1743984000,0.8052,0.8584,0.7868,0.8295,17689.75709,44
1743998400,0.826,0.834,0.792,0.8278,18100.3833,26
1744012800,0.8369,0.8426,0.8323,0.8358,21376.50331,16
1744027200,0.8364,0.8933,0.8274,0.8808,150395.76204,118
1744041600,0.8741,0.9101,0.8494,0.9027,97352.7540299999,123
1744056000,0.9003,0.9271,0.9003,0.9096,38605.9508,83
1744070400,0.8965,0.9239,0.8841,0.911,4851.15419,26
1744084800,0.9089,0.9089,0.891,0.8992,3121.8428,12
1744099200,0.895,0.9584,0.8897,0.9548,40888.70995,84
1744113600,0.9603,0.9682,0.9199,0.9199,37872.12596,68
1744128000,0.9069,0.9069,0.8759,0.8871,7727.45372,18
1744142400,0.8779,0.8793,0.858,0.8703,7279.99664,25
1744156800,0.8553,0.8731,0.8261,0.8648,12051.45146,29
1744171200,0.8779,0.8795,0.8594,0.8595,24624.72213,40
1744185600,0.8654,0.8682,0.8387,0.8418,8948.04344,24
1744200000,0.8249,0.8699,0.8249,0.8612,20180.76158,39
1744214400,0.863,0.9185,0.8549,0.9026,27104.08996,81
1744228800,0.8991,0.9104,0.8951,0.8951,5636.36835,20
1744243200,0.8989,0.9063,0.8525,0.8538,6510.2006,35
1744257600,0.8515,0.8519,0.8342,0.8415,7350.69437,43
1744272000,0.8421,0.8433,0.8201,0.8232,28077.99973,61
1744286400,0.8216,0.8288,0.7935,0.801,38210.76802,186
1744300800,0.8019,0.8048,0.789,0.7905,9116.25293,148
1744315200,0.7912,0.8112,0.7912,0.798,141551.9832,203
1744329600,0.798,0.8032,0.7914,0.798,21766.95789,103
1744344000,0.801,0.8432,0.801,0.819,30032.69832,180
1744358400,0.816,0.821,0.8039,0.807,18493.4218,157
1744372800,0.804,0.8172,0.792,0.816,36376.31973,159
1744387200,0.8172,0.8336,0.8115,0.8185,77429.05118,178
1744401600,0.8201,0.8255,0.8135,0.816,7244.74146,66
1744416000,0.8172,0.8426,0.8062,0.82,15924.93896,150
1744430400,0.8171,0.8214,0.81,0.813,6726.13936,100
1744444800,0.812,0.832,0.8027,0.812,37093.55924,239
1744459200,0.8136,0.8474,0.7982,0.843,25660.86704,260
1744473600,0.844,0.888,0.844,0.872,73112.98253,235
1744488000,0.876,0.88,0.856,0.864,27598.76413,81
1744502400,0.8609,0.8734,0.816,0.8172,18713.70958,149
1744516800,0.816,0.8294,0.808,0.8172,5216.54315,71
1744531200,0.8172,0.8244,0.816,0.816,2881.57297,44
1744545600,0.816,0.8208,0.7889,0.7956,17177.39306,99
1744560000,0.7956,0.844,0.7666,0.7704,27445.77971,184
1744574400,0.7692,0.7747,0.7344,0.7596,94295.29522,236
1744588800,0.756,0.7776,0.7512,0.7597,18023.65042,124
1744603200,0.7639,0.7849,0.7448,0.7524,14825.2475,101
1744617600,0.7524,0.7721,0.7452,0.7721,15646.16598,96
1744632000,0.7745,0.7748,0.7375,0.7416,9299.83192,100
1744646400,0.7416,0.757,0.7232,0.7488,35759.32522,202
1744660800,0.7488,0.7596,0.7444,0.7524,3920.68752,70
1744675200,0.7561,0.7632,0.743,0.7596,4608.36463,57
1744689600,0.758,0.7657,0.7483,0.7596,14169.59623,69
1744704000,0.756,0.7562,0.7452,0.7488,2235.74582,36
1744718400,0.7452,0.7488,0.7215,0.7308,22869.29662,165
1744732800,0.736,0.736,0.7151,0.7206,5289.08577,98
1744747200,0.7236,0.7292,0.7112,0.7232,14747.72226,68
1744761600,0.72,0.722,0.7136,0.7155,3340.75133,63
1744776000,0.7168,0.719,0.6996,0.7008,9877.65719,68
1744790400,0.6976,0.7072,0.6891,0.6937,5949.87947,64
1744804800,0.6912,0.6994,0.6816,0.6848,38300.6449,129
1744819200,0.6878,0.7136,0.6752,0.7136,17249.19671,163
1744833600,0.7136,0.7136,0.691,0.6912,18322.37006,77
1744848000,0.6912,0.6935,0.6848,0.6912,9753.60977,59
1744862400,0.6912,0.7072,0.6912,0.704,2314.29772,39
1744876800,0.7007,0.7053,0.688,0.6912,25313.83796,58
1744891200,0.6912,0.6982,0.6703,0.6947,6913.16836,67
1744905600,0.6932,0.7039,0.6873,0.693,21339.10543,78
1744920000,0.6944,0.7098,0.6931,0.6976,17064.4368,54
1744934400,0.6976,0.7008,0.6905,0.6976,3066.56422,44
1744948800,0.6976,0.7136,0.6973,0.7073,1915.40929,37
1744963200,0.7136,0.7211,0.7038,0.704,8810.10135,49
1744977600,0.7072,0.7108,0.6965,0.6976,3381.63297,35
1744992000,0.7008,0.7168,0.7008,0.7154,3116.9275,29
1745006400,0.7136,0.7237,0.7124,0.7236,4610.45494,30
1745020800,0.7232,0.736,0.7168,0.7296,5440.20391,66
1745035200,0.7272,0.7416,0.7251,0.736,4977.25099,51
1745049600,0.738,0.7394,0.7263,0.7349,3975.53661,56
1745064000,0.7328,0.7452,0.7306,0.7417,2982.19144,52
1745078400,0.7414,0.7453,0.7295,0.738,10380.3572,90
1745092800,0.738,0.75,0.738,0.7488,961.44403,19
1745107200,0.7524,0.7668,0.7414,0.7658,12346.52513,75
1745121600,0.7668,0.7993,0.7668,0.7704,58146.36419,213
1745136000,0.774,0.7812,0.7338,0.7452,10669.86097,105
1745150400,0.7452,0.7712,0.7452,0.7489,21690.20513,100
1745164800,0.7524,0.7633,0.7524,0.7631,12294.18599,56
1745179200,0.7668,0.7747,0.7586,0.7747,1548.16057,33
1745193600,0.7778,0.7912,0.7632,0.7636,15518.27101,78
1745208000,0.7632,0.7704,0.7625,0.7704,2774.44443,34
1745222400,0.774,0.7807,0.7632,0.7704,9140.75044,48
1745236800,0.774,0.794,0.7704,0.794,13975.96596,77
1745251200,0.7956,0.7974,0.7703,0.774,3790.97293,66
1745265600,0.7704,0.7813,0.7704,0.774,2746.66341,41
1745280000,0.7704,0.7888,0.7576,0.774,16704.79373,105
1745294400,0.774,0.7812,0.7523,0.7777,26125.91178,78
1745308800,0.7776,0.7822,0.7632,0.7822,9877.37433,43
1745323200,0.7812,0.8321,0.7812,0.8264,36742.76603,236
1745337600,0.8296,0.8296,0.8047,0.816,11056.46965,97
1745352000,0.8172,0.8549,0.816,0.847,125334.90124,201
1745366400,0.8474,0.9134,0.845,0.9094,53574.18049,219
1745380800,0.9043,0.9206,0.877,0.884,33263.13591,185
1745395200,0.8818,0.9064,0.8749,0.8932,30572.62614,113
1745409600,0.8977,0.9154,0.868,0.8801,86484.96499,278
1745424000,0.88,0.9048,0.8592,0.8682,74063.02728,213
1745438400,0.872,0.8932,0.872,0.888,6333.84864,86
1745452800,0.8888,0.892,0.8596,0.8596,7393.43749,83
1745467200,0.86,0.884,0.852,0.872,17116.87136,84
1745481600,0.8758,0.8838,0.8635,0.88,28262.50697,96
1745496000,0.8781,0.9196,0.876,0.9148,18252.12199,77
1745510400,0.9103,0.9339,0.902,0.9339,33670.7703,177
1745524800,0.9328,0.9471,0.9204,0.9456,17400.6789,119
1745539200,0.9403,0.9416,0.9009,0.9087,8492.02064,99
1745553600,0.908,0.9636,0.9064,0.9592,33983.55663,154
1745568000,0.9592,0.9658,0.9398,0.9504,18101.33656,109
1745582400,0.9479,0.9527,0.925,0.9266,8752.76156,106
1745596800,0.9284,0.9332,0.9122,0.9162,37679.46191,103
1745611200,0.9196,0.9243,0.9108,0.9152,18079.34788,60
1745625600,0.92,0.9696,0.9152,0.9548,29543.51395,135
1745640000,0.9548,0.9985,0.9497,0.9856,14384.66819,121
1745654400,0.984,1.0033,0.9617,0.9617,15789.15295,182
1745668800,0.9648,0.9856,0.9548,0.984,13906.69918,111
1745683200,0.9856,0.9984,0.9786,0.9888,8840.9435,124
1745697600,0.99,1.0549,0.984,1.0512,56822.56716,261
1745712000,1.0504,1.0563,0.9548,0.9685,16770.74166,207
1745726400,0.968,0.968,0.9462,0.9504,23304.03272,95
1745740800,0.9548,0.9696,0.9548,0.9649,2827.29754,32
1745755200,0.9592,0.9592,0.9293,0.9367,3662.45822,68
1745769600,0.9372,0.946,0.924,0.934,1937.53915,37
1745784000,0.9328,0.9442,0.9328,0.9348,9372.87182,48
1745798400,0.9372,0.9428,0.8976,0.9388,6404.15383,99
1745812800,0.9372,0.99,0.9372,0.9744,13309.14819,155
1745827200,0.9725,1.0024,0.9636,0.9744,19116.27831,148
1745841600,0.9737,0.9768,0.9222,0.9299,8120.08573,105
1745856000,0.9284,0.9427,0.9231,0.9414,11897.76306,71
1745870400,0.94,0.9417,0.9258,0.9328,5964.06422,37
1745884800,0.9372,0.946,0.9169,0.924,10903.91686,60
1745899200,0.924,0.9287,0.9106,0.9287,3031.30362,27
1745913600,0.9283,0.9284,0.9,0.9108,47526.87391,91
1745928000,0.9108,0.9108,0.8888,0.8919,7112.88296,66
1745942400,0.8939,0.8939,0.8835,0.884,3562.39229,58
1745956800,0.884,0.884,0.8236,0.8481,41901.86523,199
1745971200,0.8474,0.8531,0.8342,0.844,86186.35551,279
1745985600,0.844,0.8722,0.836,0.84,39453.26206,213
1746000000,0.84,0.86,0.8389,0.8599,5964.09647,73
1746014400,0.86,0.864,0.8053,0.8224,33333.38797,204
1746028800,0.8208,0.8444,0.82,0.836,3200.4982,55
1746043200,0.836,0.8426,0.8286,0.8387,6900.65414,56
1746057600,0.84,0.8845,0.8381,0.864,23532.26513,203
1746072000,0.868,0.876,0.8626,0.872,3227.15728,45
1746086400,0.876,0.9,0.876,0.8932,21316.55839,133
1746100800,0.8932,0.9323,0.8932,0.8976,25173.82276,178
1746115200,0.8976,0.908,0.8834,0.8888,13933.21957,107
1746129600,0.8919,0.9338,0.8919,0.916,12848.94606,168
1746144000,0.9196,0.9421,0.876,0.8814,27984.77384,166
1746158400,0.88,0.8805,0.864,0.8643,6259.13438,43
1746172800,0.8682,0.8843,0.8682,0.8733,2673.89306,35
1746187200,0.876,0.892,0.8713,0.888,6980.40459,74
1746201600,0.8844,0.9,0.8772,0.8772,4967.34211,74
1746216000,0.88,0.8845,0.8699,0.8724,1803.15004,23
1746230400,0.876,0.8916,0.8432,0.856,24074.52476,106
1746244800,0.8526,0.856,0.844,0.8477,7750.59988,48
1746259200,0.844,0.844,0.8306,0.8306,1592.78987,34
1746273600,0.8326,0.845,0.832,0.8357,1117.935,26
1746288000,0.833,0.833,0.7948,0.8081,7436.96119,117
1746302400,0.8064,0.81,0.7969,0.7985,4330.88427,49
1746316800,0.7973,0.7992,0.7812,0.7884,31270.41787,90
1746331200,0.7884,0.794,0.7848,0.7848,1540.35741,34
1746345600,0.7884,0.7961,0.7789,0.7959,2245.446,31
1746360000,0.7992,0.7992,0.7836,0.7849,17771.02581,48
1746374400,0.7886,0.7902,0.774,0.7825,3900.62156,47
1746388800,0.7848,0.7993,0.7833,0.799,2553.33405,48
1746403200,0.7994,0.81,0.7846,0.8028,7277.2253,99
1746417600,0.804,0.8363,0.804,0.832,10931.71466,91
1746432000,0.836,0.8706,0.8318,0.86,13171.1541,112
1746446400,0.8599,0.8895,0.8413,0.848,61109.9888,421
1746460800,0.852,0.852,0.828,0.828,21042.97606,181
1746475200,0.8271,0.832,0.812,0.8197,6159.65149,69
1746489600,0.82,0.8321,0.808,0.8279,12333.56681,141
1746504000,0.8244,0.8482,0.824,0.84,11947.39907,99
1746518400,0.836,0.848,0.8193,0.8285,7475.37275,140
1746532800,0.8321,0.8821,0.832,0.8663,42924.53226,259
1746547200,0.8696,0.9374,0.8622,0.9191,71146.25472,486
1746561600,0.919,0.9856,0.8888,0.9624,66463.40446,527
1746576000,0.9654,1.21,0.9636,1.118,278719.2788199997,2114
1746590400,1.118,1.1587,1.0823,1.1388,99155.17681,836
1746604800,1.136,1.3907,1.1184,1.2891,315976.55819,2647
1746619200,1.283,1.4399,1.2422,1.2891,300108.3733800004,2525
1746633600,1.2897,1.3879,1.2619,1.2904,207316.2061599998,1758
1746648000,1.2952,1.5579,1.2769,1.4472,322540.0545800002,1916
1746662400,1.4515,1.6,1.3789,1.4159,322258.7790300003,2376
1746676800,1.4208,1.5262,1.3248,1.3369,108716.31727,1238
1746691200,1.3318,1.4656,1.3233,1.4157,107165.66868,996
1746705600,1.4216,1.4401,1.3314,1.3807,108400.2959399999,717
1746720000,1.3827,1.4245,1.2892,1.3307,102218.8521200001,448
1746734400,1.3371,1.376,1.3163,1.3568,34133.29714,267
1746748800,1.3504,1.3504,1.2821,1.2835,107336.23243,590
1746763200,1.2844,1.4811,1.278,1.368,236773.2652699999,786
1746777600,1.376,1.5899,1.3399,1.389,320781.1843100004,1604
1746792000,1.3942,1.4592,1.3725,1.3888,50571.46003,365
1746806400,1.3847,1.4079,1.3437,1.3888,57963.82073,254
1746820800,1.3888,1.4144,1.3632,1.3632,22079.40302,161
1746835200,1.3688,1.5457,1.344,1.4377,117716.0646500001,849
1746849600,1.4464,1.4618,1.4016,1.4208,33280.41675,269
1746864000,1.4272,1.472,1.398,1.4656,30456.96385,242
1746878400,1.4616,1.6525,1.4431,1.616,307539.6486099998,1462
1746892800,1.6236,1.9951,1.5912,1.8929,345131.8732299996,2069
1746907200,1.901,1.9448,1.8304,1.9096,192931.08196,977
1746921600,1.9096,1.9498,1.7684,1.8,149074.00194,842
1746936000,1.8,1.8,1.696,1.7263,37987.90111,405
1746950400,1.7223,1.775,1.6903,1.7454,35766.70859,276
1746964800,1.7492,1.8062,1.6805,1.688,96097.5399,465
1746979200,1.693,1.7374,1.672,1.7133,37706.72304,154
1746993600,1.7212,1.7397,1.6991,1.7089,23417.05807,144
1747008000,1.712,1.8005,1.6738,1.744,73468.7852400001,659
1747022400,1.736,1.7771,1.704,1.7143,14077.23961,195
1747036800,1.712,1.8155,1.7012,1.7823,26371.27291,345
1747051200,1.7864,1.8966,1.7165,1.752,69611.73912,685
1747065600,1.76,1.784,1.616,1.656,81337.23653,446
1747080000,1.6561,1.7766,1.656,1.7703,29364.96493,249
1747094400,1.7776,1.8326,1.7156,1.752,58240.4856,643
1747108800,1.752,2.0949,1.752,1.892,243728.7485299998,1829
1747123200,1.892,2.1156,1.8759,2.0832,103341.0775100001,911
1747137600,2.0832,2.112,1.936,1.9662,63546.0059799999,719
1747152000,1.9681,2.0072,1.9507,1.9776,86057.9869400001,479
1747166400,1.9857,1.9864,1.9191,1.9296,59245.61044,382
1747180800,1.9393,1.9635,1.9074,1.9184,15663.18483,274
1747195200,1.9126,1.9448,1.8587,1.8587,33960.11901,236
1747209600,1.8647,1.8833,1.8327,1.8691,14621.99029,139
1747224000,1.8656,1.8832,1.8157,1.8516,21629.60107,189
1747238400,1.861,1.9248,1.8457,1.8742,12084.45249,183
1747252800,1.8731,1.9624,1.8692,1.9442,25590.93954,273
1747267200,1.9392,1.9624,1.842,1.9448,33936.68354,326
1747281600,1.949,1.9911,1.8308,1.8568,44459.814,480
1747296000,1.8656,1.9058,1.8124,1.8452,31856.5497,345
1747310400,1.848,1.9652,1.8304,1.9184,94565.60835,620
1747324800,1.92,1.9536,1.8468,1.8676,40264.4858099999,370
1747339200,1.8636,1.8832,1.7183,1.768,55258.10813,406
1747353600,1.7725,1.8977,1.7725,1.8893,33004.416,310
1747368000,1.892,1.9648,1.892,1.9286,47000.98478,355
1747382400,1.9392,2.0832,1.9196,2.0222,49670.7634,451
1747396800,2.0256,2.053,1.9852,2.0138,44840.015,216
1747411200,2.0138,2.0447,1.9753,2.016,15204.97099,175
1747425600,2.0064,2.0064,1.9392,1.9495,14827.22291,183
1747440000,1.9434,1.9712,1.8527,1.9152,50674.66004,381
1747454400,1.9096,1.9296,1.804,1.8108,28465.79731,190
1747468800,1.8128,1.8219,1.7563,1.7622,18741.93168,189
1747483200,1.7675,1.784,1.704,1.704,25230.2069,183
1747497600,1.7053,1.712,1.6553,1.6682,38181.13419,246
1747512000,1.664,1.7101,1.6596,1.6956,16242.96532,186
1747526400,1.6932,1.6932,1.624,1.6344,40149.51757,290
1747540800,1.6323,1.7716,1.6261,1.72,65982.44214,392
1747555200,1.7245,1.769,1.72,1.7392,37889.61728,216
1747569600,1.7395,1.8855,1.7301,1.8568,28854.17889,358
1747584000,1.8656,1.9419,1.7864,1.7876,40055.17086,347
1747598400,1.7881,1.8832,1.763,1.8832,34782.43633,298
1747612800,1.8832,1.8832,1.768,1.7884,30870.334,267
1747627200,1.7864,1.8926,1.7353,1.8925,77016.27682,516
1747641600,1.892,1.9536,1.813,1.8216,52603.33535,490
1747656000,1.8282,1.9144,1.7864,1.8992,37200.04043,280
1747670400,1.9008,1.9096,1.848,1.8832,24017.22849,209
1747684800,1.892,1.93,1.8874,1.914,19328.93727,167
1747699200,1.9184,1.9406,1.8621,1.8832,12454.77666,241
1747713600,1.8832,1.912,1.8392,1.8392,5891.05059,135
1747728000,1.848,1.87,1.8291,1.8446,5431.27262,115
1747742400,1.8446,1.8807,1.8348,1.8607,5325.07031,128
1747756800,1.8607,1.8832,1.8126,1.8788,72709.01938,279
1747771200,1.8778,1.9885,1.8628,1.944,82078.1099700001,416
1747785600,1.9488,2.1819,1.9488,2.1476,112629.9066700001,909
1747800000,2.1528,2.2218,2.1298,2.1684,49742.09163,388
1747814400,2.1736,2.26,2.1312,2.1944,104480.7256400001,584
1747828800,2.1996,2.2048,2.1192,2.1888,135458.5240900001,614
1747843200,2.1854,2.2275,2.1301,2.1996,95594.0123300002,628
1747857600,2.1996,2.2204,2.158,2.1709,29934.4046,288
1747872000,2.1632,2.1718,2.1016,2.1324,44396.08208,286
1747886400,2.1268,2.132,2.0586,2.0726,28860.23663,206
1747900800,2.0749,2.1059,2.0664,2.088,13904.59766,131
1747915200,2.0837,2.2064,2.0784,2.1195,108245.5169500001,530
1747929600,2.1164,2.1318,2.0902,2.1216,9145.28261,108
1747944000,2.1267,2.184,2.1018,2.168,19217.18986,142
1747958400,2.1632,2.1632,2.0928,2.1216,17395.70374,176
1747972800,2.1164,2.1164,2.03,2.064,21143.58978,209
1747987200,2.0688,2.083,1.9907,2.0064,46977.44098,277
1748001600,1.9958,2.0001,1.9114,1.9543,44337.82975,379
1748016000,1.9584,1.9781,1.9536,1.9682,11857.59217,95
1748030400,1.9632,1.9641,1.8873,1.9091,22877.22561,187
1748044800,1.9099,1.9873,1.9008,1.9622,36721.42879,202
1748059200,1.968,1.9934,1.9579,1.9632,5166.36238,69
1748073600,1.968,1.9831,1.9344,1.9404,27080.69206,159
1748088000,1.9363,1.9536,1.9272,1.9536,3088.19085,50
1748102400,1.9558,1.9821,1.9392,1.968,9124.62761,78
1748116800,1.9632,1.9677,1.9488,1.9488,3542.48641,50
1748131200,1.9516,1.9872,1.936,1.9657,16051.96355,139
1748145600,1.9674,1.9728,1.8964,1.9086,15923.43833,103
1748160000,1.9052,1.9191,1.784,1.8819,61407.18017,404
1748174400,1.8788,1.8966,1.8391,1.8524,18637.18278,130
1748188800,1.8612,1.87,1.8343,1.87,4424.74446,72
1748203200,1.8612,1.9192,1.848,1.9025,62286.7152700001,292
1748217600,1.8964,1.968,1.8744,1.9584,31659.55281,237
1748232000,1.968,2.016,1.9475,1.9871,11626.18327,156
1748246400,1.9776,1.988,1.9536,1.9826,13531.17439,152
1748260800,1.9776,2.0194,1.9628,1.9952,13568.02455,136
1748275200,2.0016,2.0208,1.9728,2.0019,26127.21582,145
1748289600,2.0064,2.0851,2.0064,2.0397,44128.16495,292
1748304000,2.0448,2.1116,1.9737,2.0956,53344.08305,330
1748318400,2.0929,2.1116,2.016,2.1001,33457.31989,221
1748332800,2.1008,2.1517,2.1008,2.1462,35087.71895,194
1748347200,2.1524,2.2165,2.1486,2.1788,100291.4148200001,464
1748361600,2.1736,2.3851,2.1736,2.352,128330.1074,651
1748376000,2.352,2.3907,2.2962,2.3128,73633.90154,381
1748390400,2.3128,2.3128,2.2507,2.2883,64559.1114399999,398
1748404800,2.2848,2.3455,2.2588,2.3047,48901.00864,333
1748419200,2.3128,2.3274,2.214,2.2371,43144.09998,261
1748433600,2.2365,2.257,2.1907,2.1996,17507.52238,157
1748448000,2.2048,2.2204,2.1736,2.1788,31367.03675,161
1748462400,2.1827,2.1943,2.1673,2.1677,27458.11723,119
1748476800,2.1736,2.2568,2.1736,2.2033,88480.17683,362
1748491200,2.1973,2.352,2.182,2.3296,46552.70212,231
1748505600,2.3408,2.4188,2.2204,2.3016,74935.1977,517
1748520000,2.296,2.3072,2.1926,2.1996,53507.55201,277
1748534400,2.2048,2.2289,2.1438,2.1788,33357.9652,244
1748548800,2.184,2.2636,2.1734,2.2048,41932.39371,213
1748563200,2.2204,2.2636,2.1268,2.2464,57205.3662,351
1748577600,2.2512,2.2976,2.0736,2.0832,66457.9281099999,481
1748592000,2.0802,2.0904,1.992,2.0016,21790.27584,235
1748606400,1.9986,2.0351,1.9776,2.0152,49477.77186,228
1748620800,2.0142,2.1599,1.9653,2.0208,182981.0953599999,921
1748635200,2.0165,2.0517,1.9114,1.9162,118361.81246,462
1748649600,1.914,1.914,1.8084,1.8304,66619.55058,433
1748664000,1.826,2.0023,1.8104,1.9872,48685.08494,373
1748678400,1.992,2.0397,1.848,1.8568,46337.40328,473
1748692800,1.8521,1.9982,1.8447,1.9248,49536.22376,343
1748707200,1.9296,2.0256,1.9228,2.016,43175.35732,221
1748721600,2.02,2.0322,1.9626,1.9677,19644.39928,174
1748736000,1.9643,1.965,1.8832,1.9001,30261.41618,148
1748750400,1.9008,1.9316,1.8827,1.9008,10264.30636,101
1748764800,1.8964,1.8964,1.8322,1.8964,72125.12967,259
1748779200,1.9008,2.04,1.8788,2.0337,39913.28161,245
1748793600,2.0256,2.0783,2.0158,2.0308,27503.22209,236
1748808000,2.0352,2.0663,2.0173,2.0256,18411.49794,116
1748822400,2.0208,2.0502,1.9728,1.992,49697.90784,273
1748836800,1.9889,1.996,1.9542,1.9584,12508.24017,90
1748851200,1.9632,1.9872,1.914,1.9296,15278.72335,128
1748865600,1.9296,1.9488,1.9021,1.9021,17495.50921,159
1748880000,1.9015,1.9275,1.8792,1.8833,8909.9346,96
1748894400,1.8876,2.0016,1.8876,1.9603,23398.86068,178
1748908800,1.9535,1.9824,1.9184,1.9248,10355.19927,89
1748923200,1.9228,1.9236,1.8964,1.8964,9899.4175,63
1748937600,1.8974,1.9041,1.8604,1.8964,22605.033,138
1748952000,1.9008,1.9114,1.87,1.8726,40886.94254,192
1748966400,1.8656,1.8821,1.8436,1.8436,16830.34067,110
1748980800,1.848,1.857,1.8216,1.8348,24416.65225,149
1748995200,1.8392,1.8436,1.728,1.7315,34650.17325,249
1749009600,1.732,1.7389,1.7077,1.728,47086.33518,220
1749024000,1.72,1.736,1.7099,1.7139,17088.85753,84
1749038400,1.712,1.7811,1.7,1.744,10592.73917,155
1749052800,1.74,1.74,1.6945,1.7,7983.63189,81
1749067200,1.696,1.696,1.6391,1.656,29769.17957,200
1749081600,1.656,1.7644,1.6411,1.696,101547.1874600001,375
1749096000,1.7,1.7436,1.672,1.6801,68269.66289,327
1749110400,1.68,1.692,1.6399,1.644,28167.29126,215
1749124800,1.648,1.7122,1.648,1.664,22718.18419,261
1749139200,1.664,1.677,1.6264,1.6319,27654.693,280
1749153600,1.6342,1.704,1.566,1.66,60342.72755,623
1749168000,1.664,1.7083,1.6405,1.684,46274.23772,405
1749182400,1.68,1.692,1.6506,1.652,29567.24071,274
1749196800,1.652,1.7364,1.652,1.684,21782.15614,268
1749211200,1.684,1.7343,1.684,1.696,54011.95104,476
1749225600,1.7,1.7155,1.6108,1.616,31406.52193,335
1749240000,1.62,1.6638,1.62,1.6532,8097.88845,121
1749254400,1.648,1.6521,1.6236,1.644,14575.1945,206
1749268800,1.644,1.6703,1.6355,1.668,22685.66824,230
1749283200,1.67,1.6893,1.66,1.6714,19110.96229,220
1749297600,1.676,1.6863,1.6388,1.6441,9055.28442,113
1749312000,1.648,1.6721,1.6323,1.6641,9877.68042,132
1749326400,1.6652,1.6774,1.6553,1.6593,5199.03101,110
1749340800,1.66,1.74,1.648,1.728,33320.49111,325
1749355200,1.724,1.724,1.6629,1.6752,41742.16294,286
1749369600,1.676,1.688,1.6319,1.6405,35301.81299,259
1749384000,1.64,1.6543,1.6187,1.644,22971.53575,255
1749398400,1.6405,1.6884,1.6405,1.66,25398.03241,219
1749412800,1.6667,1.6863,1.6431,1.6498,6436.3301,117
1749427200,1.6521,1.663,1.5764,1.5912,17082.29681,175
1749441600,1.5983,1.6164,1.5732,1.5768,9514.7739,167
1749456000,1.5804,1.676,1.5762,1.6709,36752.18073,303
1749470400,1.668,1.7,1.6624,1.692,129956.5456899999,515
1749484800,1.6957,1.7619,1.6957,1.7304,91118.6544,433
1749499200,1.7322,1.8176,1.7313,1.772,24870.63962,224
1749513600,1.7732,1.7745,1.74,1.748,20816.60589,124
1749528000,1.752,1.755,1.7119,1.748,12411.09299,156
1749542400,1.7523,1.7793,1.728,1.7773,10728.48756,97
1749556800,1.782,1.8082,1.728,1.744,55226.00207,379
1749571200,1.7507,1.8004,1.7293,1.7644,116077.7552399999,344
1749585600,1.76,1.7864,1.748,1.784,48157.55662,214
1749600000,1.7864,1.7874,1.7276,1.7509,15713.96269,152
1749614400,1.7448,1.7596,1.7387,1.743,16665.71516,75
1749628800,1.7425,1.7425,1.7043,1.7163,28521.28688,164
1749643200,1.717,1.8084,1.708,1.7947,56891.14797,347
1749657600,1.7952,1.8165,1.7237,1.724,127015.74072,378
1749672000,1.72,1.7328,1.6297,1.6443,23684.2869,187
1749686400,1.644,1.644,1.6024,1.6092,10329.3941,216
1749700800,1.6092,1.612,1.5856,1.5949,15091.67392,124
1749715200,1.5912,1.5952,1.5285,1.534,36152.9929,207
1749729600,1.5264,1.557,1.4844,1.4895,68336.13657,395
1749744000,1.4888,1.5702,1.4688,1.4688,71948.462,442
1749758400,1.4761,1.4769,1.433,1.4496,22384.67998,198
1749772800,1.4475,1.4475,1.3696,1.3984,33830.25424,571
1749787200,1.4016,1.4016,1.3697,1.3845,40078.15312,243
1749801600,1.3861,1.4029,1.3581,1.3792,14300.71598,178
1749816000,1.3824,1.4244,1.3567,1.4048,51431.90177,255
1749830400,1.4048,1.4652,1.4048,1.4545,26408.30351,305
1749844800,1.4544,1.4653,1.4464,1.4653,11818.82605,140
1749859200,1.4687,1.4866,1.4499,1.4589,307662.58775,1965
1749873600,1.456,1.4787,1.4339,1.4368,217861.1024399998,471
1749888000,1.4336,1.4336,1.4143,1.4241,93400.1931499999,182
1749902400,1.4304,1.4582,1.4133,1.4208,6486.29068,114
1749916800,1.424,1.4316,1.3946,1.3984,15757.57123,166
1749931200,1.3952,1.424,1.3856,1.4016,12525.46241,91
1749945600,1.4016,1.4125,1.392,1.392,6590.88539,72
1749960000,1.3952,1.408,1.3728,1.376,2111.49953,59
1749974400,1.376,1.392,1.3721,1.3854,10022.38101,90
1749988800,1.3888,1.3937,1.3536,1.3748,5050.94043,92
1750003200,1.376,1.3889,1.3627,1.3888,3722.17281,70
1750017600,1.3888,1.4112,1.3679,1.3984,13519.52759,112
1750032000,1.3952,1.434,1.3735,1.4221,9735.02175,149
1750046400,1.424,1.476,1.424,1.4616,8369.71281,117
1750060800,1.4616,1.476,1.4462,1.4557,13172.5859,103
1750075200,1.4528,1.4777,1.4302,1.4616,67844.98302,225
1750089600,1.4607,1.4776,1.4528,1.4616,16266.98252,124
1750104000,1.4592,1.4772,1.3925,1.3976,86421.32817,300
1750118400,1.3952,1.4509,1.363,1.4386,19021.08864,256
1750132800,1.44,1.458,1.421,1.4555,25466.15226,147
1750147200,1.458,1.4724,1.4009,1.4176,31197.58062,256
1750161600,1.4176,1.44,1.3948,1.4016,22409.46768,214
1750176000,1.4082,1.4372,1.3568,1.4303,31966.49324,320
1750190400,1.4239,1.4306,1.3832,1.3888,7766.47716,85
1750204800,1.3921,1.4016,1.3628,1.3664,8265.51,86
1750219200,1.3696,1.376,1.3365,1.341,7324.71963,81
1750233600,1.344,1.3568,1.3088,1.328,18493.28716,165
1750248000,1.328,1.3568,1.281,1.3326,36274.20061,320
1750262400,1.3312,1.3632,1.312,1.3486,13025.52674,208
1750276800,1.3472,1.4388,1.3472,1.4388,37849.64492,295
1750291200,1.44,1.4544,1.4036,1.4208,55012.20781,257
1750305600,1.4272,1.4637,1.3984,1.408,20244.17421,185
1750320000,1.408,1.4304,1.4051,1.4098,4100.72683,70
1750334400,1.4058,1.4112,1.3877,1.3889,2913.48517,58
1750348800,1.3921,1.4219,1.3725,1.4076,14088.89323,154
1750363200,1.408,1.4272,1.4015,1.4154,9982.93403,86
1750377600,1.4112,1.4144,1.3995,1.4078,874.38597,28
1750392000,1.4144,1.4423,1.3947,1.4367,17518.6876,122
1750406400,1.4368,1.4682,1.4272,1.4616,9878.83423,106
1750420800,1.4624,1.5156,1.4143,1.4176,72371.8832699999,503
1750435200,1.4176,1.4176,1.3585,1.3824,38046.95207,238
1750449600,1.3888,1.408,1.3595,1.376,5146.4919,83
1750464000,1.376,1.408,1.3664,1.392,16080.31992,103
1750478400,1.3952,1.4016,1.3824,1.3856,1187.36586,36
1750492800,1.3856,1.3888,1.3632,1.3728,1659.78334,40
1750507200,1.3696,1.3696,1.296,1.3152,14563.63075,138
1750521600,1.3216,1.3501,1.296,1.3024,6645.15261,137
1750536000,1.299,1.3152,1.251,1.3152,20075.48648,233
1750550400,1.3216,1.3504,1.2778,1.2864,21633.95532,226
1750564800,1.284,1.2928,1.263,1.281,5111.08519,109
1750579200,1.2832,1.2834,1.2506,1.26,17269.562,145
1750593600,1.26,1.2661,1.218,1.236,29080.19531,373
1750608000,1.238,1.248,1.2185,1.227,10459.74827,174
1750622400,1.224,1.272,1.2068,1.263,17127.9663,197
1750636800,1.266,1.2992,1.266,1.278,13380.10084,135
1750651200,1.2802,1.3277,1.2793,1.3024,46755.42632,258
1750665600,1.2992,1.3178,1.2976,1.3038,5952.17195,83
1750680000,1.3024,1.328,1.2845,1.291,48503.60766,268
1750694400,1.29,1.3498,1.257,1.3409,58449.05641,397
1750708800,1.3441,1.4287,1.3379,1.4272,98079.84297,466
1750723200,1.4272,1.456,1.3966,1.3966,12979.26936,182
1750737600,1.3984,1.4705,1.3984,1.4272,38544.43641,216
1750752000,1.4272,1.4418,1.4141,1.4223,26814.74743,164
1750766400,1.424,1.44,1.4183,1.4304,11702.14684,137
1750780800,1.4336,1.4652,1.4208,1.4336,15292.13461,130
1750795200,1.44,1.4633,1.4304,1.4633,9665.87657,72
1750809600,1.4623,1.4796,1.4399,1.4557,21608.13113,187
1750824000,1.4528,1.4666,1.44,1.4652,4191.88133,59
1750838400,1.4652,1.4652,1.44,1.458,5139.05973,89
1750852800,1.456,1.5054,1.4528,1.4688,39461.28034,342
1750867200,1.4688,1.4726,1.4352,1.44,18213.1645,181
1750881600,1.4436,1.4508,1.4048,1.4112,45186.00639,204
1750896000,1.4141,1.4688,1.4024,1.4304,7999.61761,117
1750910400,1.4272,1.4365,1.4103,1.4197,8301.8525,69
1750924800,1.424,1.4289,1.3919,1.3952,2116.19492,58
1750939200,1.392,1.392,1.3541,1.3759,10868.30735,159
1750953600,1.3726,1.3726,1.3472,1.358,4583.22064,86
1750968000,1.3536,1.3792,1.3503,1.3562,14834.78458,119
1750982400,1.36,1.392,1.3536,1.392,6500.03345,81
1750996800,1.3923,1.4189,1.3824,1.392,14943.86675,141
1751011200,1.3952,1.4176,1.3952,1.4014,4342.20212,71
1751025600,1.4048,1.4144,1.3909,1.4144,16477.1382,144
1751040000,1.4112,1.4176,1.3721,1.3888,15703.2201,143
1751054400,1.3952,1.4337,1.3952,1.4304,3854.34049,59
1751068800,1.4291,1.4546,1.4287,1.4421,9959.83141,102
1751083200,1.44,1.4592,1.4332,1.4508,6134.12042,52
1751097600,1.4464,1.4618,1.4425,1.4616,812.60648,22
1751112000,1.4624,1.5373,1.4528,1.5336,5775.37864,69
1751126400,1.5372,1.5372,1.4657,1.4904,16431.7374,167
1751140800,1.4904,1.5132,1.4831,1.513,4501.33151,80
1751155200,1.512,1.5458,1.501,1.5336,10786.89928,148
1751169600,1.53,1.5876,1.5228,1.5804,13160.82352,205
1751184000,1.5772,1.6202,1.5588,1.5702,33414.45396,368
1751198400,1.5696,1.5842,1.5542,1.5624,31912.13986,193
1751212800,1.5588,1.595,1.5501,1.5948,7400.30566,59
1751227200,1.5948,1.656,1.5876,1.644,43729.72896,320
1751241600,1.644,1.648,1.612,1.614,9283.28655,117
1751256000,1.6128,1.6442,1.6058,1.6345,35225.90206,238
1751270400,1.636,1.6581,1.6269,1.6422,14895.23255,165
1751284800,1.6479,1.6641,1.624,1.6299,25823.79678,285
1751299200,1.6249,1.6402,1.5948,1.6044,13676.97382,150
1751313600,1.602,1.6119,1.5845,1.5905,6571.36297,93
