1743465600,0.777,0.788,0.773,0.782,3285.00374,12
1743480000,0.78,0.782,0.78,0.782,14.93701,2
1743494400,0.791,0.806,0.786,0.786,8538.3817,14
1743508800,0.781,0.84,0.781,0.838,4353.6603,39
1743523200,0.837,0.837,0.812,0.813,3139.11567,28
1743537600,0.808,0.818,0.801,0.805,214.32585,7
1743552000,0.8,0.8,0.773,0.793,2451.04719,15
1743566400,0.786,0.786,0.77,0.77,289.81847,4
1743580800,0.782,0.785,0.782,0.785,139.39793,4
1743595200,0.773,0.802,0.773,0.802,1399.39915,18
1743609600,0.796,0.796,0.773,0.785,1240.05007,9
1743624000,0.787,0.802,0.718,0.718,14319.38576,63
1743638400,0.732,0.753,0.732,0.753,370.91117,9
1743652800,0.755,0.761,0.744,0.746,3473.93741,21
1743667200,0.747,0.747,0.721,0.73,27746.67423,83
1743681600,0.728,0.728,0.704,0.719,6479.21446,32
1743696000,0.72,0.751,0.72,0.751,483.41515,7
1743710400,0.749,0.756,0.749,0.753,1172.0643,14
1743724800,0.757,0.76,0.753,0.755,8283.28044,24
1743753600,0.763,0.793,0.729,0.738,368298.0172299996,820
1743768000,0.737,0.77,0.733,0.758,6864.44307,40
1743782400,0.752,0.767,0.748,0.76,2048.55539,9
1743796800,0.764,0.764,0.764,0.764,1.3024,1
1743811200,0.764,0.764,0.76,0.762,179.4123,4
1743825600,0.758,0.758,0.758,0.758,37.4972,1
1743840000,0.753,0.753,0.753,0.753,10.9769,1
1743854400,0.748,0.749,0.746,0.746,1219.39646,11
1743868800,0.735,0.738,0.733,0.735,4443.09051,17
1743883200,0.733,0.741,0.733,0.741,65.94115,4
1743897600,0.743,0.743,0.736,0.736,82.33616,3
1743912000,0.738,0.74,0.735,0.735,453.51351,5
1743926400,0.737,0.737,0.728,0.73,1358.06086,16
1743940800,0.725,0.725,0.691,0.704,8711.59762,35
1743955200,0.695,0.695,0.631,0.639,786196.2470799993,810
1743969600,0.639,0.64,0.615,0.632,13085.37826,50
1743984000,0.631,0.65,0.616,0.616,9110.5175,39
1743998400,0.62,0.63,0.576,0.595,19138.74395,67
1744012800,0.608,0.633,0.608,0.621,10061.42469,41
1744027200,0.623,0.677,0.617,0.659,106916.67267,251
1744041600,0.66,0.66,0.636,0.656,43701.38842,50
1744056000,0.653,0.661,0.648,0.648,737.04732,9
1744070400,0.651,0.662,0.641,0.651,8271.95387,17
1744084800,0.654,0.654,0.645,0.647,255.09783,11
1744099200,0.642,0.669,0.642,0.659,418541.4728600004,302
1744113600,0.66,0.662,0.638,0.642,344330.2895299996,264
1744128000,0.622,0.622,0.619,0.62,886.07653,5
1744142400,0.623,0.624,0.618,0.623,1712.07997,9
1744156800,0.602,0.624,0.595,0.609,56576.73121,49
1744171200,0.618,0.639,0.616,0.639,662.99095,4
1744185600,0.636,0.636,0.622,0.626,203437.0459999997,157
1744200000,0.62,0.643,0.62,0.642,145285.0006200001,119
1744214400,0.66,0.71,0.66,0.699,1128587.3059800018,985
1744228800,0.705,0.711,0.699,0.708,8316.20207,30
1744243200,0.705,0.707,0.689,0.693,31359.65129,26
1744257600,0.693,0.724,0.693,0.711,1639.59538,15
1744272000,0.707,0.715,0.701,0.708,2764.5232,16
1744286400,0.709,0.712,0.58,0.68,159820.2125000001,175
1744300800,0.681,0.691,0.677,0.685,5233.57874,24
1744315200,0.692,0.693,0.692,0.692,90710.63379,72
1744329600,0.702,0.709,0.694,0.709,30906.39,60
1744344000,0.708,0.722,0.708,0.722,1071.92085,8
1744358400,0.716,0.717,0.711,0.713,3015.22033,11
1744372800,0.712,0.724,0.712,0.724,10631.24142,17
1744387200,0.72,0.742,0.72,0.742,5046.70059,17
1744401600,0.738,0.75,0.738,0.74,4959.4324,15
1744416000,0.737,0.741,0.73,0.73,721.51554,11
1744430400,0.75,0.758,0.748,0.752,693.25342,6
1744444800,0.76,0.766,0.748,0.748,396.66016,6
1744459200,0.756,0.791,0.756,0.783,486589.5783300003,532
1744473600,0.78,0.786,0.776,0.777,2438.4407,14
1744488000,0.776,0.788,0.775,0.784,3607.50256,18
1744502400,0.783,0.787,0.768,0.772,373953.1877099993,429
1744516800,0.772,0.773,0.765,0.773,84942.64334,60
1744531200,0.775,0.789,0.775,0.779,425.83913,8
1744545600,0.782,0.792,0.761,0.763,47178.08909,38
1744560000,0.784,0.786,0.746,0.748,6815.53878,30
1744574400,0.755,0.755,0.73,0.743,6340.99761,24
1744588800,0.75,0.775,0.75,0.756,1145.86509,13
1744603200,0.762,0.762,0.746,0.752,827.69234,6
1744617600,0.752,0.766,0.752,0.766,3607.2203,18
1744632000,0.763,0.77,0.617,0.736,202191.9899599999,176
1744646400,0.739,0.754,0.737,0.754,23080.71864,52
1744660800,0.748,0.749,0.743,0.743,30571.13433,17
1744675200,0.735,0.744,0.728,0.744,9673.25296,15
1744689600,0.741,0.746,0.741,0.746,101446.71588,112
1744704000,0.746,0.75,0.735,0.735,702.41348,6
1744718400,0.739,0.744,0.724,0.736,69894.77328,109
1744732800,0.732,0.735,0.718,0.718,4126.13869,19
1744747200,0.716,0.717,0.709,0.709,1385.32001,13
1744761600,0.705,0.721,0.705,0.713,3887.49537,11
1744776000,0.715,0.715,0.703,0.703,885.30937,8
1744790400,0.701,0.71,0.696,0.696,89303.1659699999,121
1744804800,0.697,0.709,0.693,0.702,4989.09348,22
1744819200,0.689,0.71,0.678,0.698,32619.88472,65
1744833600,0.701,0.703,0.689,0.689,3710.65661,23
1744848000,0.694,0.697,0.691,0.691,213.53677,6
1744862400,0.694,0.709,0.694,0.709,560.06772,9
1744876800,0.705,0.705,0.697,0.697,150511.0394900001,202
1744891200,0.703,0.703,0.687,0.694,150544.8513899999,157
1744905600,0.694,0.715,0.694,0.701,831.02577,7
1744920000,0.705,0.708,0.691,0.697,2201.45124,15
1744934400,0.697,0.704,0.697,0.703,1494.89479,13
1744948800,0.702,0.715,0.702,0.715,154.55127,11
1744963200,0.715,0.715,0.715,0.715,48702,76
1744977600,0.721,0.721,0.626,0.701,402148.3848000003,367
1744992000,0.704,0.71,0.703,0.71,968.426,4
1745006400,0.707,0.708,0.702,0.703,965.84517,11
1745020800,0.707,0.722,0.707,0.718,50956.25809,45
1745035200,0.715,0.715,0.715,0.715,196.9518,1
1745049600,0.716,0.729,0.713,0.729,101330.2744,154
1745064000,0.721,0.725,0.717,0.723,12748.13084,30
1745078400,0.724,0.769,0.724,0.749,3519.81247,27
1745092800,0.754,0.766,0.752,0.763,2830.31611,13
1745107200,0.769,0.769,0.76,0.762,66.01325,4
1745121600,0.756,0.763,0.756,0.757,1432.57419,10
1745136000,0.755,0.755,0.74,0.742,5807.80346,19
1745150400,0.762,0.77,0.762,0.764,458.48453,9
1745164800,0.771,0.784,0.77,0.783,24400.90321,64
1745179200,0.781,0.789,0.775,0.775,49199.44482,104
1745193600,0.783,0.794,0.782,0.782,22805.49723,53
1745208000,0.797,0.797,0.79,0.79,44.2008,4
1745222400,0.792,0.796,0.785,0.786,5120.27654,27
1745236800,0.789,0.802,0.787,0.791,116680.903,167
1745251200,0.796,0.796,0.759,0.774,191355.1172500004,147
1745265600,0.773,0.775,0.763,0.763,69566.5615599999,80
1745280000,0.76,0.783,0.75,0.775,15379.68718,51
1745294400,0.778,0.785,0.76,0.785,155674.1358,199
1745308800,0.786,0.795,0.777,0.79,150677.76736,273
1745323200,0.792,0.815,0.79,0.8,53309.95467,89
1745337600,0.794,0.804,0.792,0.796,2556.01935,19
1745352000,0.803,0.84,0.8,0.839,4269.46469,33
1745366400,0.841,0.869,0.838,0.863,68660.89497,153
1745380800,0.867,0.874,0.859,0.859,2670.58459,17
1745395200,0.857,0.872,0.857,0.863,30246.1464,68
1745409600,0.87,0.882,0.841,0.848,167281.18566,263
1745424000,0.85,0.87,0.848,0.855,14481.70288,45
1745438400,0.86,0.869,0.857,0.867,7622.93549,32
1745452800,0.867,0.896,0.852,0.858,18146.37406,94
1745467200,0.85,0.871,0.754,0.837,220540.6955700001,207
1745481600,0.838,0.858,0.838,0.856,45358.98996,83
1745496000,0.858,0.925,0.857,0.91,345216.0300799993,441
1745510400,0.909,0.909,0.883,0.887,101188.37625,148
1745524800,0.891,0.935,0.878,0.921,294322.1956999997,371
1745539200,0.92,0.926,0.897,0.905,182645.71978,268
1745553600,0.905,0.962,0.899,0.962,23589.65271,85
1745568000,0.962,0.999,0.955,0.993,166274.3240399999,188
1745582400,0.991,1.147,0.966,0.983,127202.20061,241
1745596800,0.985,0.995,0.967,0.995,161269.8682900001,172
1745611200,0.995,1.108,0.995,1.052,306550.8757900001,639
1745625600,1.055,1.199,1.055,1.18,84200.0144400001,450
1745640000,1.174,1.201,1.126,1.19,173409.9986700001,517
1745654400,1.179,1.179,1.093,1.093,40222.02018,216
1745668800,1.094,1.115,1.078,1.114,10830.4584,63
1745683200,1.113,1.186,1.108,1.181,107194.4893100001,386
1745697600,1.187,1.258,1.162,1.222,58412.81997,143
1745712000,1.22,1.231,1.05,1.224,291026.8578700001,458
1745726400,1.224,1.232,1.177,1.207,188790.59814,389
1745740800,1.176,1.207,1.152,1.166,68777.77516,99
1745755200,1.169,1.169,1.132,1.136,5802.17976,56
1745769600,1.136,1.151,1.11,1.148,56666.85867,170
1745784000,1.14,1.152,1.127,1.127,39089.36852,89
1745798400,1.118,1.138,1.064,1.116,18053.53054,106
1745812800,1.105,1.184,1.105,1.164,29401.44587,97
1745827200,1.175,1.181,1.138,1.138,19437.54243,79
1745841600,1.137,1.175,1.1,1.104,47291.40004,132
1745856000,1.104,1.143,1.104,1.143,8923.55924,53
1745870400,1.135,1.144,1.117,1.13,9381.05504,60
1745884800,1.127,1.163,1.111,1.15,4921.60341,45
1745899200,1.15,1.184,1.144,1.169,46358.88376,126
1745913600,1.161,1.163,1.126,1.126,1542.51362,8
1745928000,1.127,1.127,1.083,1.116,37587.15678,132
1745942400,1.098,1.141,1.082,1.082,253218.2706800002,327
1745956800,1.083,1.114,1.074,1.089,244119.5009999998,771
1745971200,1.086,1.163,1.071,1.088,76936.2449,212
1745985600,1.088,1.107,1.076,1.079,4294.89721,83
1746000000,1.086,1.102,1.071,1.078,6367.09208,59
1746014400,1.071,1.072,1.006,1.072,71731.99194,208
1746028800,1.054,1.153,1.054,1.127,100767.11574,459
1746043200,1.126,1.17,1.122,1.125,66980.69362,166
1746057600,1.129,1.3,0.986,1.038,2047205.070750003,3392
1746072000,1.039,1.058,1.013,1.048,331586.0446900002,721
1746086400,1.053,1.103,1.053,1.094,142440.1002099999,266
1746100800,1.092,1.094,1.05,1.075,238642.8735400001,469
1746115200,1.079,1.087,1.058,1.064,125367.2610199999,337
1746129600,1.062,1.071,1.04,1.049,196086.8769000001,369
1746144000,1.053,1.065,1.045,1.048,193849.3294699999,385
1746158400,1.047,1.049,1.024,1.032,329506.8515800005,369
1746172800,1.033,1.053,1.02,1.024,8635.62646,43
1746187200,1.028,1.047,1.021,1.026,81051.0670299999,160
1746201600,1.037,1.046,1.016,1.016,3694.76986,41
1746216000,1.022,1.034,1.018,1.032,171438.55605,325
1746230400,1.032,1.032,1.01,1.026,96752.6479,195
1746244800,1.021,1.023,1.011,1.015,2798.86344,32
1746259200,1.018,1.019,0.986,0.989,89482.6272299999,212
1746273600,0.987,0.999,0.98,0.98,82967.30772,144
1746288000,0.98,0.985,0.955,0.964,20691.90121,96
1746302400,0.97,0.971,0.955,0.956,401465.6585699997,904
1746316800,0.956,0.964,0.941,0.962,688438.2465399985,1895
1746331200,0.96,1.108,0.948,0.949,116010.71344,211
1746345600,0.953,0.956,0.93,0.944,26362.73658,131
1746360000,0.948,0.949,0.93,0.942,2322.68901,25
1746374400,0.946,0.948,0.924,0.93,68130.16074,79
1746388800,0.931,0.941,0.917,0.924,19849.49778,65
1746403200,0.925,0.945,0.915,0.943,27672.26548,47
1746417600,0.94,0.959,0.94,0.952,2683.90424,25
1746432000,0.96,0.963,0.908,0.917,6958.6603,47
1746446400,0.923,0.925,0.885,0.888,30611.27097,85
1746460800,0.89,0.894,0.868,0.874,14834.4805,63
1746475200,0.871,0.882,0.85,0.872,30509.57163,93
1746489600,0.866,0.889,0.863,0.888,304186.03656,670
1746504000,0.888,0.899,0.882,0.886,77547.99998,202
1746518400,0.885,0.886,0.864,0.868,187551.9499199998,359
1746532800,0.868,0.894,0.868,0.891,38700.22359,77
1746547200,0.878,0.914,0.876,0.901,75294.69673,175
1746561600,0.904,0.934,0.877,0.934,37458.1306,84
1746576000,0.93,0.957,0.928,0.955,13386.00561,78
1746590400,0.955,0.971,0.941,0.968,50178.62314,99
1746604800,0.96,0.962,0.931,0.937,182474.22162,339
1746619200,0.932,0.935,0.917,0.917,336730.8101099999,461
1746633600,0.914,0.933,0.909,0.913,84240.45573,168
1746648000,0.91,0.936,0.906,0.928,89329.47665,142
1746662400,0.933,0.971,0.927,0.971,34344.51288,56
1746676800,0.974,0.99,0.965,0.987,22877.87385,46
1746691200,0.985,1.016,0.983,1.002,99548.24174,202
1746705600,1.001,1.046,0.995,1.027,129269.2311499998,286
1746720000,1.027,1.045,1.02,1.04,94742.9819,186
1746734400,1.042,1.077,1.033,1.063,169881.93382,400
1746748800,1.062,1.108,1.055,1.079,87776.50073,247
1746763200,1.079,1.147,1.077,1.124,51536.92607,128
1746777600,1.128,1.168,1.111,1.131,149627.7621799999,328
1746792000,1.124,1.153,1.107,1.142,57462.14815,188
1746806400,1.14,1.176,1.124,1.134,38025.48354,153
1746820800,1.144,1.169,1.134,1.14,22457.0332,87
1746835200,1.152,1.184,1.135,1.176,30971.67155,104
1746849600,1.168,1.216,1.152,1.209,24500.11976,117
1746864000,1.206,1.207,1.139,1.152,137802.72434,193
1746878400,1.161,1.171,1.137,1.146,243526.4738799999,362
1746892800,1.155,1.227,1.151,1.195,88441.61429,166
1746907200,1.183,1.251,1.181,1.251,14163.9597,74
1746921600,1.259,1.349,1.215,1.327,115030.5976600001,398
1746936000,1.341,1.36,1.25,1.264,80560.0956,244
1746950400,1.273,1.285,1.257,1.285,46712.702,115
1746964800,1.286,1.287,1.224,1.228,23834.7121,99
1746979200,1.235,1.316,1.218,1.295,137596.66577,213
1746993600,1.299,1.299,1.254,1.27,144168.5710500003,295
1747008000,1.263,1.324,1.256,1.31,143204.5395000001,410
1747022400,1.317,1.348,1.276,1.29,48090.71252,187
1747036800,1.294,1.331,1.277,1.284,48061.41949,117
1747051200,1.288,1.327,1.256,1.282,45392.39655,116
1747065600,1.291,1.308,1.203,1.244,88052.47841,148
1747080000,1.235,1.286,1.235,1.277,73229.51089,114
1747094400,1.285,1.288,1.179,1.179,48676.72427,191
1747108800,1.181,1.248,1.181,1.243,4149.59242,39
1747123200,1.243,1.28,1.232,1.265,106243.8090299999,147
1747137600,1.259,1.282,1.243,1.267,62153.17876,163
1747152000,1.281,1.325,1.281,1.312,48539.96416,149
1747166400,1.314,1.332,1.298,1.3,6893.43882,49
1747180800,1.301,1.313,1.277,1.291,22859.33321,74
1747195200,1.297,1.317,1.288,1.288,3689.25113,32
1747209600,1.29,1.297,1.253,1.297,15133.18736,82
1747224000,1.287,1.308,1.235,1.236,8101.28841,73
1747238400,1.248,1.253,1.225,1.245,17135.5627,74
1747252800,1.246,1.255,1.226,1.244,24263.90783,78
1747267200,1.244,1.267,1.223,1.223,2625.50413,52
1747281600,1.232,1.237,1.16,1.165,9239.60356,41
1747296000,1.176,1.194,1.163,1.173,11753.63761,53
1747310400,1.175,1.197,1.129,1.197,40426.64626,92
1747324800,1.198,1.218,1.169,1.173,5597.95916,41
1747339200,1.176,1.176,1.118,1.148,413325.1168499997,921
1747353600,1.144,1.177,1.144,1.174,14838.89638,48
1747368000,1.179,1.185,1.161,1.172,360361.4964200005,985
1747382400,1.173,1.182,1.15,1.169,11460.31411,30
1747396800,1.161,1.176,1.152,1.174,11665.68375,47
1747411200,1.173,1.173,1.143,1.155,13518.20395,52
1747425600,1.158,1.158,1.094,1.114,72984.24745,172
1747440000,1.106,1.11,1.056,1.086,94624.10174,200
1747454400,1.091,1.099,1.076,1.087,14083.32881,31
1747468800,1.077,1.083,1.075,1.08,18948.30005,36
1747483200,1.078,1.089,1.063,1.082,19152.03554,44
1747497600,1.066,1.08,1.059,1.072,69963.88731,92
1747512000,1.071,1.086,1.071,1.073,5625.45497,22
1747526400,1.077,1.078,1.07,1.078,1202.28603,13
1747540800,1.075,1.117,1.075,1.117,4528.06012,33
1747555200,1.123,1.143,1.123,1.132,7733.97695,50
1747569600,1.126,1.187,1.126,1.187,21538.95348,59
1747584000,1.183,1.187,1.099,1.099,17492.43859,72
1747598400,1.087,1.18,1.079,1.18,7660.2854,56
1747612800,1.169,1.188,1.113,1.116,11045.2871,63
1747627200,1.119,1.124,1.086,1.111,7273.4188,35
1747641600,1.098,1.103,1.078,1.09,2872.64379,20
1747656000,1.076,1.12,1.07,1.112,1629.62652,23
1747670400,1.098,1.146,1.098,1.125,5531.88474,46
1747684800,1.123,1.126,1.111,1.126,2641.77663,21
1747699200,1.134,1.16,1.12,1.127,1880.16556,40
1747713600,1.127,1.145,1.118,1.118,8421.35906,28
1747728000,1.116,1.116,1.086,1.098,5066.65501,36
1747742400,1.096,1.1,1.082,1.1,13159.01994,32
1747756800,1.103,1.107,1.06,1.097,42025.32937,87
1747771200,1.096,1.126,1.096,1.115,35819.23985,114
1747785600,1.116,1.123,1.092,1.119,7663.50643,44
1747800000,1.116,1.144,1.107,1.11,8692.96668,44
1747814400,1.111,1.124,1.104,1.124,1153.95283,17
1747828800,1.123,1.16,1.117,1.159,143032.3293599999,287
1747843200,1.162,1.282,1.14,1.172,106586.3195599999,325
1747857600,1.173,1.214,1.157,1.2,15135.94585,76
1747872000,1.207,1.246,1.197,1.242,189807.1941999999,518
1747886400,1.239,1.269,1.236,1.266,85679.78835,206
1747900800,1.259,1.3,1.253,1.268,183783.65004,351
1747915200,1.267,1.5,1.265,1.447,725383.0933799995,2693
1747929600,1.447,1.651,1.439,1.567,940936.2755300017,2659
1747944000,1.572,1.643,1.442,1.52,509404.1372000003,1484
1747958400,1.527,1.6,1.498,1.583,265199.9480399999,752
1747972800,1.579,1.581,1.516,1.544,239554.6524800003,525
1747987200,1.544,1.572,1.443,1.447,124767.3658699999,303
1748001600,1.449,1.735,1.41,1.521,883822.6264799987,2168
1748016000,1.522,1.56,1.478,1.479,148928.85384,335
1748030400,1.483,1.483,1.343,1.353,283130.3810900001,824
1748044800,1.356,1.464,1.354,1.429,202141.3208500001,399
1748059200,1.425,1.433,1.408,1.413,79038.32617,194
1748073600,1.417,1.488,1.39,1.471,239762.2846299999,400
1748088000,1.469,1.519,1.456,1.456,97147.47273,277
1748102400,1.465,1.475,1.382,1.414,61139.18437,179
1748116800,1.414,1.418,1.386,1.403,34482.00571,137
1748131200,1.409,1.418,1.361,1.408,207694.0180600001,480
1748145600,1.396,1.402,1.357,1.359,55074.87217,153
1748160000,1.356,1.376,1.348,1.358,51815.93149,88
1748174400,1.368,1.385,1.314,1.336,112869.62042,200
1748188800,1.336,1.365,1.315,1.365,49466.12988,112
1748203200,1.356,1.43,1.34,1.423,180056.4397299998,336
1748217600,1.426,1.465,1.415,1.443,141546.5374000001,295
1748232000,1.42,1.465,1.416,1.447,113393.87429,226
1748246400,1.45,1.45,1.38,1.38,32925.35261,118
1748260800,1.383,1.39,1.348,1.382,109219.70646,195
1748275200,1.383,1.383,1.338,1.347,67020.18818,134
1748289600,1.343,1.369,1.343,1.366,18278.45057,56
1748304000,1.366,1.392,1.33,1.385,38068.97053,126
1748318400,1.379,1.454,1.371,1.415,80970.36126,172
1748332800,1.416,1.444,1.389,1.406,55978.02846,113
1748347200,1.406,1.437,1.377,1.395,310299.91723,548
1748361600,1.394,1.443,1.38,1.414,112232.87469,175
1748376000,1.412,1.42,1.389,1.402,131173.2273499999,208
1748390400,1.399,1.42,1.384,1.407,58193.03935,151
1748404800,1.399,1.402,1.363,1.369,77897.58485,133
1748419200,1.364,1.372,1.343,1.372,69875.6968,152
1748433600,1.376,1.392,1.296,1.319,121743.02373,199
1748448000,1.318,1.343,1.302,1.31,58412.08421,105
1748462400,1.309,1.377,1.308,1.36,60510.22816,187
1748476800,1.358,1.397,1.349,1.378,60739.21384,157
1748491200,1.377,1.377,1.347,1.355,44496.88739,152
1748505600,1.354,1.369,1.347,1.353,16998.65595,113
1748520000,1.352,1.352,1.31,1.332,171492.0934100001,264
1748534400,1.331,1.336,1.316,1.321,59077.96635,103
1748548800,1.325,1.329,1.257,1.308,139237.46861,218
1748563200,1.322,1.322,1.206,1.248,216612.7451900001,388
1748577600,1.246,1.248,1.22,1.238,10426.41231,42
1748592000,1.231,1.239,1.208,1.214,205074.45674,285
1748606400,1.215,1.24,1.197,1.211,162326.0459600001,273
1748620800,1.217,1.217,1.165,1.21,106990.77816,183
1748635200,1.207,1.213,1.108,1.126,123146.38343,219
1748649600,1.126,1.127,1.073,1.098,189806.083,293
1748664000,1.096,1.144,1.094,1.142,15832.32015,99
1748678400,1.142,1.156,1.125,1.125,18778.8589,68
1748692800,1.125,1.167,1.125,1.144,30747.79271,101
1748707200,1.141,1.158,1.137,1.151,29250.62628,61
1748721600,1.142,1.152,1.134,1.137,15001.43458,69
1748736000,1.135,1.143,1.118,1.122,39712.29072,85
1748750400,1.133,1.136,1.123,1.127,51067.04223,38
1748764800,1.125,1.125,1.099,1.116,3649.30162,22
1748779200,1.111,1.142,1.111,1.137,12015.85021,48
1748793600,1.146,1.157,1.117,1.141,25113.26026,82
1748808000,1.137,1.174,1.137,1.166,80763.6548200001,150
1748822400,1.169,1.169,1.131,1.137,7274.19692,48
1748836800,1.137,1.143,1.131,1.142,4090.46594,15
1748851200,1.138,1.14,1.112,1.121,85509.32459,69
1748865600,1.114,1.147,1.114,1.133,31386.7594,60
1748880000,1.12,1.143,1.114,1.119,25511.366,74
1748894400,1.124,1.194,1.123,1.191,44183.95467,121
1748908800,1.188,1.249,1.188,1.194,46818.98169,152
1748923200,1.195,1.207,1.182,1.197,18797.28037,55
1748937600,1.185,1.218,1.179,1.213,12521.14381,56
1748952000,1.21,1.23,1.207,1.229,41094.0272,58
1748966400,1.231,1.249,1.208,1.236,78909.5714799999,184
1748980800,1.239,1.26,1.188,1.19,162303.7492500001,175
1748995200,1.192,1.444,1.173,1.201,443687.9221199998,658
1749009600,1.2,1.2,1.18,1.182,40257.00053,83
1749024000,1.182,1.188,1.159,1.162,46808.60673,76
1749038400,1.156,1.177,1.139,1.172,84343.2955,172
1749052800,1.166,1.171,1.154,1.154,356743.1930800002,809
1749067200,1.145,1.162,1.127,1.133,132667.10678,200
1749081600,1.133,1.147,1.13,1.136,81295.20059,131
1749096000,1.137,1.14,1.118,1.133,21058.84545,35
1749110400,1.133,1.133,1.105,1.11,25282.01451,54
1749124800,1.116,1.143,1.089,1.109,130675.49211,150
1749139200,1.108,1.108,1.046,1.059,284109.10421,311
1749153600,1.056,1.056,1.017,1.036,266887.5308099998,316
1749168000,1.034,1.057,1.033,1.054,22638.73522,67
1749182400,1.053,1.068,1.051,1.054,54968.26074,98
1749196800,1.058,1.064,1.049,1.049,14567.88894,37
1749211200,1.053,1.102,1.053,1.082,64946.53864,99
1749225600,1.086,1.089,1.061,1.067,44714.08794,62
1749240000,1.067,1.072,1.059,1.065,24277.38825,38
1749254400,1.065,1.104,1.064,1.104,6593.13588,32
1749268800,1.103,1.128,1.098,1.126,14101.9145,51
1749283200,1.133,1.138,1.118,1.132,4696.90789,31
1749297600,1.132,1.136,1.114,1.119,29944.30995,42
1749312000,1.109,1.123,1.102,1.119,8787.36007,27
1749326400,1.124,1.136,1.12,1.121,15754.34921,34
1749340800,1.123,1.127,1.113,1.113,21631.25325,21
1749355200,1.119,1.119,1.098,1.098,20689.09371,31
1749369600,1.103,1.11,1.091,1.11,21090.90582,61
1749384000,1.099,1.111,1.097,1.102,4646.80772,19
1749398400,1.107,1.123,1.107,1.119,6934.91308,24
1749412800,1.118,1.144,1.104,1.104,21305.17525,55
1749427200,1.103,1.11,1.09,1.093,4320.49874,19
1749441600,1.095,1.095,1.07,1.083,3052.11109,23
1749456000,1.082,1.143,1.077,1.138,45509.33184,61
1749470400,1.128,1.136,1.088,1.111,58577.62053,90
1749484800,1.114,1.127,1.114,1.114,23441.77087,53
1749499200,1.117,1.169,1.117,1.166,129771.05181,159
1749513600,1.168,1.175,1.137,1.142,29444.18923,56
1749528000,1.145,1.145,1.118,1.144,66338.11436,77
1749542400,1.129,1.18,1.129,1.18,24379.41935,32
1749556800,1.179,1.191,1.132,1.145,82664.09793,117
1749571200,1.148,1.175,1.129,1.149,32495.97913,85
1749585600,1.154,1.181,1.145,1.179,144961.0296300001,189
1749600000,1.177,1.188,1.152,1.16,17194.65236,63
1749614400,1.169,1.178,1.16,1.178,9480.65308,27
1749628800,1.167,1.167,1.134,1.146,31168.84918,61
1749643200,1.145,1.217,1.139,1.202,51777.47769,107
1749657600,1.201,1.204,1.14,1.141,29148.71087,84
1749672000,1.138,1.156,1.096,1.119,27361.33554,77
1749686400,1.114,1.117,1.095,1.105,43564.48219,59
1749700800,1.105,1.128,1.1,1.102,37635.51281,55
1749715200,1.097,1.098,1.077,1.081,15332.51598,34
1749729600,1.081,1.105,1.063,1.063,113649.4996099999,185
1749744000,1.075,1.095,1.047,1.05,42295.16086,121
1749758400,1.049,1.05,1.02,1.036,25761.55405,64
1749772800,1.02,1.02,0.939,0.973,169871.9301199996,362
1749787200,0.965,0.974,0.954,0.97,35320.41493,79
1749801600,0.973,0.989,0.966,0.971,40236.50475,89
1749816000,0.983,0.994,0.957,0.994,186757.3060800001,223
1749830400,0.983,1.005,0.968,0.979,19453.96811,65
1749844800,0.98,1.002,0.98,1.002,107461.1388999999,187
1749859200,1.002,1.006,0.987,0.993,11077.17408,91
1749873600,0.991,0.997,0.982,0.991,6293.00204,74
1749888000,0.99,0.99,0.984,0.984,1713.20445,15
1749902400,0.985,0.994,0.97,0.97,14711.74654,52
1749916800,0.976,0.976,0.96,0.969,107438.64313,91
1749931200,0.958,0.981,0.957,0.979,2885.3485,22
1749945600,0.978,0.988,0.978,0.979,48749.27739,58
1749960000,0.981,0.989,0.975,0.975,22207.61963,68
1749974400,0.974,0.978,0.966,0.978,73479.89184,28
1749988800,0.979,0.995,0.977,0.985,18530.7257,57
1750003200,0.985,0.985,0.97,0.971,4948.15779,33
1750017600,0.973,0.982,0.956,0.981,4793.81632,35
1750032000,0.979,0.994,0.97,0.987,102067.63203,140
1750046400,0.998,1.02,0.995,1.02,8739.72138,47
1750060800,1.017,1.021,1.004,1.006,25901.34968,42
1750075200,1.005,1.022,1.002,1.01,31818.81782,63
1750089600,1.014,1.019,1.01,1.014,10661.01282,37
1750104000,1.013,1.022,0.964,0.964,132921.9646300001,251
1750118400,0.958,0.961,0.919,0.961,32020.21378,121
1750132800,0.96,0.96,0.941,0.951,13477.09196,29
1750147200,0.948,0.948,0.93,0.93,23460.37745,52
1750161600,0.929,0.94,0.909,0.918,82333.08525,124
1750176000,0.917,0.935,0.894,0.928,50069.66194,128
1750190400,0.929,0.929,0.906,0.916,202086.0552599999,218
1750204800,0.917,0.924,0.914,0.923,15729.60809,25
1750219200,0.924,0.932,0.921,0.921,12357.56342,26
1750233600,0.917,0.917,0.882,0.897,25601.04077,54
1750248000,0.896,0.912,0.871,0.911,9450.25041,59
1750262400,0.908,0.915,0.896,0.904,108437.63168,160
1750276800,0.911,0.97,0.909,0.954,26964.79435,123
1750291200,0.957,0.969,0.938,0.94,15260.67758,62
1750305600,0.946,0.946,0.935,0.935,6173.39102,24
1750320000,0.938,0.94,0.923,0.923,13314.85142,33
1750334400,0.927,0.935,0.921,0.931,19329.29948,55
1750348800,0.937,0.94,0.922,0.93,15423.63997,28
1750363200,0.926,0.937,0.926,0.932,4668.29521,16
1750377600,0.932,0.938,0.928,0.934,2259.08341,12
1750392000,0.922,0.942,0.911,0.942,4697.08929,22
1750406400,0.945,0.947,0.933,0.939,4432.45241,16
1750420800,0.938,0.961,0.901,0.929,79943.86281,261
1750435200,0.922,0.922,0.87,0.89,206493.2144099998,352
1750449600,0.896,0.901,0.872,0.88,16380.19086,48
1750464000,0.887,0.893,0.887,0.892,4410.45449,33
1750478400,0.889,0.893,0.887,0.891,4168.87266,13
1750492800,0.886,0.891,0.88,0.882,2309.47257,18
1750507200,0.883,0.883,0.848,0.848,71665.56763,69
1750521600,0.853,0.855,0.83,0.834,54095.86883,80
1750536000,0.837,0.854,0.803,0.854,57039.33839,134
1750550400,0.867,0.879,0.85,0.852,34730.46814,76
1750564800,0.854,0.864,0.847,0.849,19867.04803,63
1750579200,0.849,0.851,0.834,0.837,132259.47832,103
1750593600,0.837,0.841,0.79,0.799,245110.23719,306
1750608000,0.796,0.802,0.779,0.794,22063.53611,80
1750622400,0.793,0.834,0.775,0.831,58389.17822,113
1750636800,0.832,0.837,0.823,0.824,16910.77121,31
1750651200,0.824,0.836,0.822,0.83,67435.75875,115
1750665600,0.833,0.835,0.819,0.822,163890.1560699999,175
1750680000,0.823,0.85,0.818,0.826,435984.0057800001,368
1750694400,0.825,0.864,0.804,0.864,157713.1351199999,163
1750708800,0.865,0.937,0.865,0.925,147711.5295499999,225
1750723200,0.923,0.938,0.915,0.938,3801.3301,27
1750737600,0.937,0.958,0.933,0.933,161535.2994699999,191
1750752000,0.93,0.948,0.92,0.926,8962.97752,53
1750766400,0.926,0.937,0.92,0.923,6300.88445,30
1750780800,0.926,0.935,0.907,0.908,15345.68691,47
1750795200,0.914,0.926,0.913,0.926,10598.56847,33
1750809600,0.93,0.936,0.927,0.932,12224.59984,38
1750824000,0.925,0.925,0.917,0.922,1799.56033,18
1750838400,0.92,0.921,0.901,0.915,7544.27292,31
1750852800,0.913,0.921,0.896,0.897,107798.90486,91
1750867200,0.898,0.902,0.887,0.892,5979.39218,33
1750881600,0.896,0.901,0.878,0.884,64374.85838,80
1750896000,0.887,0.91,0.886,0.892,13148.56259,53
1750910400,0.893,0.899,0.883,0.899,5373.93744,23
1750924800,0.898,0.899,0.877,0.877,18915.63946,49
1750939200,0.876,0.876,0.855,0.864,63551.20067,101
1750953600,0.869,0.878,0.859,0.874,13120.59965,45
1750968000,0.875,0.894,0.864,0.864,6137.82833,46
1750982400,0.865,0.873,0.856,0.871,13500.35002,30
1750996800,0.868,0.886,0.859,0.859,14343.26557,31
1751011200,0.863,0.876,0.862,0.866,3777.07658,24
1751025600,0.866,0.874,0.861,0.874,4853.78377,17
1751040000,0.875,0.89,0.854,0.859,4383.2862,40
1751054400,0.859,0.873,0.859,0.871,3095.47687,29
1751068800,0.874,0.885,0.869,0.878,30462.76434,90
1751083200,0.875,0.878,0.873,0.877,3418.25897,19
1751097600,0.882,0.884,0.871,0.873,20751.88707,40
1751112000,0.87,0.878,0.87,0.878,8488.76737,15
1751126400,0.883,0.893,0.879,0.891,2974.12685,21
1751140800,0.89,0.905,0.887,0.897,6684.70222,42
1751155200,0.896,0.902,0.888,0.893,14919.13008,18
1751169600,0.894,0.894,0.892,0.892,2034.4826,9
1751184000,0.896,0.908,0.896,0.903,21098.24856,71
1751198400,0.9,0.91,0.889,0.889,22150.17093,168
1751212800,0.889,0.903,0.889,0.903,2663.0811,23
1751227200,0.904,0.959,0.901,0.943,28354.31735,152
1751241600,0.943,0.949,0.919,0.924,71956.31524,129
1751256000,0.92,0.927,0.909,0.927,26633.87075,84
1751270400,0.921,0.921,0.905,0.905,8290.88376,32
1751284800,0.904,0.908,0.886,0.908,13753.4277,50
1751299200,0.902,0.922,0.902,0.921,19381.52802,38
1751313600,0.922,0.924,0.898,0.9,26215.85587,53
