timestamp,total_usd,free_usd,positions_usd,num_positions
2026-04-01T19:52:34Z,134.72,134.71,0.01,1
2026-04-01T20:02:07Z,134.72,134.71,0.01,1
2026-04-01T21:02:55Z,134.56,122.02,12.54,3
2026-04-01T21:11:53Z,134.55,121.95,12.6,3
2026-04-01T21:16:58Z,134.47,121.89,12.59,3
2026-04-01T14:20:54-0700,134.42,121.82,12.6,3
2026-04-01T14:25:23-0700,134.35,121.76,12.59,3
2026-04-01T14:42:35-0700,134.28,121.69,12.59,3
2026-04-01T15:48:37-0700,234.11,229.91,4.2,2
2026-04-01T17:02:07-0700,233.76,229.57,4.19,2
2026-04-01T17:26:42-0700,233.42,229.23,4.2,2
2026-04-01T21:02:10-0700,233.04,233.04,0.01,1
2026-04-01T21:20:08-0700,232.7,232.69,0.01,1
2026-04-01T21:34:58-0700,232.62,218.48,14.14,2
2026-04-01T22:53:09-0700,232.6,218.48,14.12,2
2026-04-02T01:02:08-0700,232.7,193.38,39.32,3
2026-04-02T05:02:07-0700,232.42,193.38,39.04,3
2026-04-02T09:02:08-0700,232.25,227.04,5.21,2
2026-04-02T10:44:39-0700,232.04,162.58,69.46,5
2026-04-02T15:58:26-0700,231.73,167.59,64.14,4
2026-04-02T17:02:08-0700,231.37,97.21,134.15,8
2026-04-02T21:02:07-0700,232.18,97.21,134.97,8
2026-04-03T01:02:07-0700,233.45,97.21,136.24,8
2026-04-03T05:02:07-0700,234.0,95.55,138.46,8
2026-04-03T09:02:08-0700,233.02,95.55,137.48,8
2026-04-03T13:02:11-0700,232.31,120.53,111.78,7
2026-04-03T17:02:07-0700,231.77,120.53,111.24,7
2026-04-03T21:02:07-0700,231.43,120.53,110.9,7
2026-04-04T01:02:07-0700,231.93,113.63,118.29,8
2026-04-04T05:02:07-0700,231.92,113.63,118.29,8
2026-04-04T09:02:08-0700,232.49,113.63,118.86,8
2026-04-04T13:02:07-0700,233.66,113.63,120.03,8
2026-04-04T17:02:07-0700,232.96,113.63,119.33,8
2026-04-04T21:02:10-0700,232.18,120.46,111.72,7
2026-04-05T01:02:10-0700,230.39,134.68,95.71,6
2026-04-05T05:02:08-0700,230.35,132.81,97.54,6
2026-04-05T09:02:10-0700,230.35,139.79,90.56,5
2026-04-05T13:02:07-0700,230.07,139.79,90.28,5
2026-04-05T17:02:07-0700,233.2,139.79,93.41,5
2026-04-05T21:02:07-0700,234.86,139.79,95.06,5
2026-04-06T01:02:07-0700,234.28,139.79,94.49,5
2026-04-06T05:02:09-0700,235.55,139.79,95.75,5
2026-04-06T09:02:07-0700,234.97,139.79,95.18,5
2026-04-06T13:02:07-0700,234.28,139.79,94.49,5
2026-04-06T17:02:11-0700,231.97,140.63,91.34,5
2026-04-06T20:02:32-0700,231.86,140.63,91.24,5
2026-04-06T20:11:25-0700,231.87,140.63,91.24,5
2026-04-06T20:15:08-0700,231.86,140.63,91.23,5
2026-04-06T20:15:55-0700,231.86,140.63,91.23,5
2026-04-06T20:17:37-0700,231.83,140.63,91.2,5
2026-04-06T20:22:05-0700,231.79,140.63,91.16,5
2026-04-06T21:03:11-0700,232.09,140.63,91.46,5
2026-04-07T01:09:19-0700,232.71,140.63,92.08,5
2026-04-07T05:09:10-0700,231.35,165.29,66.06,4
2026-04-07T09:09:11-0700,232.18,140.13,92.05,7
2026-04-07T10:09:09-0700,232.22,140.13,92.09,7
2026-04-07T13:07:20-0700,234.5,140.13,94.38,7
2026-04-07T17:07:58-0700,240.38,159.72,80.67,6
2026-04-07T21:05:04-0700,239.15,186.59,52.56,5
2026-04-08T01:04:40-0700,239.14,186.59,52.54,5
2026-04-08T05:04:39-0700,238.8,186.59,52.21,5
2026-04-08T09:09:23-0700,237.75,165.8,71.96,7
2026-04-08T13:07:08-0700,237.41,179.01,58.4,6
2026-04-08T17:06:52-0700,236.83,179.01,57.82,6
2026-04-08T19:33:52-0700,236.39,179.01,57.39,6
2026-04-08T20:34:50-0700,236.12,179.01,57.12,6
2026-04-08T21:02:38-0700,235.99,179.01,56.99,3
2026-04-08T22:12:19-0700,235.86,179.01,56.86,3
2026-04-08T22:26:24-0700,236.0,179.01,57.0,3
2026-04-09T01:05:13-0700,236.08,179.01,57.07,3
2026-04-09T05:06:58-0700,236.29,179.01,57.28,3
2026-04-09T09:06:57-0700,237.43,179.01,58.43,3
2026-04-09T13:06:52-0700,238.0,179.01,59.0,3
2026-04-09T17:02:52-0700,237.31,179.01,58.3,3
2026-04-09T17:08:50-0700,237.12,179.01,58.11,3
2026-04-09T17:11:38-0700,237.08,179.01,58.07,3
2026-04-09T21:06:46-0700,237.15,179.01,58.15,3
2026-04-10T01:06:52-0700,236.76,179.01,57.75,3
2026-04-10T05:09:10-0700,237.43,169.87,67.56,4
2026-04-10T09:06:53-0700,237.95,194.61,43.34,4
2026-04-10T13:06:54-0700,238.78,194.61,44.18,4
2026-04-10T14:10:07-0700,238.25,181.0,57.24,5
2026-04-10T17:05:38-0700,237.5,194.29,43.2,4
2026-04-10T21:06:58-0700,337.51,294.29,43.22,4
2026-04-11T01:09:10-0700,337.38,285.09,52.29,5
2026-04-11T05:09:09-0700,337.67,285.09,52.58,5
2026-04-11T09:09:11-0700,337.86,285.09,52.77,5
2026-04-11T13:09:10-0700,340.56,285.09,55.47,5
2026-04-11T17:09:10-0700,338.58,285.09,53.49,5
2026-04-11T21:08:01-0700,336.32,311.54,24.79,4
2026-04-12T01:06:53-0700,336.4,311.54,24.87,4
2026-04-12T05:06:14-0700,336.3,320.22,16.07,3
2026-04-12T09:04:37-0700,336.11,320.22,15.88,3
2026-04-12T13:04:37-0700,336.34,320.22,16.12,3
2026-04-12T17:04:37-0700,336.17,320.22,15.94,3
2026-04-12T21:07:03-0700,336.3,295.08,41.21,4
2026-04-13T01:06:22-0700,336.49,320.45,16.03,3
2026-04-13T05:04:34-0700,336.61,320.45,16.16,3
2026-04-13T09:06:59-0700,336.62,311.3,25.32,4
2026-04-13T13:07:05-0700,337.01,311.3,25.71,4
2026-04-13T17:06:51-0700,337.7,311.3,26.4,4
2026-04-13T21:06:52-0700,337.44,311.3,26.13,4
2026-04-14T01:06:52-0700,337.28,311.3,25.98,4
2026-04-14T05:06:53-0700,337.34,311.3,26.04,4
2026-04-14T09:06:53-0700,337.38,311.3,26.08,4
2026-04-14T13:06:52-0700,336.65,311.3,25.35,4
2026-04-14T17:06:54-0700,336.82,311.3,25.52,4
2026-04-14T21:06:52-0700,336.8,311.3,25.5,4
2026-04-15T01:06:52-0700,336.43,311.3,25.13,4
2026-04-15T05:06:52-0700,336.62,311.3,25.32,4
2026-04-15T09:06:52-0700,336.79,311.3,25.49,4
2026-04-15T13:06:52-0700,337.21,311.3,25.91,4
2026-04-15T17:09:10-0700,337.14,286.21,50.93,5
2026-04-15T21:09:10-0700,337.64,286.21,51.44,5
2026-04-16T01:13:47-0700,337.57,240.49,97.07,7
2026-04-16T05:15:46-0700,338.54,225.77,112.77,8
2026-04-16T09:18:01-0700,339.91,220.25,119.66,9
2026-04-16T13:17:40-0700,341.73,220.25,121.48,9
2026-04-16T17:17:40-0700,340.69,220.25,120.44,9
2026-04-16T21:17:42-0700,338.85,225.7,113.14,8
2026-04-17T01:15:28-0700,339.43,225.7,113.73,8
2026-04-17T05:14:57-0700,339.35,239.72,99.62,7
2026-04-17T09:13:31-0700,341.99,239.72,102.26,7
2026-04-17T10:09:32-0700,342.31,239.72,102.58,7
2026-04-17T13:10:44-0700,341.36,239.72,101.64,7
2026-04-17T17:16:04-0700,339.8,232.23,107.57,8
2026-04-17T21:15:47-0700,339.44,232.23,107.21,8
2026-04-18T01:15:45-0700,339.38,232.23,107.14,8
2026-04-18T05:11:28-0700,337.97,265.97,72.0,6
2026-04-18T09:11:15-0700,337.46,265.97,71.49,6
2026-04-18T13:11:28-0700,336.05,265.97,70.08,6
2026-04-18T17:11:15-0700,335.7,265.97,69.73,6
2026-04-18T21:07:58-0700,335.06,281.27,53.78,4
2026-04-19T01:04:55-0700,335.45,301.37,34.08,3
2026-04-19T05:04:39-0700,335.52,301.37,34.15,3
2026-04-19T05:58:06-0700,335.56,301.37,34.19,2
2026-04-19T09:04:02-0700,335.58,301.37,34.22,2
2026-04-19T13:04:38-0700,335.44,301.37,34.07,2
2026-04-19T17:04:38-0700,334.43,301.37,33.06,2
2026-04-19T21:06:58-0700,335.16,276.18,58.98,3
2026-04-20T01:06:57-0700,335.02,276.18,58.84,3
2026-04-20T05:06:52-0700,335.11,276.18,58.93,3
2026-04-20T09:06:51-0700,335.31,276.18,59.13,3
2026-04-20T13:06:52-0700,335.71,276.18,59.53,3
2026-04-20T17:06:53-0700,335.37,276.18,59.19,3
2026-04-20T21:06:53-0700,335.55,276.18,59.37,3
2026-04-21T01:06:52-0700,335.36,276.18,59.18,3
2026-04-21T05:06:52-0700,336.32,276.18,60.14,3
2026-04-21T09:06:52-0700,337.08,276.18,60.9,3
2026-04-21T13:06:52-0700,335.52,276.18,59.34,3
2026-04-21T17:06:52-0700,337.53,276.18,61.35,3
2026-04-21T21:06:53-0700,338.39,276.18,62.21,3
2026-04-22T01:06:59-0700,338.33,276.18,62.15,3
2026-04-22T05:06:52-0700,338.35,276.18,62.17,3
2026-04-22T09:06:52-0700,338.27,276.18,62.1,3
2026-04-22T13:06:53-0700,337.35,276.18,61.17,3
2026-04-22T17:06:52-0700,336.6,276.18,60.42,3
2026-04-22T21:06:53-0700,335.99,276.18,59.82,3
2026-04-23T01:06:52-0700,335.7,276.18,59.52,3
2026-04-23T05:06:51-0700,335.95,276.18,59.77,3
2026-04-23T09:06:52-0700,337.42,276.18,61.24,3
2026-04-23T13:06:54-0700,336.95,276.18,60.77,3
2026-04-23T17:06:52-0700,338.2,276.18,62.02,3
2026-04-23T21:06:00-0700,337.49,276.18,61.31,3
2026-04-23T21:17:57-0700,337.36,276.18,61.18,3
2026-04-25T19:51:21-0700,337.79,276.18,61.61,3
2026-04-25T21:03:28-0700,338.06,276.18,61.88,3
2026-04-26T01:06:58-0700,338.74,276.18,62.56,3
2026-04-26T05:06:52-0700,338.82,276.18,62.64,3
2026-04-26T09:06:52-0700,339.16,276.18,62.98,3
2026-04-26T13:06:52-0700,339.04,276.18,62.87,3
2026-04-26T17:06:52-0700,338.37,276.18,62.19,3
2026-04-26T21:06:52-0700,339.23,276.18,63.05,3
2026-04-27T01:06:52-0700,337.47,276.18,61.29,3
2026-04-27T05:06:52-0700,337.11,276.18,60.93,3
2026-04-27T09:06:52-0700,335.98,276.18,59.8,3
2026-04-27T13:06:52-0700,336.89,276.18,60.71,3
2026-04-27T14:03:51-0700,336.83,276.18,60.65,3
2026-04-27T17:05:45-0700,337.38,276.18,61.2,3
2026-04-27T21:06:59-0700,337.02,276.18,60.85,3
2026-04-27T21:46:55-0700,336.86,276.18,60.68,3
2026-04-28T01:06:02-0700,336.81,276.18,60.63,3
2026-04-28T05:06:58-0700,336.02,276.18,59.85,3
2026-04-28T09:06:51-0700,336.36,276.18,60.18,3
2026-04-28T13:06:53-0700,337.2,276.18,61.02,3
2026-04-28T17:06:52-0700,337.32,276.18,61.14,3
2026-04-28T21:06:53-0700,337.79,276.18,61.61,3
2026-04-29T01:06:52-0700,338.7,276.18,62.52,3
2026-04-29T05:06:52-0700,338.37,276.18,62.19,3
2026-04-29T09:06:52-0700,337.65,276.18,61.47,3
2026-04-29T13:06:54-0700,337.89,276.18,61.71,3
2026-04-29T17:06:52-0700,338.15,276.18,61.98,3
2026-04-29T21:06:53-0700,337.85,276.18,61.67,3
2026-04-30T01:06:52-0700,337.46,276.18,61.28,3
2026-04-30T05:06:51-0700,337.68,276.18,61.5,3
2026-04-30T09:06:54-0700,338.42,276.18,62.24,3
2026-04-30T13:06:52-0700,337.79,276.18,61.62,3
2026-04-30T17:06:52-0700,338.43,276.18,62.25,3
2026-04-30T21:06:51-0700,339.18,276.18,63.0,3
2026-05-01T02:27:59-0700,339.72,276.18,63.55,3
2026-05-01T05:05:13-0700,339.1,276.18,62.92,3
2026-05-01T09:06:58-0700,340.42,276.18,64.24,3
2026-05-01T13:06:52-0700,340.71,276.18,64.53,3
2026-05-01T17:06:52-0700,340.95,276.18,64.77,3
2026-05-01T21:06:52-0700,340.14,276.18,63.96,3
2026-05-01T21:43:03-0700,339.85,276.18,63.67,3
2026-05-02T01:06:08-0700,340.3,276.18,64.12,3
2026-05-02T05:06:58-0700,340.18,276.18,64.0,3
2026-05-02T09:06:51-0700,342.61,276.18,66.43,3
