date,open,high,low,close,volume,trades
2025-04-01 00:00:00+00:00,0.02326,0.02479,0.02313,0.02444,134443.04268,53
2025-04-01 04:00:00+00:00,0.02429,0.02519,0.02429,0.02448,32674.66589,32
2025-04-01 08:00:00+00:00,0.02449,0.02603,0.02381,0.02381,33339.18247,15
2025-04-01 12:00:00+00:00,0.02562,0.02562,0.02337,0.02519,258831.9693500001,75
2025-04-01 16:00:00+00:00,0.0253,0.02572,0.0229,0.0229,40032.83135,27
2025-04-01 20:00:00+00:00,0.02407,0.03084,0.02276,0.02449,172228.17304,91
2025-04-02 00:00:00+00:00,0.02401,0.02411,0.02259,0.02294,168005.29661,36
2025-04-02 04:00:00+00:00,0.02276,0.0237,0.02255,0.0237,37323.67564,22
2025-04-02 08:00:00+00:00,0.02342,0.02387,0.02342,0.02387,2365.33,3
2025-04-02 12:00:00+00:00,0.02387,0.028,0.02311,0.02672,400589.7639,153
2025-04-02 16:00:00+00:00,0.02588,0.02673,0.022,0.02516,42221.61143,35
2025-04-02 20:00:00+00:00,0.02599,0.02799,0.02,0.02,56057.85903,29
2025-04-03 00:00:00+00:00,0.022,0.02263,0.02011,0.02171,251556.42042,32
2025-04-03 04:00:00+00:00,0.02019,0.0248,0.02019,0.02019,28121.535,14
2025-04-03 08:00:00+00:00,0.0217,0.0295,0.02,0.02,39485.35293,16
2025-04-03 12:00:00+00:00,0.02001,0.02054,0.01984,0.02001,342073.74731,109
2025-04-03 16:00:00+00:00,0.0203,0.02052,0.01984,0.02001,173484.50553,34
2025-04-03 20:00:00+00:00,0.01993,0.02113,0.01989,0.02036,326688.91912,47
2025-04-04 00:00:00+00:00,0.02038,0.02082,0.02026,0.02062,169786.65585,33
2025-04-04 04:00:00+00:00,0.02058,0.02111,0.02057,0.02111,191400.30333,10
2025-04-04 08:00:00+00:00,0.02079,0.02235,0.02008,0.0202,60908.45706,38
2025-04-04 12:00:00+00:00,0.02029,0.02227,0.02001,0.02194,88956.08924,34
2025-04-04 16:00:00+00:00,0.02196,0.031,0.02,0.022,550007.2385900001,106
2025-04-04 20:00:00+00:00,0.02162,0.02197,0.0202,0.02155,224438.10327,96
2025-04-05 00:00:00+00:00,0.0215,0.02176,0.02124,0.02143,247574.00976,24
2025-04-05 04:00:00+00:00,0.02197,0.02234,0.02069,0.02069,103369.86974,573
2025-04-05 08:00:00+00:00,0.02069,0.02129,0.0205,0.02101,308665.03664,122
2025-04-05 12:00:00+00:00,0.02111,0.02146,0.02057,0.02087,67869.25288,228
2025-04-05 16:00:00+00:00,0.02087,0.02106,0.02042,0.02094,133515.46561,90
2025-04-05 20:00:00+00:00,0.02079,0.02112,0.01968,0.02057,100712.32355,37
2025-04-06 00:00:00+00:00,0.02067,0.02075,0.01965,0.02019,219017.59198,42
2025-04-06 04:00:00+00:00,0.02008,0.02019,0.02,0.02,24739.00079,44
2025-04-06 08:00:00+00:00,0.02,0.02013,0.019,0.01989,78923.18541,70
2025-04-06 12:00:00+00:00,0.01982,0.02041,0.0186,0.02041,94803.00246,37
2025-04-06 16:00:00+00:00,0.0187,0.01889,0.01499,0.01737,317807.73023,269
2025-04-06 20:00:00+00:00,0.01759,0.01951,0.01572,0.01749,58346.7718,38
2025-04-07 00:00:00+00:00,0.01606,0.01969,0.0143,0.01514,511560.86635,71
2025-04-07 04:00:00+00:00,0.01573,0.01962,0.01451,0.01451,37418.33126,31
2025-04-07 08:00:00+00:00,0.01546,0.01594,0.01528,0.01537,22738.91009,21
2025-04-07 12:00:00+00:00,0.01567,0.01968,0.01567,0.01735,393779.54157,37
2025-04-07 16:00:00+00:00,0.01784,0.01887,0.01649,0.01721,502555.7414299999,107
2025-04-07 20:00:00+00:00,0.01745,0.01764,0.01732,0.01732,59687.45674,33
2025-04-08 00:00:00+00:00,0.0173,0.01967,0.0156,0.01836,927885.9790900002,152
2025-04-08 04:00:00+00:00,0.01836,0.01883,0.01788,0.01788,83499.40332,29
2025-04-08 08:00:00+00:00,0.01791,0.01801,0.01771,0.01801,3300.44542,3
2025-04-08 12:00:00+00:00,0.01846,0.01846,0.0174,0.01749,110848.99235,29
2025-04-08 16:00:00+00:00,0.01721,0.01799,0.01655,0.01711,812949.7023299999,42
2025-04-08 20:00:00+00:00,0.0173,0.01749,0.01668,0.01686,416903.8662,49
2025-04-09 00:00:00+00:00,0.01699,0.017,0.01615,0.01662,85133.08976,16
2025-04-09 04:00:00+00:00,0.0164,0.01669,0.0164,0.01669,8477.29732,6
2025-04-09 08:00:00+00:00,0.01691,0.01773,0.01612,0.01612,85809.763,19
2025-04-09 12:00:00+00:00,0.01772,0.01774,0.01611,0.01611,62336.145,21
2025-04-09 16:00:00+00:00,0.01611,0.02199,0.01588,0.02043,168423.19336,74
2025-04-09 20:00:00+00:00,0.01963,0.02162,0.01963,0.02083,185606.69419,94
2025-04-10 00:00:00+00:00,0.02101,0.0212,0.01869,0.019,166141.80104,118
2025-04-10 04:00:00+00:00,0.01924,0.01952,0.01906,0.01952,18939.10077,11
2025-04-10 08:00:00+00:00,0.01873,0.0189,0.01819,0.01885,253975.21508,37
2025-04-10 12:00:00+00:00,0.01863,0.01863,0.01651,0.01708,254453.67025,127
2025-04-10 16:00:00+00:00,0.01667,0.01803,0.01665,0.01799,69898.43279,89
2025-04-10 20:00:00+00:00,0.01784,0.01952,0.01772,0.01904,37835.34814,25
2025-04-11 00:00:00+00:00,0.01856,0.01989,0.0171,0.01859,150100.01136,73
2025-04-11 04:00:00+00:00,0.01859,0.02055,0.01813,0.02055,77263.30165,91
2025-04-11 08:00:00+00:00,0.02055,0.02119,0.01918,0.01991,298964.8871500001,133
2025-04-11 12:00:00+00:00,0.02,0.02198,0.01976,0.02117,219869.7708100001,119
2025-04-11 16:00:00+00:00,0.02117,0.0325,0.02054,0.02421,575340.2453200001,182
2025-04-11 20:00:00+00:00,0.02351,0.03165,0.02249,0.02379,656416.8985400003,369
2025-04-12 00:00:00+00:00,0.02386,0.0249,0.02226,0.02254,404852.5276399998,156
2025-04-12 04:00:00+00:00,0.02226,0.0298,0.02186,0.0262,202329.44563,73
2025-04-12 08:00:00+00:00,0.02583,0.02604,0.02347,0.02358,108820.73503,73
2025-04-12 12:00:00+00:00,0.02349,0.0295,0.02349,0.02649,151598.73776,129
2025-04-12 16:00:00+00:00,0.03,0.06,0.02647,0.02942,526020.71444,285
2025-04-12 20:00:00+00:00,0.02979,0.03539,0.02863,0.02923,453768.5982900002,136
2025-04-13 00:00:00+00:00,0.02887,0.03381,0.02858,0.03051,293711.7781999999,91
2025-04-13 04:00:00+00:00,0.03188,0.03348,0.03,0.03176,65925.07196,58
2025-04-13 08:00:00+00:00,0.03098,0.05,0.02995,0.0337,373765.9667199999,173
2025-04-13 12:00:00+00:00,0.03472,0.0399,0.02583,0.03244,837310.2244999993,332
2025-04-13 16:00:00+00:00,0.03215,0.03727,0.0311,0.0332,567569.6558199998,203
2025-04-13 20:00:00+00:00,0.03209,0.03497,0.0278,0.02923,704226.5600099997,140
2025-04-14 00:00:00+00:00,0.02945,0.03541,0.02801,0.03125,1828335.4198699992,371
2025-04-14 04:00:00+00:00,0.03125,0.03259,0.03019,0.03259,687833.1710799992,169
2025-04-14 08:00:00+00:00,0.03266,0.03451,0.03149,0.03268,317194.77474,116
2025-04-14 12:00:00+00:00,0.03375,0.03375,0.02908,0.03036,1299150.7130800006,293
2025-04-14 16:00:00+00:00,0.02929,0.03179,0.029,0.02934,43115.18863,39
2025-04-14 20:00:00+00:00,0.03183,0.03311,0.02738,0.03026,284153.45822,76
2025-04-15 00:00:00+00:00,0.03023,0.03087,0.02738,0.03087,314260.0951600003,122
2025-04-15 04:00:00+00:00,0.02848,0.02994,0.02801,0.02994,6747.57466,18
2025-04-15 08:00:00+00:00,0.03064,0.03262,0.0305,0.03262,36938.23606,13
2025-04-15 12:00:00+00:00,0.03152,0.03654,0.02853,0.02853,187720.71602,114
2025-04-15 16:00:00+00:00,0.02803,0.02803,0.02457,0.02462,226788.46019,123
2025-04-15 20:00:00+00:00,0.02514,0.02641,0.02489,0.02641,116213.30812,68
2025-04-16 00:00:00+00:00,0.02532,0.0266,0.02362,0.0248,87240.16877,54
2025-04-16 04:00:00+00:00,0.02381,0.0266,0.02221,0.0236,43846.06572,28
2025-04-16 08:00:00+00:00,0.02376,0.02505,0.02268,0.024,172950.43626,96
2025-04-16 12:00:00+00:00,0.02464,0.02625,0.02401,0.02554,126153.59834,53
2025-04-16 16:00:00+00:00,0.0266,0.0266,0.0238,0.02405,106923.02282,71
2025-04-16 20:00:00+00:00,0.02468,0.02532,0.02377,0.02509,52708.32413,51
2025-04-17 00:00:00+00:00,0.0242,0.02464,0.02361,0.0244,52243.42743,46
2025-04-17 04:00:00+00:00,0.02312,0.027,0.02296,0.027,68075.27378,34
2025-04-17 08:00:00+00:00,0.02725,0.02725,0.02491,0.02493,132451.96483,34
2025-04-17 12:00:00+00:00,0.02608,0.02616,0.02427,0.02427,48762.78447,36
2025-04-17 16:00:00+00:00,0.02401,0.02636,0.0232,0.02617,152703.14298,47
2025-04-17 20:00:00+00:00,0.02595,0.02725,0.02503,0.02525,62599.87075,65
2025-04-18 00:00:00+00:00,0.02643,0.0275,0.02537,0.02588,94779.50297,44
2025-04-18 04:00:00+00:00,0.02607,0.02607,0.025,0.025,3796.66,14
2025-04-18 08:00:00+00:00,0.025,0.02558,0.025,0.02557,96675.3581,169
2025-04-18 12:00:00+00:00,0.02523,0.02596,0.02502,0.02574,203756.94837,100
2025-04-18 16:00:00+00:00,0.02502,0.02521,0.02411,0.02521,37491.27816,17
2025-04-18 20:00:00+00:00,0.02434,0.02456,0.0234,0.02456,22030.50302,15
2025-04-19 00:00:00+00:00,0.02415,0.02566,0.0231,0.02475,42687.69483,40
2025-04-19 04:00:00+00:00,0.02498,0.02546,0.0244,0.0247,12417.94477,22
2025-04-19 08:00:00+00:00,0.02473,0.02519,0.02375,0.02375,53717.12462,15
2025-04-19 12:00:00+00:00,0.02493,0.02493,0.02294,0.02489,23559.68874,25
2025-04-19 16:00:00+00:00,0.02433,0.02479,0.02357,0.02447,20247.09764,28
2025-04-19 20:00:00+00:00,0.02415,0.02538,0.02292,0.0237,45697.78329,31
2025-04-20 00:00:00+00:00,0.02414,0.02447,0.02351,0.02447,23086.24,30
2025-04-20 04:00:00+00:00,0.02353,0.02415,0.02273,0.02273,61439.7904,21
2025-04-20 08:00:00+00:00,0.02343,0.02366,0.02222,0.02256,16274.55043,24
2025-04-20 12:00:00+00:00,0.02242,0.02288,0.02116,0.02195,197757.45574,60
2025-04-20 16:00:00+00:00,0.02191,0.02248,0.02191,0.02229,19998.13369,31
2025-04-20 20:00:00+00:00,0.02264,0.02298,0.02177,0.02177,7042.36042,10
2025-04-21 00:00:00+00:00,0.02192,0.02382,0.02118,0.02262,43940.68357,49
2025-04-21 04:00:00+00:00,0.02298,0.02335,0.02195,0.022,32475.3551,23
2025-04-21 08:00:00+00:00,0.02261,0.02362,0.02203,0.02203,7562.16134,15
2025-04-21 12:00:00+00:00,0.02209,0.0224,0.0212,0.02168,205571.21428,160
2025-04-21 16:00:00+00:00,0.02152,0.02184,0.02104,0.02137,70500.34039,23
2025-04-21 20:00:00+00:00,0.02137,0.02234,0.021,0.02175,70490.47297,28
2025-04-22 00:00:00+00:00,0.02194,0.02557,0.02184,0.02273,62449.61277,58
2025-04-22 04:00:00+00:00,0.02277,0.02386,0.02277,0.02386,10480.02179,26
2025-04-22 08:00:00+00:00,0.02287,0.02534,0.02202,0.02519,122842.34805,121
2025-04-22 12:00:00+00:00,0.02535,0.02692,0.02395,0.02596,175135.5561199999,104
2025-04-22 16:00:00+00:00,0.02635,0.02675,0.02431,0.02431,101861.10414,66
2025-04-22 20:00:00+00:00,0.0246,0.02522,0.02327,0.02454,121433.00603,105
2025-04-23 00:00:00+00:00,0.02522,0.03099,0.02478,0.02784,217156.71483,200
2025-04-23 04:00:00+00:00,0.02784,0.03031,0.02698,0.02853,99101.36139,164
2025-04-23 08:00:00+00:00,0.02831,0.034,0.02796,0.02797,141896.80661,215
2025-04-23 12:00:00+00:00,0.02797,0.02797,0.02539,0.02577,565366.3080300002,80
2025-04-23 16:00:00+00:00,0.02599,0.02728,0.02473,0.02701,220095.54451,114
2025-04-23 20:00:00+00:00,0.02655,0.0278,0.02506,0.02506,72091.57782,67
2025-04-24 00:00:00+00:00,0.02505,0.02601,0.02296,0.02296,214306.03478,125
2025-04-24 04:00:00+00:00,0.02296,0.02463,0.02276,0.02358,72287.65484,81
2025-04-24 08:00:00+00:00,0.02358,0.02451,0.02357,0.02389,123322.93282,179
2025-04-24 12:00:00+00:00,0.02421,0.02549,0.02374,0.02549,169024.74059,69
2025-04-24 16:00:00+00:00,0.02549,0.02999,0.02452,0.02534,315653.1579900003,209
2025-04-24 20:00:00+00:00,0.02598,0.02625,0.02501,0.02625,30288.26633,44
2025-04-25 00:00:00+00:00,0.02618,0.02687,0.02469,0.02521,121100.3684,99
2025-04-25 04:00:00+00:00,0.02468,0.02592,0.02458,0.02592,52778.77674,37
2025-04-25 08:00:00+00:00,0.0263,0.02706,0.0253,0.02706,97642.66077,46
2025-04-25 12:00:00+00:00,0.02603,0.02897,0.02437,0.02771,365509.1193999999,191
2025-04-25 16:00:00+00:00,0.02739,0.02807,0.02604,0.02622,211651.7225800001,229
2025-04-25 20:00:00+00:00,0.02745,0.02793,0.02534,0.02687,133346.03406,54
2025-04-26 00:00:00+00:00,0.02625,0.029,0.02587,0.02664,110108.99598,73
2025-04-26 04:00:00+00:00,0.02807,0.032,0.02798,0.03034,214986.56465,116
2025-04-26 08:00:00+00:00,0.03023,0.03132,0.02858,0.02875,23755.71244,107
2025-04-26 12:00:00+00:00,0.02831,0.02999,0.02798,0.02841,27684.44807,41
2025-04-26 16:00:00+00:00,0.02873,0.034,0.02873,0.02932,191993.55984,166
2025-04-26 20:00:00+00:00,0.03165,0.03169,0.02894,0.02921,9094.53,15
2025-04-27 00:00:00+00:00,0.03008,0.03186,0.02828,0.0284,105254.33187,119
2025-04-27 04:00:00+00:00,0.02915,0.03182,0.02893,0.03072,62845.08886,79
2025-04-27 08:00:00+00:00,0.03036,0.03186,0.02939,0.02976,29338.23034,38
2025-04-27 12:00:00+00:00,0.03,0.03067,0.02964,0.03011,52893.98845,144
2025-04-27 16:00:00+00:00,0.03015,0.0326,0.02962,0.03209,87476.14072,46
2025-04-27 20:00:00+00:00,0.03191,0.03423,0.03071,0.03155,222551.86622,108
2025-04-28 00:00:00+00:00,0.03137,0.03304,0.02843,0.03088,144388.1907,108
2025-04-28 04:00:00+00:00,0.03072,0.03378,0.02983,0.03378,150773.35974,37
2025-04-28 08:00:00+00:00,0.03283,0.03638,0.03029,0.03192,535381.4606400004,305
2025-04-28 12:00:00+00:00,0.03203,0.03212,0.02891,0.03001,223651.7776799999,155
2025-04-28 16:00:00+00:00,0.02956,0.03045,0.0281,0.03033,341423.1553300002,273
2025-04-28 20:00:00+00:00,0.02982,0.02982,0.02834,0.0291,79797.595,122
2025-04-29 00:00:00+00:00,0.02928,0.02998,0.02767,0.02768,74494.37027,87
2025-04-29 04:00:00+00:00,0.02767,0.02807,0.02619,0.02732,93776.27265,154
2025-04-29 08:00:00+00:00,0.02738,0.02765,0.02664,0.02664,66219.48595,249
2025-04-29 12:00:00+00:00,0.02779,0.02795,0.02635,0.02702,57119.36228,98
2025-04-29 16:00:00+00:00,0.02711,0.02798,0.02177,0.02794,769870.45864,503
2025-04-29 20:00:00+00:00,0.02794,0.02806,0.02618,0.02668,187920.87073,154
2025-04-30 00:00:00+00:00,0.02624,0.02624,0.02526,0.02546,45612.36364,75
2025-04-30 04:00:00+00:00,0.02546,0.02629,0.02493,0.02504,87848.2626,65
2025-04-30 08:00:00+00:00,0.02533,0.02662,0.025,0.02607,162049.74759,78
2025-04-30 12:00:00+00:00,0.02536,0.02646,0.02337,0.02465,257748.1775099999,166
2025-04-30 16:00:00+00:00,0.02485,0.02511,0.02342,0.02401,177400.3187,110
2025-04-30 20:00:00+00:00,0.02476,0.02545,0.02357,0.02383,288617.70487,238
2025-05-01 00:00:00+00:00,0.02389,0.02408,0.02222,0.02383,182404.9936,147
2025-05-01 04:00:00+00:00,0.02372,0.02409,0.02284,0.02409,202668.63314,56
2025-05-01 08:00:00+00:00,0.02427,0.02808,0.02427,0.02571,340041.17916,95
2025-05-01 12:00:00+00:00,0.02704,0.02807,0.02486,0.02608,261250.25929,81
2025-05-01 16:00:00+00:00,0.02626,0.03312,0.02591,0.02663,821929.8679400003,263
2025-05-01 20:00:00+00:00,0.02707,0.02707,0.02488,0.02623,67405.33772,36
2025-05-02 00:00:00+00:00,0.02638,0.02791,0.02638,0.02753,219377.2426799999,43
2025-05-02 04:00:00+00:00,0.02788,0.02961,0.02737,0.02737,184517.36199,57
2025-05-02 08:00:00+00:00,0.02781,0.02784,0.02679,0.02757,149148.21265,41
2025-05-02 12:00:00+00:00,0.02743,0.02824,0.0262,0.02687,168486.7885,92
2025-05-02 16:00:00+00:00,0.02625,0.02708,0.02552,0.02552,76240.07524,27
2025-05-02 20:00:00+00:00,0.02552,0.03077,0.02453,0.0288,241406.92808,171
2025-05-03 00:00:00+00:00,0.02855,0.02918,0.02752,0.02796,81339.50643,48
2025-05-03 04:00:00+00:00,0.02733,0.0278,0.02681,0.02711,34222.21137,36
2025-05-03 08:00:00+00:00,0.02751,0.02795,0.0259,0.02615,43973.90045,36
2025-05-03 12:00:00+00:00,0.02576,0.02629,0.02453,0.02623,281029.5486199999,73
2025-05-03 16:00:00+00:00,0.02547,0.02627,0.02461,0.02461,15108.03531,39
2025-05-03 20:00:00+00:00,0.02461,0.02514,0.02417,0.02501,28006.71023,53
2025-05-04 00:00:00+00:00,0.02423,0.02526,0.02411,0.02447,27949.69675,50
2025-05-04 04:00:00+00:00,0.02443,0.02498,0.02338,0.02339,129774.37709,94
2025-05-04 08:00:00+00:00,0.02355,0.0238,0.02331,0.02331,29124.69,14
2025-05-04 12:00:00+00:00,0.02325,0.0238,0.02297,0.02372,16216.0257,17
2025-05-04 16:00:00+00:00,0.02372,0.02422,0.02344,0.02356,12265.78365,28
2025-05-04 20:00:00+00:00,0.02384,0.02455,0.02272,0.02272,86457.20394,92
2025-05-05 00:00:00+00:00,0.02311,0.02357,0.02311,0.02357,9468.54,6
2025-05-05 04:00:00+00:00,0.02355,0.02417,0.02355,0.02417,24611.21328,40
2025-05-05 08:00:00+00:00,0.0242,0.0242,0.02357,0.02365,4224.2072,8
2025-05-05 12:00:00+00:00,0.02365,0.02405,0.02345,0.02357,59064.89021,26
2025-05-05 16:00:00+00:00,0.02357,0.02411,0.02329,0.02407,16578.5731,11
2025-05-05 20:00:00+00:00,0.02391,0.02391,0.02296,0.02317,62621.8914,38
2025-05-06 00:00:00+00:00,0.02299,0.02299,0.02173,0.02174,263807.37411,49
2025-05-06 04:00:00+00:00,0.02181,0.02252,0.02111,0.02252,220001.32826,44
2025-05-06 08:00:00+00:00,0.02174,0.02211,0.02128,0.02128,73105.96714,10
2025-05-06 12:00:00+00:00,0.02118,0.02125,0.02072,0.02072,42771.75393,20
2025-05-06 16:00:00+00:00,0.02058,0.02153,0.02013,0.02014,202219.6527100001,40
2025-05-06 20:00:00+00:00,0.02039,0.02159,0.02024,0.02159,29417.45,13
2025-05-07 00:00:00+00:00,0.02156,0.02305,0.0202,0.02169,219952.93928,63
2025-05-07 04:00:00+00:00,0.02206,0.02206,0.02162,0.02162,2794.7139,4
2025-05-07 08:00:00+00:00,0.02152,0.02152,0.02108,0.02108,10844.62041,7
2025-05-07 12:00:00+00:00,0.02166,0.02203,0.0208,0.0208,73014.99779,33
2025-05-07 16:00:00+00:00,0.02046,0.02118,0.01952,0.02102,288421.63524,58
2025-05-07 20:00:00+00:00,0.02085,0.02356,0.02018,0.0228,302808.11804,56
2025-05-08 00:00:00+00:00,0.02301,0.02301,0.02216,0.0222,188564.96619,25
2025-05-08 04:00:00+00:00,0.02253,0.02323,0.0223,0.02323,125906.69053,19
2025-05-08 08:00:00+00:00,0.02315,0.0243,0.0228,0.02336,346331.1492099999,47
2025-05-08 12:00:00+00:00,0.02344,0.0237,0.02263,0.02359,167201.88097,29
2025-05-08 16:00:00+00:00,0.02372,0.02581,0.02349,0.02564,501563.11582,79
2025-05-08 20:00:00+00:00,0.02544,0.02895,0.02417,0.0278,734522.70261,257
2025-05-09 00:00:00+00:00,0.0268,0.0272,0.02547,0.027,149057.82362,61
2025-05-09 04:00:00+00:00,0.02706,0.0305,0.02704,0.03049,244045.6404600001,72
2025-05-09 08:00:00+00:00,0.03014,0.04021,0.02988,0.03682,1604399.7642999997,992
2025-05-09 12:00:00+00:00,0.03682,0.04247,0.0315,0.03569,2184699.8878200003,1028
2025-05-09 16:00:00+00:00,0.03516,0.057,0.03193,0.0431,2094994.591800001,1164
2025-05-09 20:00:00+00:00,0.04185,0.051,0.04053,0.0431,1971064.280479999,1256
2025-05-10 00:00:00+00:00,0.04309,0.04622,0.03885,0.04622,838200.0910699993,489
2025-05-10 04:00:00+00:00,0.04498,0.04621,0.03994,0.0425,751750.71173,257
2025-05-10 08:00:00+00:00,0.04267,0.04267,0.03671,0.03671,362208.5450999999,162
2025-05-10 12:00:00+00:00,0.03767,0.05064,0.03671,0.03817,934949.6929599995,453
2025-05-10 16:00:00+00:00,0.03861,0.04293,0.0383,0.04168,397600.5944899999,336
2025-05-10 20:00:00+00:00,0.04096,0.04632,0.04095,0.04605,699100.03141,308
2025-05-11 00:00:00+00:00,0.04642,0.04642,0.03984,0.04252,464033.59314,147
2025-05-11 04:00:00+00:00,0.04194,0.04227,0.03924,0.03924,175895.28281,82
2025-05-11 08:00:00+00:00,0.03912,0.04096,0.03897,0.04029,27953.00717,19
2025-05-11 12:00:00+00:00,0.03898,0.04069,0.03796,0.03963,162104.81825,65
2025-05-11 16:00:00+00:00,0.03919,0.05085,0.03855,0.04373,496582.7274900001,238
2025-05-11 20:00:00+00:00,0.04366,0.04556,0.04086,0.04381,413724.74318,127
2025-05-12 00:00:00+00:00,0.04433,0.0479,0.04154,0.04407,562438.5057100002,183
2025-05-12 04:00:00+00:00,0.04443,0.06,0.04128,0.05547,1520866.2804399985,774
2025-05-12 08:00:00+00:00,0.05425,0.05995,0.05027,0.05443,379875.6492899999,419
2025-05-12 12:00:00+00:00,0.05293,0.05629,0.04823,0.04871,344168.8313099999,282
2025-05-12 16:00:00+00:00,0.04832,0.05241,0.04555,0.04722,742651.3619100006,341
2025-05-12 20:00:00+00:00,0.04794,0.06004,0.04759,0.05409,1161774.6156000004,504
2025-05-13 00:00:00+00:00,0.05384,0.05384,0.04621,0.0474,220705.49747,171
2025-05-13 04:00:00+00:00,0.04715,0.05012,0.04715,0.04924,215672.80644,71
2025-05-13 08:00:00+00:00,0.04879,0.05124,0.0474,0.05124,97909.8148,65
2025-05-13 12:00:00+00:00,0.049,0.05257,0.0479,0.05257,204095.58004,145
2025-05-13 16:00:00+00:00,0.05258,0.06,0.05254,0.05839,915094.4562999998,376
2025-05-13 20:00:00+00:00,0.05811,0.05982,0.05459,0.05966,605891.0909500002,292
2025-05-14 00:00:00+00:00,0.05715,0.05948,0.05255,0.05285,201020.61125,175
2025-05-14 04:00:00+00:00,0.05346,0.05572,0.05157,0.05215,149105.58388,150
2025-05-14 08:00:00+00:00,0.05215,0.05359,0.04895,0.0526,592414.1004400001,125
2025-05-14 12:00:00+00:00,0.05229,0.05534,0.04984,0.0517,240592.1507100001,126
2025-05-14 16:00:00+00:00,0.05236,0.05504,0.04972,0.05206,358642.90942,177
2025-05-14 20:00:00+00:00,0.05251,0.05252,0.04912,0.04992,72484.20917,61
2025-05-15 00:00:00+00:00,0.04972,0.04972,0.04578,0.04701,165755.14292,125
2025-05-15 04:00:00+00:00,0.0464,0.04752,0.04428,0.04428,71798.37268,52
2025-05-15 08:00:00+00:00,0.04407,0.04434,0.04084,0.04373,341596.46259,119
2025-05-15 12:00:00+00:00,0.04348,0.04419,0.03916,0.04079,712655.6664799999,344
2025-05-15 16:00:00+00:00,0.04055,0.04415,0.0385,0.03923,589367.5557400001,380
2025-05-15 20:00:00+00:00,0.03982,0.04058,0.03915,0.0397,278959.8890499999,191
2025-05-16 00:00:00+00:00,0.0399,0.045,0.0395,0.04102,232783.05038,173
2025-05-16 04:00:00+00:00,0.04103,0.04281,0.04027,0.04065,52053.38448,39
2025-05-16 08:00:00+00:00,0.0407,0.0417,0.04008,0.04164,52602.9153,28
2025-05-16 12:00:00+00:00,0.04065,0.04197,0.04019,0.04055,117628.16681,87
2025-05-16 16:00:00+00:00,0.04033,0.04074,0.03764,0.03927,232161.6105900001,151
2025-05-16 20:00:00+00:00,0.03917,0.04311,0.0341,0.0341,437250.3633900001,222
2025-05-17 00:00:00+00:00,0.03437,0.03484,0.03277,0.03484,354293.1334300001,241
2025-05-17 04:00:00+00:00,0.03465,0.03791,0.03465,0.03641,242369.84649,211
2025-05-17 08:00:00+00:00,0.03581,0.03586,0.02955,0.035,720063.8455199999,247
2025-05-17 12:00:00+00:00,0.03482,0.03611,0.0348,0.03497,156658.75402,100
2025-05-17 16:00:00+00:00,0.03498,0.03617,0.03358,0.03536,319491.2044699998,102
2025-05-17 20:00:00+00:00,0.03538,0.03666,0.03475,0.03546,182380.4673999999,184
2025-05-18 00:00:00+00:00,0.03548,0.03903,0.03548,0.03795,166996.65353,185
2025-05-18 04:00:00+00:00,0.03643,0.03857,0.03604,0.03794,298540.74054,113
2025-05-18 08:00:00+00:00,0.03833,0.04159,0.03831,0.03882,171807.06655,113
2025-05-18 12:00:00+00:00,0.03882,0.04515,0.0385,0.0416,142953.7049700001,96
2025-05-18 16:00:00+00:00,0.0416,0.04759,0.03821,0.03918,495011.3549700001,446
2025-05-18 20:00:00+00:00,0.03798,0.04036,0.03721,0.04036,174697.61313,100
2025-05-19 00:00:00+00:00,0.04036,0.04395,0.03798,0.038,156092.67331,70
2025-05-19 04:00:00+00:00,0.03798,0.03798,0.03452,0.03498,186700.9522,121
2025-05-19 08:00:00+00:00,0.03436,0.03641,0.03435,0.03566,54543.4717,35
2025-05-19 12:00:00+00:00,0.03533,0.03784,0.03371,0.03606,183999.1083000001,98
2025-05-19 16:00:00+00:00,0.03647,0.03968,0.03566,0.03856,84321.42038,63
2025-05-19 20:00:00+00:00,0.04036,0.04161,0.03947,0.0402,57555.48225,41
2025-05-20 00:00:00+00:00,0.04008,0.044,0.04008,0.04071,347415.24727,286
2025-05-20 04:00:00+00:00,0.04151,0.04151,0.03926,0.03926,88196.40071,40
2025-05-20 08:00:00+00:00,0.03949,0.0402,0.03739,0.03739,41045.75261,43
2025-05-20 12:00:00+00:00,0.03838,0.03886,0.03803,0.03886,24232.98746,24
2025-05-20 16:00:00+00:00,0.03896,0.03963,0.03783,0.03875,59575.79065,41
2025-05-20 20:00:00+00:00,0.03971,0.04456,0.03872,0.04212,120014.20638,120
2025-05-21 00:00:00+00:00,0.04186,0.04272,0.04127,0.0413,45843.91969,55
2025-05-21 04:00:00+00:00,0.04223,0.04339,0.04127,0.04251,37342.29072,51
2025-05-21 08:00:00+00:00,0.04192,0.04352,0.04115,0.04164,133346.63425,68
2025-05-21 12:00:00+00:00,0.04245,0.04755,0.0424,0.04657,213915.4571100002,133
2025-05-21 16:00:00+00:00,0.04687,0.04742,0.04336,0.04475,146148.18997,129
2025-05-21 20:00:00+00:00,0.04558,0.04745,0.04425,0.0458,309931.34214,128
2025-05-22 00:00:00+00:00,0.04687,0.049,0.04574,0.049,194185.90751,92
2025-05-22 04:00:00+00:00,0.0492,0.0495,0.04667,0.04869,332270.9316900001,231
2025-05-22 08:00:00+00:00,0.04929,0.05031,0.04841,0.04842,51546.5406,54
2025-05-22 12:00:00+00:00,0.04853,0.04987,0.04572,0.04878,210893.42256,168
2025-05-22 16:00:00+00:00,0.04895,0.04937,0.04728,0.04861,226615.81064,74
2025-05-22 20:00:00+00:00,0.04787,0.04982,0.04776,0.04957,77190.35963,28
2025-05-23 00:00:00+00:00,0.05004,0.05101,0.04687,0.04692,205743.51638,123
2025-05-23 04:00:00+00:00,0.04705,0.04705,0.04544,0.04544,26714.61918,40
2025-05-23 08:00:00+00:00,0.04603,0.04893,0.04384,0.04384,363303.1865700001,158
2025-05-23 12:00:00+00:00,0.04301,0.04562,0.04174,0.04472,130038.69639,147
2025-05-23 16:00:00+00:00,0.04362,0.04394,0.04287,0.0437,132650.31346,45
2025-05-23 20:00:00+00:00,0.04326,0.04327,0.04078,0.04078,26549.09756,29
2025-05-24 00:00:00+00:00,0.04057,0.04123,0.039,0.03999,237810.14832,67
2025-05-24 04:00:00+00:00,0.04045,0.04102,0.03915,0.03944,154797.82356,50
2025-05-24 08:00:00+00:00,0.03921,0.0405,0.03781,0.0405,97250.79707,37
2025-05-24 12:00:00+00:00,0.03939,0.03969,0.03872,0.03956,36123.15474,29
2025-05-24 16:00:00+00:00,0.03933,0.0399,0.0365,0.03856,205078.4013800001,121
2025-05-24 20:00:00+00:00,0.03841,0.03891,0.03741,0.03891,137169.72856,78
2025-05-25 00:00:00+00:00,0.03794,0.03796,0.0357,0.03597,96481.05372,73
2025-05-25 04:00:00+00:00,0.03641,0.03708,0.03589,0.03589,56474.66558,27
2025-05-25 08:00:00+00:00,0.03564,0.03713,0.03551,0.03713,36638.6742,17
2025-05-25 12:00:00+00:00,0.03689,0.03723,0.0364,0.03694,51962.86389,43
2025-05-25 16:00:00+00:00,0.0367,0.03707,0.0362,0.03654,51940.57578,25
2025-05-25 20:00:00+00:00,0.03666,0.0374,0.03559,0.0371,159067.84362,85
2025-05-26 00:00:00+00:00,0.03755,0.03861,0.03755,0.03801,57846.12148,40
2025-05-26 04:00:00+00:00,0.03852,0.03871,0.03754,0.03827,12498.05367,8
2025-05-26 08:00:00+00:00,0.03893,0.03931,0.03759,0.03867,73367.63184,44
2025-05-26 12:00:00+00:00,0.03866,0.03921,0.03767,0.03844,50734.95347,27
2025-05-26 16:00:00+00:00,0.03869,0.03869,0.03683,0.03768,62273.90567,35
2025-05-26 20:00:00+00:00,0.03765,0.0377,0.03599,0.03676,38273.34805,23
2025-05-27 00:00:00+00:00,0.03693,0.03752,0.03665,0.03708,15398.16558,16
2025-05-27 04:00:00+00:00,0.037,0.03777,0.037,0.03777,2306.44181,4
2025-05-27 08:00:00+00:00,0.03777,0.03779,0.03668,0.03668,24573.44504,13
2025-05-27 12:00:00+00:00,0.03676,0.03893,0.03676,0.03893,39540.37353,32
2025-05-27 16:00:00+00:00,0.03878,0.03878,0.03764,0.03779,95693.05803,42
2025-05-27 20:00:00+00:00,0.0378,0.04605,0.03724,0.03816,785904.7650199999,191
2025-05-28 00:00:00+00:00,0.03816,0.03875,0.03668,0.03697,154335.36213,63
2025-05-28 04:00:00+00:00,0.03674,0.03674,0.0354,0.0354,106059.44314,36
2025-05-28 08:00:00+00:00,0.03575,0.03592,0.03508,0.03508,20700.97207,10
2025-05-28 12:00:00+00:00,0.03552,0.0356,0.03476,0.03479,81043.59254,22
2025-05-28 16:00:00+00:00,0.0347,0.03538,0.03349,0.0336,220220.52145,144
2025-05-28 20:00:00+00:00,0.0336,0.0355,0.0336,0.03466,255668.80665,83
2025-05-29 00:00:00+00:00,0.03491,0.03566,0.03409,0.03533,68078.60817,54
2025-05-29 04:00:00+00:00,0.03483,0.03513,0.03465,0.03507,47538.50633,15
2025-05-29 08:00:00+00:00,0.03476,0.03508,0.0345,0.03473,9355.68852,6
2025-05-29 12:00:00+00:00,0.03454,0.03509,0.03311,0.03311,51058.50657,47
2025-05-29 16:00:00+00:00,0.03313,0.03421,0.03113,0.03171,189540.77975,66
2025-05-29 20:00:00+00:00,0.03153,0.0326,0.03086,0.03226,55985.78878,36
2025-05-30 00:00:00+00:00,0.03209,0.03222,0.03037,0.03141,173622.00656,70
2025-05-30 04:00:00+00:00,0.03127,0.03175,0.03127,0.03175,34437.04,4
2025-05-30 08:00:00+00:00,0.03135,0.03159,0.03042,0.03094,223076.57538,34
2025-05-30 12:00:00+00:00,0.03099,0.03217,0.03099,0.03114,220505.98028,61
2025-05-30 16:00:00+00:00,0.03099,0.03315,0.02954,0.03058,251401.61451,97
2025-05-30 20:00:00+00:00,0.03054,0.03126,0.02816,0.02848,211522.83843,85
2025-05-31 00:00:00+00:00,0.02827,0.02995,0.02696,0.02715,345326.5236799999,90
2025-05-31 04:00:00+00:00,0.027,0.0294,0.02594,0.0277,374755.7268799999,110
2025-05-31 08:00:00+00:00,0.02792,0.02811,0.0277,0.02781,25179.93331,83
2025-05-31 12:00:00+00:00,0.02793,0.03041,0.02759,0.03041,191048.0578,49
2025-05-31 16:00:00+00:00,0.02955,0.0306,0.0289,0.02982,45911.64334,18
2025-05-31 20:00:00+00:00,0.02992,0.03031,0.02921,0.02921,61161.32,24
2025-06-01 00:00:00+00:00,0.02922,0.02922,0.02868,0.02913,14151.71106,13
2025-06-01 04:00:00+00:00,0.02869,0.02907,0.02858,0.02868,32246.95131,16
2025-06-01 08:00:00+00:00,0.02862,0.02891,0.02767,0.02793,35103.29652,21
2025-06-01 12:00:00+00:00,0.02805,0.02854,0.02774,0.02824,55887.88712,29
2025-06-01 16:00:00+00:00,0.0286,0.0306,0.0286,0.02936,136641.70186,45
2025-06-01 20:00:00+00:00,0.02945,0.03059,0.02945,0.03059,22432.99154,12
2025-06-02 00:00:00+00:00,0.03059,0.03067,0.02946,0.02946,194116.1387100001,51
2025-06-02 04:00:00+00:00,0.02945,0.02945,0.02925,0.02925,35255.00608,15
2025-06-02 08:00:00+00:00,0.02911,0.02911,0.02872,0.02872,42789.33703,6
2025-06-02 12:00:00+00:00,0.02845,0.0291,0.02811,0.02811,36846.80579,20
2025-06-02 16:00:00+00:00,0.02846,0.02871,0.0282,0.02831,32712.30705,16
2025-06-02 20:00:00+00:00,0.0283,0.02937,0.0282,0.02931,263172.2123700001,22
2025-06-03 00:00:00+00:00,0.02937,0.03118,0.02937,0.03,38391.66533,25
2025-06-03 04:00:00+00:00,0.03025,0.03065,0.03025,0.03035,37586.94451,12
2025-06-03 08:00:00+00:00,0.03039,0.03039,0.02932,0.02996,58346.34093,36
2025-06-03 12:00:00+00:00,0.0298,0.03081,0.02933,0.03081,39377.75361,34
2025-06-03 16:00:00+00:00,0.03058,0.03058,0.02966,0.03052,73150.28,18
2025-06-03 20:00:00+00:00,0.03012,0.03012,0.02609,0.02756,270779.4862099999,62
2025-06-04 00:00:00+00:00,0.02756,0.02756,0.02665,0.02742,36392.31406,18
2025-06-04 04:00:00+00:00,0.02749,0.02802,0.02744,0.02758,138356.29327,23
2025-06-04 08:00:00+00:00,0.02683,0.02717,0.02618,0.02677,29054.15194,11
2025-06-04 12:00:00+00:00,0.02669,0.03002,0.02366,0.02861,2035120.9416199997,271
2025-06-04 16:00:00+00:00,0.02875,0.02951,0.02746,0.02746,240823.6376,90
2025-06-04 20:00:00+00:00,0.02732,0.02754,0.02474,0.02581,456856.37671,192
2025-06-05 00:00:00+00:00,0.02588,0.02602,0.0246,0.0246,166288.9557399999,64
2025-06-05 04:00:00+00:00,0.02508,0.02539,0.02485,0.0252,131176.56189,22
2025-06-05 08:00:00+00:00,0.02494,0.02494,0.02459,0.02481,37176.89062,17
2025-06-05 12:00:00+00:00,0.02499,0.02635,0.02499,0.02571,202002.8482799999,83
2025-06-05 16:00:00+00:00,0.02633,0.02633,0.02271,0.02343,165950.69189,85
2025-06-05 20:00:00+00:00,0.02286,0.02429,0.02242,0.02341,435920.10383,134
2025-06-06 00:00:00+00:00,0.024,0.02404,0.02378,0.02382,65091.06528,20
2025-06-06 04:00:00+00:00,0.02395,0.0247,0.02394,0.02447,33214.52346,22
2025-06-06 08:00:00+00:00,0.02463,0.02584,0.02462,0.02584,24788.01675,20
2025-06-06 12:00:00+00:00,0.02584,0.02688,0.02584,0.0266,51080.16499,30
2025-06-06 16:00:00+00:00,0.02606,0.02825,0.02561,0.02577,77778.27856,50
2025-06-06 20:00:00+00:00,0.02599,0.02645,0.02523,0.02645,43310.83119,15
2025-06-07 00:00:00+00:00,0.02495,0.02649,0.02491,0.02649,39832.69004,30
2025-06-07 04:00:00+00:00,0.02656,0.027,0.0264,0.027,28604.02827,14
2025-06-07 08:00:00+00:00,0.02694,0.02716,0.02682,0.02693,26280.29727,8
2025-06-07 12:00:00+00:00,0.02696,0.02742,0.02696,0.02742,43983.72102,23
2025-06-07 16:00:00+00:00,0.02681,0.02712,0.0267,0.02681,19524.03563,11
2025-06-07 20:00:00+00:00,0.02676,0.02724,0.02664,0.02724,112816.43993,26
2025-06-08 00:00:00+00:00,0.02758,0.02802,0.02732,0.02752,121714.75319,33
2025-06-08 04:00:00+00:00,0.02752,0.02752,0.02712,0.02712,6958.58425,9
2025-06-08 08:00:00+00:00,0.02703,0.02723,0.02703,0.02707,19597.8758,6
2025-06-08 12:00:00+00:00,0.0272,0.02771,0.0272,0.02762,37509.4703,8
2025-06-08 16:00:00+00:00,0.0277,0.03016,0.0277,0.03016,90432.4301700001,51
2025-06-08 20:00:00+00:00,0.03004,0.03566,0.02899,0.02899,1673510.216399998,363
2025-06-09 00:00:00+00:00,0.02899,0.02912,0.02779,0.02799,174877.5667099999,44
2025-06-09 04:00:00+00:00,0.02823,0.02902,0.02823,0.02869,135187.04513,22
2025-06-09 08:00:00+00:00,0.02858,0.03106,0.02833,0.02994,116349.82077,37
2025-06-09 12:00:00+00:00,0.02947,0.03008,0.02924,0.02947,99811.57232,40
2025-06-09 16:00:00+00:00,0.02987,0.03062,0.02987,0.02993,49998.53335,25
2025-06-09 20:00:00+00:00,0.03008,0.03133,0.03008,0.03102,94977.38486,37
2025-06-10 00:00:00+00:00,0.03104,0.0313,0.03005,0.03033,110382.7214,35
2025-06-10 04:00:00+00:00,0.03032,0.03032,0.03007,0.03019,8592.02518,7
2025-06-10 08:00:00+00:00,0.03018,0.03081,0.02999,0.03058,338743.0698000001,51
2025-06-10 12:00:00+00:00,0.03069,0.03141,0.03057,0.03076,744332.4788800001,51
2025-06-10 16:00:00+00:00,0.03041,0.03081,0.02977,0.03081,801350.5336900001,113
2025-06-10 20:00:00+00:00,0.03077,0.03353,0.02964,0.0316,501861.7869000001,96
2025-06-11 00:00:00+00:00,0.0322,0.03287,0.02983,0.02983,58947.65544,46
2025-06-11 04:00:00+00:00,0.02982,0.03079,0.02888,0.0306,200098.7247,69
2025-06-11 08:00:00+00:00,0.03057,0.03079,0.03032,0.03041,38650.6648,19
2025-06-11 12:00:00+00:00,0.03079,0.03236,0.03062,0.03215,509485.27046,98
2025-06-11 16:00:00+00:00,0.032,0.03203,0.02985,0.02997,259857.44115,52
2025-06-11 20:00:00+00:00,0.02992,0.0316,0.0269,0.02938,164364.79627,55
2025-06-12 00:00:00+00:00,0.02949,0.02949,0.02892,0.02892,81638.37241,24
2025-06-12 04:00:00+00:00,0.02896,0.02961,0.02896,0.02955,206293.5267,67
2025-06-12 08:00:00+00:00,0.02895,0.02902,0.02863,0.02882,40576.31262,15
2025-06-12 12:00:00+00:00,0.02876,0.02973,0.02863,0.02952,73204.39419,42
2025-06-12 16:00:00+00:00,0.02937,0.0304,0.0274,0.0274,631000.5083499999,51
2025-06-12 20:00:00+00:00,0.02793,0.02862,0.02577,0.02643,201349.8485,49
2025-06-13 00:00:00+00:00,0.02639,0.02639,0.02,0.02328,811166.4019199997,211
2025-06-13 04:00:00+00:00,0.02344,0.02344,0.023,0.02324,129587.5939,54
2025-06-13 08:00:00+00:00,0.02353,0.02405,0.0235,0.02367,53297.50326,22
2025-06-13 12:00:00+00:00,0.02369,0.02402,0.02307,0.02394,87605.99333,32
2025-06-13 16:00:00+00:00,0.02401,0.02484,0.02401,0.02444,417350.8129700001,58
2025-06-13 20:00:00+00:00,0.02463,0.0253,0.02463,0.0253,28152.59098,12
2025-06-14 00:00:00+00:00,0.02528,0.02549,0.0244,0.0244,113256.59944,38
2025-06-14 04:00:00+00:00,0.02471,0.02487,0.02419,0.02422,59102.85,18
2025-06-14 08:00:00+00:00,0.02441,0.0247,0.02441,0.02448,9774.3648,10
2025-06-14 12:00:00+00:00,0.02482,0.02516,0.0244,0.0244,89432.52806,33
2025-06-14 16:00:00+00:00,0.02432,0.02432,0.02391,0.0241,74404.19521,22
2025-06-14 20:00:00+00:00,0.02414,0.0244,0.02375,0.0244,42487.67135,12
2025-06-15 00:00:00+00:00,0.0244,0.02455,0.0244,0.02445,8776.77159,7
2025-06-15 04:00:00+00:00,0.02445,0.02469,0.02445,0.02469,73266.8675,7
2025-06-15 08:00:00+00:00,0.02455,0.02455,0.02423,0.02444,46019.04996,8
2025-06-15 12:00:00+00:00,0.02477,0.02487,0.02405,0.02487,26014.1428,15
2025-06-15 16:00:00+00:00,0.02462,0.02553,0.02462,0.02487,50739.7,16
2025-06-15 20:00:00+00:00,0.0245,0.02529,0.02408,0.02529,110025.93505,26
2025-06-16 00:00:00+00:00,0.02454,0.02584,0.02238,0.02584,452368.86308,99
2025-06-16 04:00:00+00:00,0.02579,0.02619,0.02579,0.0259,20293.54744,13
2025-06-16 08:00:00+00:00,0.02596,0.02621,0.02556,0.02556,105488.70977,16
2025-06-16 12:00:00+00:00,0.02561,0.02585,0.0255,0.0255,34313.07201,14
2025-06-16 16:00:00+00:00,0.02574,0.02593,0.02532,0.0255,124376.50727,34
2025-06-16 20:00:00+00:00,0.02551,0.0259,0.02458,0.02477,435218.28456,38
2025-06-17 00:00:00+00:00,0.02463,0.02463,0.0237,0.0244,12455.54229,13
2025-06-17 04:00:00+00:00,0.02441,0.02462,0.02441,0.02455,26931.62066,7
2025-06-17 08:00:00+00:00,0.02411,0.02411,0.02367,0.02369,145744.04946,19
2025-06-17 12:00:00+00:00,0.02378,0.02457,0.02192,0.02213,147459.52436,29
2025-06-17 16:00:00+00:00,0.02209,0.02246,0.02169,0.02246,173508.64071,35
2025-06-17 20:00:00+00:00,0.02226,0.02232,0.02165,0.02172,329884.46202,32
2025-06-18 00:00:00+00:00,0.02169,0.02189,0.02163,0.02189,29228.80624,11
2025-06-18 04:00:00+00:00,0.02216,0.02235,0.02209,0.02209,41083.45,9
2025-06-18 08:00:00+00:00,0.02221,0.02241,0.02177,0.02177,51703.34372,9
2025-06-18 12:00:00+00:00,0.02182,0.02183,0.0213,0.02178,64708.31394,21
2025-06-18 16:00:00+00:00,0.02182,0.02269,0.02182,0.02237,324864.3694999999,40
2025-06-18 20:00:00+00:00,0.02288,0.02692,0.02267,0.02356,66004.07284,33
2025-06-19 00:00:00+00:00,0.02366,0.02387,0.02351,0.02351,94920.59484,29
2025-06-19 04:00:00+00:00,0.02375,0.02375,0.02273,0.0233,142831.20401,29
2025-06-19 08:00:00+00:00,0.02336,0.02349,0.02329,0.02329,23069.51,7
2025-06-19 12:00:00+00:00,0.02306,0.02328,0.02251,0.02256,55445.19169,15
2025-06-19 16:00:00+00:00,0.0228,0.0228,0.0228,0.0228,8146.88,1
2025-06-19 20:00:00+00:00,0.02258,0.02301,0.02252,0.02301,31797.37947,12
2025-06-20 00:00:00+00:00,0.02297,0.02297,0.02275,0.0228,12931.64935,9
2025-06-20 04:00:00+00:00,0.02258,0.02269,0.02247,0.02253,26365.404,8
2025-06-20 08:00:00+00:00,0.02308,0.02322,0.02308,0.02322,19303.26,10
2025-06-20 12:00:00+00:00,0.02327,0.02435,0.02205,0.02205,104202.63204,26
2025-06-20 16:00:00+00:00,0.02199,0.02304,0.02057,0.02083,223681.61641,37
2025-06-20 20:00:00+00:00,0.02093,0.02157,0.02077,0.02099,102388.08118,27
2025-06-21 00:00:00+00:00,0.0209,0.0209,0.0139,0.01519,1917444.0114300004,144
2025-06-21 04:00:00+00:00,0.01521,0.018,0.015,0.01725,2733714.901670001,393
2025-06-21 08:00:00+00:00,0.01717,0.01869,0.01652,0.0176,332888.79474,100
2025-06-21 12:00:00+00:00,0.01741,0.0185,0.01651,0.01694,347971.08374,106
2025-06-21 16:00:00+00:00,0.01694,0.01859,0.01394,0.01623,1092479.39664,181
2025-06-21 20:00:00+00:00,0.01631,0.0185,0.01562,0.01603,1200635.48934,253
2025-06-22 00:00:00+00:00,0.01605,0.017,0.01605,0.01638,107736.16246,83
2025-06-22 04:00:00+00:00,0.01635,0.01648,0.0144,0.01553,888595.9979199999,139
2025-06-22 08:00:00+00:00,0.01516,0.0152,0.01464,0.01478,176630.65857,25
2025-06-22 12:00:00+00:00,0.01485,0.01497,0.01355,0.01497,943262.7816900006,180
2025-06-22 16:00:00+00:00,0.01479,0.01542,0.01455,0.01481,250346.5897,83
2025-06-22 20:00:00+00:00,0.01481,0.01625,0.01454,0.01625,514988.8126099999,134
2025-06-23 00:00:00+00:00,0.01566,0.01673,0.01545,0.01673,509973.6894299999,84
2025-06-23 04:00:00+00:00,0.01637,0.01637,0.01614,0.01635,19002.45779,11
2025-06-23 08:00:00+00:00,0.01633,0.01634,0.0162,0.0162,141351.8061,21
2025-06-23 12:00:00+00:00,0.01615,0.01655,0.01603,0.01642,203813.41154,34
2025-06-23 16:00:00+00:00,0.01653,0.02043,0.01535,0.01644,1186588.0779200008,218
2025-06-23 20:00:00+00:00,0.01659,0.023,0.01647,0.0205,435445.32287,102
2025-06-24 00:00:00+00:00,0.0202,0.0202,0.01667,0.01897,734726.2735399997,164
2025-06-24 04:00:00+00:00,0.01905,0.0205,0.01899,0.02,282754.45915,43
2025-06-24 08:00:00+00:00,0.02048,0.02048,0.01728,0.01908,381547.6910499997,133
2025-06-24 12:00:00+00:00,0.01912,0.02217,0.01897,0.01922,522957.95809,127
2025-06-24 16:00:00+00:00,0.01909,0.02081,0.01909,0.02006,572682.28971,115
2025-06-24 20:00:00+00:00,0.02006,0.02293,0.01859,0.02017,877584.1709499991,247
2025-06-25 00:00:00+00:00,0.02017,0.0223,0.01958,0.02114,47269.08117,25
2025-06-25 04:00:00+00:00,0.02115,0.02261,0.02115,0.02136,91942.73218,33
2025-06-25 08:00:00+00:00,0.02209,0.02669,0.02111,0.02144,289990.22902,67
2025-06-25 12:00:00+00:00,0.02216,0.0267,0.02163,0.02527,556271.86947,88
2025-06-25 16:00:00+00:00,0.02527,0.026,0.02053,0.02214,679057.1731000004,239
2025-06-25 20:00:00+00:00,0.02168,0.02448,0.02123,0.02261,322040.06893,169
2025-06-26 00:00:00+00:00,0.02261,0.0245,0.02161,0.02436,1152663.209829999,291
2025-06-26 04:00:00+00:00,0.02444,0.02444,0.02188,0.0234,355651.5470200002,162
2025-06-26 08:00:00+00:00,0.02353,0.02397,0.02204,0.02206,71380.8938,53
2025-06-26 12:00:00+00:00,0.02205,0.02345,0.01927,0.02091,752781.5703899998,244
2025-06-26 16:00:00+00:00,0.02119,0.02153,0.0198,0.02055,637093.9692099999,221
2025-06-26 20:00:00+00:00,0.02127,0.02256,0.02016,0.02129,387941.9457099999,169
2025-06-27 00:00:00+00:00,0.02118,0.02294,0.02024,0.02202,487899.7804400001,239
2025-06-27 04:00:00+00:00,0.02146,0.022,0.02069,0.02146,126903.98236,70
2025-06-27 08:00:00+00:00,0.02126,0.02173,0.02039,0.02084,24211.16645,39
2025-06-27 12:00:00+00:00,0.02078,0.0229,0.02015,0.02278,334468.51132,210
2025-06-27 16:00:00+00:00,0.02278,0.02287,0.01973,0.02081,262136.7793999999,121
2025-06-27 20:00:00+00:00,0.02076,0.02082,0.01908,0.01915,570145.63097,113
2025-06-28 00:00:00+00:00,0.01967,0.02012,0.01915,0.02002,465921.7895099999,84
2025-06-28 04:00:00+00:00,0.02,0.02082,0.01959,0.02082,141701.31972,38
2025-06-28 08:00:00+00:00,0.02064,0.02216,0.02049,0.02135,126685.90877,48
2025-06-28 12:00:00+00:00,0.02079,0.02203,0.02079,0.02173,55201.93687,51
2025-06-28 16:00:00+00:00,0.0218,0.02398,0.02141,0.02232,271668.89934,114
2025-06-28 20:00:00+00:00,0.02232,0.02288,0.02204,0.02288,163987.50488,63
2025-06-29 00:00:00+00:00,0.02225,0.02268,0.02141,0.022,195615.7685599999,75
2025-06-29 04:00:00+00:00,0.02247,0.02279,0.022,0.02277,127983.20527,50
2025-06-29 08:00:00+00:00,0.02278,0.0228,0.022,0.0228,98676.85459,19
2025-06-29 12:00:00+00:00,0.02279,0.0228,0.02106,0.02172,246181.79885,94
2025-06-29 16:00:00+00:00,0.02172,0.02278,0.02095,0.02155,196727.8971599999,82
2025-06-29 20:00:00+00:00,0.02191,0.02248,0.02049,0.02238,732390.0148400003,157
2025-06-30 00:00:00+00:00,0.0223,0.0228,0.02163,0.022,124091.0944600001,53
2025-06-30 04:00:00+00:00,0.02253,0.02263,0.02107,0.022,142896.9584,51
2025-06-30 08:00:00+00:00,0.02199,0.02201,0.02107,0.02166,48886.09566,13
2025-06-30 12:00:00+00:00,0.02163,0.02216,0.02049,0.02216,147040.4851299999,62
2025-06-30 16:00:00+00:00,0.02164,0.0228,0.02101,0.02193,183748.21594,74
2025-06-30 20:00:00+00:00,0.02216,0.02251,0.02069,0.02154,516471.32417,125
