1607990400,109.9,109.9,86.0,90.95,2122.89134956,661
1608076800,90.94,90.95,81.02,87.69,3684.05566288,554
1608163200,88.0,94.0,83.26,85.06,6320.74805698,531
1608249600,84.68,90.38,82.25,90.38,2963.0905157,307
1608336000,90.9,96.39,88.28,88.29,2987.83392519,415
1608422400,88.17,94.0,84.06,84.67,3196.40359078,351
1608508800,86.28,94.0,77.9,81.0,4098.26241619,440
1608595200,81.73,85.99,76.0,84.55,2446.39793901,274
1608681600,83.21,83.21,63.83,74.63,2962.20411844,419
1608768000,75.76,80.34,71.33,80.0,1393.77391164,194
1608854400,80.33,82.0,76.15,80.0,2034.22488933,261
1608940800,79.33,79.33,74.17,75.01,1589.98000492,165
1609027200,75.01,81.45,73.12,78.36,1361.98474448,326
1609113600,76.58,89.0,76.58,81.74,2611.51565592,348
1609200000,82.34,82.9,75.0,77.05,1700.64201173,237
1609286400,77.9,85.66,77.27,81.53,2870.58202772,342
1609372800,80.71,88.64,78.21,88.51,1754.9589226,263
1609459200,87.4,91.19,85.11,91.19,2165.97010207,245
1609545600,91.46,91.76,82.66,85.47,3212.28929575,427
1609632000,85.15,99.99,81.93,93.19,7506.74473687,760
1609718400,94.4,115.28,85.49,114.47,18196.66078648,1781
1609804800,114.47,123.85,98.61,120.04,11392.37637029,1302
1609891200,120.25,120.68,108.0,115.23,11858.36136237,1225
1609977600,113.22,128.41,108.0,115.04,8289.27831059,985
1610064000,115.95,118.94,100.12,110.83,6750.69403765,746
1610150400,110.77,124.5,106.36,119.7,5426.97678695,553
1610236800,118.85,136.44,111.26,127.08,8373.65321365,1138
1610323200,127.0,127.0,94.26,115.81,7056.65501336,1162
1610409600,112.68,135.76,109.39,126.43,5444.358567,717
1610496000,126.36,148.16,120.0,148.16,5689.96384806,670
1610582400,147.07,155.15,138.91,147.25,5704.85485845,682
1610668800,147.71,167.43,140.0,166.75,4802.36442959,896
1610755200,167.8,203.16,167.8,184.0,10292.6598825,1617
1610841600,179.0,198.65,175.0,186.46,4981.93424124,958
1610928000,188.02,200.34,180.57,200.34,8542.99719774,1179
1611014400,200.77,209.9,185.0,190.01,7126.67734418,1281
1611100800,186.3,199.12,170.01,199.12,8937.40151236,1064
1611187200,199.0,199.33,155.0,160.51,8989.99010511,1426
1611273600,159.0,199.0,147.53,190.96,10446.25753326,1294
1611360000,189.18,220.0,186.5,211.13,21659.84877644,2430
1611446400,213.14,290.68,212.89,264.37,18260.40899926,3985
1611532800,266.36,283.21,238.0,249.1,12031.85026629,2984
1611619200,244.73,319.0,241.0,277.52,12648.96884025,2495
1611705600,277.77,298.59,251.0,287.74,16062.3615206,2569
1611792000,286.0,310.0,276.4,297.12,12327.33122031,2060
1611878400,298.8,345.0,270.79,287.73,10511.68655352,1848
1611964800,290.4,324.01,281.94,316.95,11123.38647446,2149
1612051200,315.55,318.89,293.88,300.78,8771.54160555,1592
1612137600,300.83,307.83,285.0,294.67,8861.48507282,1701
1612224000,294.55,307.0,286.0,303.87,6533.81661959,1928
1612310400,306.53,387.3,301.25,384.77,12292.21652245,3293
1612396800,386.0,525.6,386.0,468.81,35502.0415376701,12456
1612483200,468.22,544.3,465.34,507.28,17140.2625331,6023
1612569600,509.23,511.52,430.35,472.5,15867.5889396,5279
1612656000,475.0,484.6,389.55,472.87,14242.58082775,4083
1612742400,472.43,531.71,463.99,490.8,13405.3683416,4134
1612828800,490.87,510.64,473.0,489.66,8168.34291415,2841
1612915200,489.71,581.01,487.76,524.4,16149.50871105,5644
1613001600,524.79,541.4,509.55,517.95,8382.76009309,3150
1613088000,518.41,545.0,500.0,530.45,8395.8043468,3364
1613174400,530.05,543.44,481.0,495.26,7508.97181554,3164
1613260800,496.15,509.99,461.65,469.58,6271.34744051,2526
1613347200,471.75,496.61,393.0,455.62,11258.14744248,5137
1613433600,456.12,478.08,422.74,432.76,6375.75762058,2936
1613520000,432.5,468.16,399.4,450.76,26081.42992683,5249
1613606400,452.53,480.0,434.76,442.57,15103.06904625,3437
1613692800,444.69,448.1,405.75,420.0,13809.78617165,5142
1613779200,420.56,497.99,407.54,445.63,24413.12558064,8211
1613865600,440.89,454.46,425.72,435.74,6743.72917098,2602
1613952000,437.77,448.24,353.37,399.95,18618.5004643201,5873
1614038400,400.53,402.35,289.0,363.51,27974.0062999702,7156
1614124800,363.75,406.15,340.0,367.52,13238.86955753,3458
1614211200,367.99,387.95,335.0,337.6,6522.91467347,1865
1614297600,338.46,353.61,303.99,322.6,8265.10590144,2402
1614384000,324.88,349.53,324.58,335.49,5448.1831803,1420
1614470400,331.14,366.04,301.35,350.46,9241.46385579,2091
1614556800,353.89,389.0,352.22,386.13,11617.23655752,2553
1614643200,385.3,417.0,375.13,390.8,11081.20643456,2800
1614729600,391.0,419.0,385.0,396.92,5502.01439356,1694
1614816000,395.0,410.1,366.01,374.96,4175.84890122,1466
1614902400,373.93,377.74,341.2,367.3,5481.39564083,1561
1614988800,369.12,391.44,352.19,388.35,3398.42088891,1049
1615075200,390.92,419.0,384.27,414.27,5695.67981728,1819
1615161600,415.56,437.28,392.77,437.23,6300.11768524,1990
1615248000,436.73,450.0,417.59,444.57,6230.22640527,1815
1615334400,446.0,458.58,399.98,407.08,5941.81997568,1899
1615420800,405.81,415.0,388.66,405.22,4909.85896429,1389
1615507200,406.11,406.11,361.57,373.71,7887.08429125,1885
1615593600,371.41,427.61,360.3,414.16,7430.93127891,2359
1615680000,415.16,417.31,377.92,380.44,5027.71425922,1494
1615766400,380.01,389.04,355.7,367.5,8458.16867648,1557
1615852800,368.0,376.28,351.31,369.69,5693.07698039,1325
1615939200,370.19,383.53,358.32,382.62,4387.92000962,1377
1616025600,384.0,384.47,361.1,363.74,7652.0230234,1593
1616112000,362.52,379.06,353.61,369.82,3628.04534493,1121
1616198400,368.78,396.0,368.39,369.62,3515.58456614,1238
1616284800,369.7,376.14,359.45,367.46,1337.61367068,580
1616371200,367.67,371.08,333.0,336.17,5012.66534524,1292
1616457600,335.5,345.45,327.23,330.75,4582.59130776,1121
1616544000,330.5,348.31,297.71,308.92,7814.94821437,1696
1616630400,307.04,333.23,299.14,326.14,6206.53950678,1291
1616716800,325.93,360.93,325.93,359.0,3583.17058936,1159
1616803200,359.0,362.1,340.48,351.39,1874.39977446,695
1616889600,352.41,356.48,332.62,347.96,1716.58786057,732
1616976000,345.95,367.81,343.7,361.26,2449.54598088,1007
1617062400,360.89,382.79,353.6,377.25,3968.82816912,1323
1617148800,377.99,392.5,358.27,382.85,5138.34190903,2180
1617235200,384.01,392.36,371.06,382.53,3337.5817326,1340
1617321600,383.08,421.99,377.97,420.79,7294.19581706,2354
1617408000,420.66,424.97,377.42,379.15,4671.88437256,1961
1617494400,379.1,412.03,372.68,403.9,3562.61082436,1215
1617580800,405.53,408.0,383.66,397.3,3410.66052692,1294
1617667200,398.13,413.97,380.0,383.58,6142.74634638,2472
1617753600,384.2,387.71,341.45,347.81,10894.05888703,2408
1617840000,349.02,370.23,346.14,370.23,2739.39628733,967
1617926400,370.93,373.43,357.2,358.78,1781.8068325,729
1618012800,359.47,375.0,356.23,367.05,2738.28261351,1051
1618099200,368.25,372.82,360.67,371.76,2783.69941049,759
1618185600,372.33,416.82,364.01,396.1,13092.9460217,3031
1618272000,398.95,420.0,385.26,397.95,8759.8980314601,2573
1618358400,400.59,430.0,386.2,428.52,9983.14395847,3364
1618444800,429.61,486.3,423.41,466.96,10676.83293596,3990
1618531200,466.9,470.0,420.0,442.78,7958.5984316,2466
1618617600,441.69,469.18,420.3,427.39,4780.05804085,1417
1618704000,426.52,428.16,310.0,381.97,20437.6843968202,4771
1618790400,381.97,398.24,341.79,344.3,6966.21033651,1781
1618876800,344.0,371.32,313.37,359.0,6804.21117479,1837
1618963200,362.03,384.69,341.46,351.0,5002.86052865,1449
1619049600,350.97,413.7,343.54,360.97,12730.32749078,3345
1619136000,359.42,370.65,310.0,344.16,12170.09405501,3144
1619222400,342.52,344.21,314.95,317.52,3716.94034414,911
1619308800,318.29,353.6,315.0,348.5,6478.00165495,1463
1619395200,348.72,408.5,346.28,405.0,7118.89726378,2314
1619481600,405.89,449.33,395.42,438.27,8208.62765497,2357
1619568000,441.0,486.0,422.5,461.52,10247.77213275,3240
1619654400,461.27,462.97,424.01,438.31,6377.50447871,1488
1619740800,438.54,454.07,429.22,445.18,7915.75176054,1672
1619827200,443.37,512.67,437.35,505.08,7339.66298533,2706
1619913600,505.11,506.8,475.0,483.65,5354.10379543,1431
1620000000,482.93,535.16,481.89,517.35,7365.13291708,2505
1620086400,514.31,514.31,445.14,449.21,11922.80358606,3537
1620172800,447.51,485.0,440.0,481.96,8194.56295798,2089
1620259200,481.56,481.56,441.56,453.95,7362.83148159,2035
1620345600,453.06,468.67,433.49,445.04,5771.94793068,1691
1620432000,441.65,476.03,441.19,466.93,3585.61865095,1025
1620518400,465.45,468.54,441.63,460.04,5753.18173532,1213
1620604800,457.34,482.59,406.44,433.15,9859.00099216,2318
1620691200,434.18,459.52,415.67,457.85,12615.3391083899,1950
1620777600,459.52,597.11,459.13,499.75,63186.4745158696,13110
1620864000,499.75,621.44,461.51,508.89,39085.1983710896,10225
1620950400,508.01,633.12,506.79,596.79,21454.9915799599,4769
1621036800,595.87,614.35,509.17,517.0,17552.28733405,3477
1621123200,517.92,561.78,479.01,527.0,13580.4534299199,3320
1621209600,527.0,593.11,470.66,573.17,21772.6979644399,5963
1621296000,572.58,666.28,563.93,629.59,21290.0944138799,6556
1621382400,629.55,649.0,357.99,413.6,60456.0409536896,16250
1621468800,417.4,510.87,355.66,466.0,20710.6813020999,5303
1621555200,467.5,495.12,310.0,373.62,23533.0142280701,5159
1621641600,373.91,381.81,311.76,334.44,13972.26677578,2562
1621728000,334.73,350.22,208.55,293.53,26567.2849295798,4671
1621814400,293.84,398.0,288.3,383.56,21418.88930609,4041
1621900800,385.53,404.06,322.76,370.29,16595.52924785,3166
1621987200,371.01,416.57,358.54,415.01,13426.30375677,2707
1622073600,415.34,415.34,365.76,370.71,8021.08103199,1946
1622160000,371.85,376.32,304.14,320.81,19436.03385047,2875
1622246400,319.09,335.2,280.8,297.99,13880.34202396,1746
1622332800,297.78,339.15,283.13,324.83,6985.41959913,1317
1622419200,324.08,384.94,304.17,382.9,11008.39770298,2088
1622505600,381.54,392.66,361.25,371.08,7461.52130624,1351
1622592000,369.54,401.0,362.35,384.3,6082.19615685,1235
1622678400,382.54,408.92,377.08,397.21,4181.78393443,1034
1622764800,398.0,398.0,346.88,373.52,8086.22678494,1835
1622851200,372.34,391.24,347.67,356.0,4041.27085139,1138
1622937600,355.5,368.21,354.93,365.49,2158.06736134,585
1623024000,366.1,387.59,331.43,334.23,7400.7359916,1675
1623110400,333.8,338.8,296.55,330.0,11442.41572251,2293
1623196800,329.7,342.57,307.0,338.58,6869.03593065,1683
1623283200,339.0,339.52,304.46,311.26,5544.86920078,1322
1623369600,310.26,318.98,281.0,284.61,10567.38967241,1701
1623456000,284.86,289.53,266.28,278.18,8101.39009327,1203
1623542400,278.24,317.25,267.1,316.9,8856.75299516,1724
1623628800,317.09,335.77,309.13,317.97,8358.22705929,1531
1623715200,318.28,327.15,307.17,312.18,10476.5212271,1710
1623801600,311.22,314.0,287.51,290.35,10022.27391096,1645
1623888000,289.78,305.05,285.12,292.97,4259.57481999,881
1623974400,292.97,295.12,253.6,263.86,10293.4719615601,1611
1624060800,265.41,269.8,255.0,255.91,3638.14587855,788
1624147200,254.59,276.77,242.74,272.89,8582.23475544,1525
1624233600,272.36,272.76,200.01,213.01,20096.9867126801,2771
1624320000,213.38,223.4,170.39,204.1,24209.61942129,3135
1624406400,204.17,229.45,200.12,207.8,11832.64432815,1456
1624492800,208.27,218.17,193.47,209.93,10536.33997658,1102
1624579200,212.72,213.76,182.0,186.55,15840.76240409,1368
1624665600,185.86,192.76,176.72,186.45,7944.44641015,1010
1624752000,187.4,203.09,183.59,202.99,6338.51563894,913
1624838400,203.54,232.96,200.94,227.04,14969.4551196101,1779
1624924800,227.5,253.0,226.11,237.9,10224.39085081,2117
1625011200,237.22,252.0,220.2,250.1,6114.80452233,1112
1625097600,249.39,251.87,227.66,230.54,10125.94113773,1421
1625184000,230.13,234.4,215.72,234.4,7130.86592015,1001
1625270400,234.4,266.99,229.25,259.02,7707.79997639,1467
1625356800,259.08,289.38,248.26,276.88,8352.89153524,1650
1625443200,276.28,318.14,261.81,308.23,10392.2250211601,2426
1625529600,308.24,347.22,308.24,316.97,14956.7464856101,3575
1625616000,316.25,331.56,311.51,314.0,7327.28112065,1630
1625702400,315.13,315.13,276.43,291.25,18356.05783231,2569
1625788800,291.8,314.22,276.42,304.19,6844.26610736,1714
1625875200,302.67,311.63,288.36,294.78,4947.99748481,1070
1625961600,295.18,310.75,286.88,304.4,4481.33594033,1023
1626048000,305.23,324.09,291.67,297.27,31489.31295575,4501
1626134400,293.99,296.72,267.92,271.59,10718.84644666,1301
1626220800,269.93,285.39,252.29,278.22,8746.47274731,1501
1626307200,280.28,287.96,265.16,272.52,9175.39324854,1361
1626393600,272.22,279.45,252.72,253.5,4696.39539181,875
1626480000,253.94,258.07,246.64,253.92,3004.41299343,639
1626566400,253.32,267.48,251.36,255.16,3449.42101999,764
1626652800,253.12,255.42,233.34,238.34,17051.11299241,1626
1626739200,239.08,242.0,212.88,223.39,8143.504914,1412
1626825600,223.04,263.17,217.24,259.05,10268.9939737,1846
1626912000,259.28,280.4,256.95,274.32,13019.43527199,1694
1626998400,274.33,292.3,268.5,290.73,9212.8153701,2007
1627084800,290.63,298.8,282.0,288.15,9127.64027301,1580
1627171200,288.7,292.49,272.5,288.15,4857.68924133,968
1627257600,287.84,335.74,286.77,302.64,14200.20053167,3810
1627344000,302.64,312.53,284.41,300.35,10261.99617324,2348
1627430400,299.52,308.72,292.49,297.37,5669.69960818,1470
1627516800,295.55,315.5,293.33,311.66,8473.15648942,1233
1627603200,313.21,323.22,300.27,321.56,4518.49433167,1270
1627689600,320.45,332.82,313.41,330.98,4218.69283398,1025
1627776000,329.71,339.34,314.51,317.05,5718.04786741,1618
1627862400,316.6,328.59,309.68,320.65,3863.28909185,998
1627948800,319.87,323.71,302.56,308.31,8660.123408,1748
1628035200,307.13,342.76,300.58,338.45,6032.4991375199,4762
1628121600,338.57,382.5,337.71,373.32,10735.9617537,4224
1628208000,373.25,379.22,358.11,369.56,3554.81075406,1540
1628294400,369.05,399.01,365.47,384.49,6292.9186525,3502
1628380800,384.6,389.21,352.1,361.91,2852.50006241,2134
1628467200,362.83,384.42,347.34,375.0,7348.3842041,2291
1628553600,375.06,401.29,368.37,383.96,8752.81680135,3364
1628640000,383.98,420.0,383.14,405.02,6744.17348743,2760
1628726400,403.06,417.99,376.03,392.18,6169.76601544,2346
1628812800,392.63,428.37,389.0,427.54,8924.10738181,2551
1628899200,427.73,428.17,405.0,414.72,3064.40301546,1318
1628985600,415.57,416.74,391.64,410.89,7123.26149395,1943
1629072000,410.9,446.6,408.23,412.79,12051.16607435,3532
1629158400,413.0,447.64,380.83,380.83,9543.55454402,3505
1629244800,381.11,397.46,361.5,380.75,9222.54001937,3538
1629331200,381.06,404.79,371.32,404.66,4119.15946538,1860
1629417600,405.6,420.89,403.75,406.96,6041.14208266,2410
1629504000,408.55,415.61,394.0,399.98,7850.44061054,2885
1629590400,402.62,408.44,386.17,402.25,3845.08860426,1274
1629676800,401.92,414.75,399.78,408.25,6367.31089257,1962
1629763200,408.07,413.77,370.24,378.63,9999.1998575,3073
1629849600,379.66,386.88,354.0,383.81,12235.796845,3731
1629936000,384.58,389.25,341.29,351.05,6790.41192041,2231
1630022400,350.24,376.07,344.58,372.65,14914.62106983,2862
1630108800,374.82,375.59,362.42,367.04,3414.13480134,909
1630195200,367.49,377.77,356.03,364.38,3752.25972175,1032
1630281600,364.06,376.7,346.66,356.87,3535.43006452,1186
1630368000,356.46,396.96,351.56,391.66,7683.6442097,3208
1630454400,390.94,414.08,382.74,414.08,5843.57463746,3156
1630540800,412.76,414.87,399.24,400.53,3987.95162688,1631
1630627200,399.63,407.6,387.81,394.19,6340.32522996,2050
1630713600,394.31,406.54,390.94,399.52,3176.57638798,1097
1630800000,399.02,425.3,395.1,416.89,8337.58078827,3083
1630886400,416.77,425.0,396.34,409.7,7736.01161614,2209
1630972800,408.37,408.64,300.0,346.22,24179.9240648703,9369
1631059200,346.87,353.19,312.81,329.84,10153.10712073,3999
1631145600,330.3,350.56,325.5,330.16,8481.25843117,2740
1631232000,330.08,340.1,305.0,312.11,10390.94191796,2817
1631318400,312.2,339.86,311.22,328.49,3276.88435377,1106
1631404800,328.81,347.77,322.29,333.81,3020.5784038,1258
1631491200,334.43,337.62,303.62,329.82,15545.55129981,4557
1631577600,329.41,389.64,327.36,384.17,19110.4014113701,4534
1631664000,384.64,417.11,377.3,415.19,8626.14668405,2791
1631750400,415.19,415.19,371.15,384.31,11428.91535536,2606
1631836800,384.59,389.41,350.73,355.07,6001.42992859,1346
1631923200,354.25,368.64,347.26,355.58,4325.2889091,747
1632009600,355.09,357.26,335.54,339.02,3978.60692811,743
1632096000,340.77,340.77,287.58,289.91,20517.68958439,2564
1632182400,290.24,306.3,260.36,271.01,7679.94009505,1882
1632268800,271.9,303.04,266.37,301.73,13598.06085941,1642
1632355200,300.0,309.03,295.0,309.03,3790.22770405,840
1632441600,309.03,310.79,262.04,280.95,8698.63257743,1980
1632528000,281.21,283.83,268.51,275.71,4944.52855467,1126
1632614400,274.2,300.25,252.41,293.66,4684.10447099,2389
1632700800,293.64,309.13,273.35,274.07,2972.52003088,1779
1632787200,273.21,277.4,260.0,260.48,4175.75420146,1617
1632873600,261.37,277.31,259.61,264.98,3516.78983334,1142
1632960000,264.98,281.25,264.98,275.87,3639.72644584,1241
1633046400,276.53,304.16,272.34,302.73,8610.64522791,1969
1633132800,302.73,323.17,297.35,314.47,2616.096829,1525
1633219200,314.35,323.22,308.85,310.55,1573.47019183,1129
1633305600,309.74,311.28,291.51,301.87,4446.30897256,1841
1633392000,300.37,309.49,296.88,308.25,2338.47005674,1089
1633478400,308.1,317.75,284.59,312.97,5482.2128419,1998
1633564800,309.99,313.25,299.52,306.25,2349.45554274,1310
1633651200,305.16,324.35,303.72,306.47,5163.88702292,1304
1633737600,307.77,313.43,304.59,307.82,2194.6925715,629
1633824000,307.0,307.73,286.73,288.68,1528.78338735,841
1633910400,286.82,301.69,283.5,290.63,1044.90184476,841
1633996800,290.18,290.18,271.0,283.67,2939.09998988,1523
1634083200,284.62,302.43,282.72,297.81,2421.73098628,1608
1634169600,297.76,310.55,293.5,303.23,4032.46449392,1796
1634256000,303.59,304.95,292.82,301.48,4745.56777646,1675
1634342400,301.65,316.24,299.48,304.31,4383.76637502,1340
1634428800,304.29,321.23,250.0,305.02,8674.29061172,2800
1634515200,305.05,308.88,290.24,293.95,3930.39462872,1386
1634601600,293.21,304.11,292.93,304.01,7846.99415805,1525
1634688000,304.11,317.51,296.93,315.61,2771.50949077,1225
1634774400,316.51,337.47,300.0,315.0,13812.6179615702,4507
1634860800,316.72,326.76,305.94,310.01,2919.68427503,1633
1634947200,309.83,323.83,307.46,323.83,788.94795837,838
1635033600,324.01,324.89,300.37,306.83,2195.57444175,1241
1635120000,307.39,316.64,307.14,312.69,3906.91295723,1191
1635206400,312.87,349.0,312.87,329.27,11205.90918599,3445
1635292800,329.28,472.15,323.1,324.87,60479.8515743685,15154
1635379200,326.22,349.82,315.93,339.48,12619.5728973101,4321
1635465600,339.41,347.45,325.32,328.41,4752.80068186,2025
1635552000,327.53,328.89,312.84,318.94,3366.34471274,1465
1635638400,319.07,323.1,301.43,314.73,5025.57125666,1597
1635724800,313.78,324.55,302.64,324.08,4775.85365384,2527
1635811200,322.85,329.06,318.14,325.0,3844.87833385,1062
1635897600,325.63,326.05,311.3,326.05,4633.59860704,2097
1635984000,325.43,335.72,313.51,333.28,6278.1047423699,2256
1636070400,332.88,346.06,324.24,327.17,5655.47983211,2347
1636156800,325.8,327.39,307.87,317.54,5593.78072919,1551
1636243200,317.54,323.91,316.91,319.64,3448.88373187,890
1636329600,320.25,335.0,319.34,332.29,5858.47411798,1523
1636416000,332.54,349.37,327.11,336.52,29403.96246909,4113
1636502400,337.46,345.9,297.0,312.76,14374.6290021801,4968
1636588800,310.48,319.18,307.28,312.23,5563.93086796,1650
1636675200,312.01,313.66,296.53,308.74,19514.8415622702,3479
1636761600,309.05,314.03,303.29,312.52,1421.81989287,818
1636848000,312.76,317.51,309.66,315.55,803.83978254,699
1636934400,315.54,317.14,299.52,301.15,6078.35548114,1301
1637020800,301.69,301.7,264.64,278.44,14906.3203636601,4811
1637107200,278.45,287.41,267.63,284.19,4726.1962246,3000
1637193600,284.03,288.54,255.94,263.04,4402.15622785,3184
1637280000,262.8,280.58,257.96,279.06,3767.9430096,1577
1637366400,279.56,280.78,267.82,274.23,1862.14855075,1091
1637452800,274.64,274.64,264.76,267.21,2196.94183886,1232
1637539200,267.03,268.68,256.69,263.21,2926.08571549,1774
1637625600,264.32,277.33,261.78,269.68,5751.91104589,1905
1637712000,270.14,272.2,251.62,254.72,7796.01681226,1860
1637798400,254.46,264.05,252.4,262.31,3539.25188337,1263
1637884800,263.65,264.08,225.74,232.44,7750.1063307499,3280
1637971200,232.68,243.23,230.17,233.0,4165.68904796,1325
1638057600,232.43,238.89,219.08,238.89,3408.99508058,1707
1638144000,238.9,251.43,233.72,249.82,6126.27922905,1440
1638230400,250.33,263.85,245.0,256.96,7813.3406288799,2964
1638316800,257.01,268.82,249.57,250.42,4824.85900169,1969
1638403200,250.83,250.92,241.06,244.28,2763.77716903,1169
1638489600,244.56,246.11,218.7,225.55,3737.73264309,1700
1638576000,225.66,226.0,160.0,203.28,23327.1560925801,4205
1638662400,203.06,205.88,187.13,192.03,3242.76266657,1077
1638748800,190.94,190.94,168.47,185.23,13775.55274792,1807
1638835200,185.68,197.37,181.09,187.2,4383.06773092,1266
1638921600,186.53,203.61,179.86,203.61,9992.11232038,1429
1639008000,202.64,203.89,176.85,176.96,4209.28370447,1084
1639094400,177.52,181.23,166.88,166.91,7391.47688526,1259
1639180800,167.28,181.01,163.0,180.85,5446.90469375,946
1639267200,181.23,182.25,175.76,179.81,2490.09455466,523
1639353600,180.56,180.56,157.81,162.0,8177.11811225,1201
1639440000,162.09,170.3,158.86,169.75,3861.2799284,857
1639526400,169.54,175.96,159.49,172.92,7546.8237132799,1419
1639612800,172.96,181.2,172.42,173.75,11085.97068088,1566
1639699200,174.48,188.59,162.17,187.18,9301.25186229,2147
1639785600,187.22,202.0,183.02,193.2,20188.2488083704,4176
1639872000,192.3,192.69,182.59,183.25,8994.70283456,1493
1639958400,183.39,186.1,167.25,181.01,11610.48550467,2017
1640044800,181.07,186.73,179.13,186.6,6086.38598376,1352
1640131200,186.24,216.2,185.91,206.65,24366.9613284802,3759
1640217600,206.74,248.35,204.09,247.08,36551.6761644202,6273
1640304000,246.65,278.98,243.56,270.53,33225.3979083602,6990
1640390400,270.6,280.45,257.78,264.59,12268.1716249501,4519
1640476800,263.5,277.24,250.56,268.09,9580.11772016,2926
1640563200,268.51,293.0,265.66,276.61,11776.3266630601,3069
1640649600,276.98,296.7,252.25,252.51,20446.9470228002,6859
1640736000,252.91,259.07,235.25,235.91,10286.0044716501,2978
1640822400,236.25,265.41,231.09,264.06,11246.04334897,3239
1640908800,263.6,275.08,249.43,254.07,12221.01034322,3328
1640995200,254.6,266.75,250.91,266.75,7527.62826498,2141
1641081600,266.93,268.69,253.76,265.52,4653.50062247,1589
1641168000,265.45,285.61,263.26,267.02,23864.55892019,3868
1641254400,266.63,269.16,249.85,252.31,9145.20270924,2511
1641340800,252.23,259.5,215.2,230.0,10831.02189669,3735
1641427200,230.58,232.53,215.54,220.84,14198.9013550401,2945
1641513600,221.82,221.82,200.0,211.56,19495.3307568602,3508
1641600000,211.58,230.73,200.05,211.96,14884.8545374601,4050
1641686400,211.48,218.98,208.2,209.46,17668.5104657602,2245
1641772800,210.07,213.38,187.85,199.69,12036.41176451,2869
1641859200,200.16,216.98,197.02,212.81,10934.00750619,2261
1641945600,213.73,222.63,210.9,218.62,9181.44051647,1725
1642032000,218.83,221.98,207.39,208.79,10371.49823126,2639
1642118400,209.55,226.82,204.87,224.12,8009.60056227,2007
1642204800,224.18,243.55,222.7,238.57,7820.27848351,2503
1642291200,238.49,245.54,230.44,242.89,14228.7595456,2604
1642377600,242.21,244.03,221.4,226.71,19664.2119531102,3260
1642464000,226.69,240.41,223.1,232.28,16355.0434220001,5264
1642550400,233.07,236.71,210.33,210.35,12523.4668095501,3316
1642636800,210.85,221.08,197.31,198.91,7496.54816044,2214
1642723200,198.26,200.4,163.75,170.86,14023.9061017601,4310
1642809600,170.59,175.26,135.33,146.28,20491.81480342,3059
1642896000,146.96,163.0,145.68,158.05,16749.38051023,1939
1642982400,157.68,157.68,131.26,151.87,12827.57985095,3181
1643068800,152.52,156.33,146.03,151.81,4445.09154834,1196
1643155200,151.81,163.83,142.94,146.32,13996.6280005801,2584
1643241600,146.23,151.43,137.71,144.52,2763.4412996,1670
1643328000,144.56,150.62,139.64,149.42,4005.28483555,2257
1643414400,148.74,157.06,148.03,153.74,5552.29997919,1413
1643500800,153.81,155.39,146.13,149.01,3670.33861843,1304
1643587200,149.0,158.71,141.8,157.17,7817.3386402999,1990
1643673600,157.63,168.46,157.63,163.76,8285.7053748,2138
1643760000,163.59,164.3,149.67,151.42,8170.7483893699,1918
1643846400,151.3,153.72,145.63,152.87,20935.7869553501,2687
1643932800,153.03,167.05,151.47,167.05,6473.1642270199,1951
1644019200,166.87,173.71,164.56,166.48,7633.0382974799,1876
1644105600,166.16,174.06,165.64,173.76,2681.28438099,1557
1644192000,173.81,184.34,170.13,181.91,12339.29673491,2861
1644278400,182.55,192.69,174.02,184.09,11132.2556143901,3281
1644364800,184.05,190.8,176.55,187.9,4599.72315584,1655
1644451200,187.81,188.82,175.07,175.54,11060.20346631,2954
1644537600,175.48,181.11,160.44,163.11,5623.5642238499,2495
1644624000,163.2,168.61,160.08,162.4,3302.62833095,1802
1644710400,162.17,165.18,156.07,158.74,1061.63857939,969
1644796800,157.94,161.21,152.81,161.02,3337.07172643,1704
1644883200,160.99,172.82,160.79,172.5,4745.42348586,1512
1644969600,172.5,174.39,163.18,170.42,9001.28592151,1983
1645056000,170.87,173.91,150.77,152.94,5362.2103584199,1966
1645142400,152.71,155.27,144.24,145.85,3699.89942323,2138
1645228800,145.54,148.97,141.06,146.25,1506.98792458,995
1645315200,146.29,146.29,135.38,137.38,2564.07458604,1707
1645401600,137.43,144.6,127.95,128.7,7465.1102816099,3054
1645488000,129.12,136.79,126.0,134.99,16511.12399844,2978
1645574400,134.42,142.92,130.29,130.82,5097.16109276,1966
1645660800,130.65,131.7,112.65,125.45,14955.4794256303,3794
1645747200,125.46,143.0,121.84,139.47,11341.79499888,3008
1645833600,139.59,144.42,135.06,136.47,5453.7959322299,1990
1645920000,136.38,144.48,129.69,131.58,5791.8021189099,3233
1646006400,131.44,146.86,128.19,146.09,4684.37610744,2546
1646092800,145.98,150.81,139.66,143.11,10449.47221695,5898
1646179200,143.15,146.19,136.54,137.77,5222.5732607399,2265
1646265600,137.65,137.78,126.59,129.73,5661.8876216,1209
1646352000,129.72,131.78,122.1,123.76,4201.64367523,1101
1646438400,124.21,126.39,122.2,124.29,1624.40924689,527
1646524800,124.72,125.55,116.38,116.78,3319.01665375,739
1646611200,116.63,123.93,113.47,116.64,4261.53990079,1062
1646697600,116.42,125.3,115.9,121.92,2274.66042978,990
1646784000,121.86,130.39,121.75,127.38,3351.73422111,1120
1646870400,127.47,128.25,116.61,119.3,4058.75898923,1243
1646956800,118.77,121.11,114.8,116.52,1175.08221224,615
1647043200,117.18,121.33,117.17,120.37,2753.40244966,492
1647129600,119.98,120.71,115.26,115.75,1588.84649558,533
1647216000,115.39,121.21,113.58,118.27,1381.04396063,582
1647302400,118.19,122.79,114.16,122.22,1602.30597971,639
1647388800,122.18,141.95,121.04,141.88,9063.16583496,3327
1647475200,141.92,156.67,137.0,155.6,7574.1772243699,3585
1647561600,155.8,164.54,147.63,159.77,12320.0409514201,3597
1647648000,160.4,165.52,155.32,157.18,11634.55591488,2296
1647734400,157.57,159.06,146.85,152.17,3430.75202683,2109
1647820800,152.71,162.39,147.21,154.06,5138.27779115,2505
1647907200,154.06,161.79,152.01,152.6,2623.76415132,1735
1647993600,152.71,157.0,149.91,155.95,4022.80443672,1535
1648080000,155.99,172.79,153.58,168.52,11849.43326241,3598
1648166400,168.19,174.39,160.41,162.6,29474.4812081402,3287
1648252800,162.45,166.76,161.13,163.31,3444.16772697,995
1648339200,163.37,169.25,158.47,169.25,4725.8901251699,1493
1648425600,169.2,178.98,166.47,167.58,7099.4571838899,2769
1648512000,167.83,225.0,167.39,223.44,29667.745182141,11152
1648598400,222.94,242.0,211.06,221.91,25031.9399293909,9753
1648684800,223.56,227.49,203.94,206.77,16161.6733280303,5196
1648771200,206.88,261.05,206.75,244.54,19264.06506522,9871
1648857600,244.15,257.34,235.77,238.0,7626.2704131999,4387
1648944000,238.17,252.61,231.51,242.75,4870.7733086299,3561
1649030400,242.51,242.51,225.25,237.92,6560.9572206799,2985
1649116800,237.95,238.49,220.25,220.83,3587.6359771,2173
1649203200,220.79,220.79,190.7,191.32,14553.6482073704,6446
1649289600,190.76,207.15,190.13,202.18,7098.4372984698,4363
1649376000,202.14,202.14,181.69,183.65,8373.7754298599,3449
1649462400,183.69,185.34,177.12,184.78,2461.42123238,1592
1649548800,184.97,188.76,175.47,176.54,4531.1845062,1961
1649635200,176.3,177.95,155.73,157.93,13019.8940339104,3809
1649721600,158.21,171.0,157.08,164.52,6686.4879249199,3102
1649808000,164.83,179.47,162.82,178.26,5194.3625503699,2912
1649894400,178.26,180.22,166.79,171.99,7998.1829893299,2534
1649980800,171.82,176.7,168.9,176.32,4965.7730862599,1449
1650067200,176.16,176.16,170.11,172.45,1140.4419867,829
1650153600,172.43,177.54,166.21,167.32,2327.52513931,1439
1650240000,166.43,169.76,157.52,168.89,6257.7356832,2411
1650326400,169.1,184.0,166.64,182.96,6046.85911335,2156
1650412800,183.24,198.59,178.86,186.72,18951.2500049103,4733
1650499200,186.8,196.17,170.04,174.01,14670.1902026601,3565
1650585600,173.37,180.37,171.32,177.04,4123.1814072499,2412
1650672000,176.66,179.09,172.57,173.52,2399.98206698,1082
1650758400,174.57,174.7,165.72,166.39,2275.43429063,1237
1650844800,166.18,170.41,153.86,169.76,6457.11675522,2169
1650931200,169.03,178.69,154.8,156.99,6777.5033693299,3112
1651017600,157.51,175.16,156.43,168.82,13250.6238179502,4575
1651104000,168.5,175.84,164.09,166.23,8391.71998743,2802
1651190400,166.18,168.11,151.45,157.19,4247.40400374,1671
1651276800,157.21,162.53,138.11,142.68,3647.8504599,1718
1651363200,142.38,148.58,139.4,145.92,1772.00775347,713
1651449600,146.8,148.74,139.14,143.87,2224.58256384,741
1651536000,143.7,146.45,138.93,141.39,3783.65346625,670
1651622400,141.03,159.73,140.86,159.34,5293.14510065,1515
1651708800,159.46,162.0,136.72,141.39,8595.6477300199,2801
1651795200,141.06,142.57,131.28,138.21,11170.2947366302,2086
1651881600,138.38,138.54,128.66,132.11,3697.47142578,1239
1651968000,132.2,133.08,125.25,125.25,3384.1621183,1376
1652054400,126.41,128.66,98.95,99.41,15283.11817801,2910
1652140800,99.88,118.39,96.67,105.44,10203.3484499,2154
1652227200,105.26,108.36,76.29,82.16,27489.3772584404,5223
1652313600,82.36,88.55,61.77,76.61,26368.30121567,3827
1652400000,76.95,92.7,75.83,82.34,16137.63091717,1931
1652486400,82.34,86.99,77.64,86.58,7309.46194542,1249
1652572800,86.2,92.25,81.91,91.81,15211.50401705,1494
1652659200,91.66,91.66,80.98,83.6,13488.35608281,1481
1652745600,84.08,93.33,83.73,92.57,11934.95762242,1227
1652832000,93.0,96.77,81.31,81.31,9472.48886742,1600
1652918400,81.95,91.82,78.94,91.58,4838.45063896,1658
1653004800,91.58,98.04,84.6,90.38,10200.99105736,2287
1653091200,89.95,92.79,88.68,91.59,3813.21749682,853
1653177600,91.04,96.62,90.51,94.38,6204.63353821,1104
1653264000,94.12,109.56,91.96,99.13,19051.23862674,3004
1653350400,99.21,108.15,93.09,106.58,10940.93354745,2255
1653436800,106.37,107.76,98.17,101.64,9966.67930972,1851
1653523200,102.62,105.78,92.49,100.91,11407.22469434,2956
1653609600,101.21,101.62,89.4,92.04,12997.87550598,2646
1653696000,92.26,96.81,90.82,95.06,4333.57039587,1021
1653782400,95.83,96.86,91.71,95.31,2758.41422353,815
1653868800,95.36,122.59,94.41,117.37,22381.1825714301,3462
1653955200,117.31,123.8,112.12,112.88,14060.79643839,2945
1654041600,113.6,120.66,100.89,105.95,18038.9436939301,3187
1654128000,105.96,111.98,103.09,110.73,5362.38495273,1406
1654214400,110.91,113.08,103.69,107.14,9058.5935674,1439
1654300800,106.96,107.66,102.66,106.94,4478.56229174,865
1654387200,106.97,107.19,103.26,103.64,3778.18504163,617
1654473600,103.65,111.73,103.5,105.91,9115.80720193,1315
1654560000,105.91,105.98,95.82,99.13,6111.05574357,1626
1654646400,99.19,101.45,95.47,96.16,1827.1385443,886
1654732800,96.09,99.44,94.38,95.87,946.14542218,586
1654819200,96.06,96.73,85.56,87.98,6688.04627868,1592
1654905600,87.78,89.02,75.57,76.85,4786.82832589,1412
1654992000,77.19,77.42,69.23,70.55,9008.47724029,1810
1655078400,70.69,88.0,55.2,59.85,35237.2873558299,3957
1655164800,59.44,64.08,53.32,62.08,15023.55228751,2265
1655251200,61.96,67.05,52.81,66.51,13613.54211114,2014
1655337600,66.38,68.63,55.17,56.47,8925.87714521,1375
1655424000,56.47,59.58,55.61,57.31,3321.64672213,932
1655510400,57.25,58.41,45.63,49.54,20577.61700806,2297
1655596800,49.53,55.3,45.98,54.17,6390.4827564,1757
1655683200,54.14,63.17,50.49,61.72,17214.62132134,2827
1655769600,61.38,78.94,59.93,66.36,40054.0432029,4183
1655856000,65.95,67.67,61.41,61.88,24765.69787128,2171
1655942400,62.05,69.67,61.82,67.84,14297.69533458,1788
1656028800,67.72,72.81,65.46,70.79,11314.47234231,1603
1656115200,70.89,75.39,66.77,69.9,13174.62631801,1235
1656201600,69.97,73.0,65.24,65.35,4082.45706382,724
1656288000,65.01,68.09,62.8,65.37,2368.29841785,663
1656374400,65.93,69.02,59.6,59.96,4358.99887349,897
1656460800,60.11,62.21,57.86,59.79,2362.2206383,712
1656547200,59.72,60.11,52.97,57.35,12067.85393402,1200
1656633600,56.98,58.82,54.9,55.83,11025.74372319,977
1656720000,56.31,58.3,54.71,57.85,8275.77930563,615
1656806400,57.42,58.31,54.77,57.64,6607.97214093,568
1656892800,57.5,63.24,56.02,63.18,11804.26973142,1196
1656979200,63.16,64.19,58.0,60.53,12377.08752977,1206
1657065600,60.58,63.61,59.71,62.88,16734.69614053,1119
1657152000,62.87,72.2,62.14,71.07,16181.00950544,1706
1657238400,71.29,75.54,67.81,71.64,25258.63977085,2169
1657324800,71.73,83.2,71.21,82.05,18407.3020524,1913
1657411200,81.91,82.08,74.7,77.67,23962.9546492001,1879
1657497600,77.67,78.14,69.48,69.85,17882.83990041,1272
1657584000,69.74,71.74,65.71,68.11,10434.74317725,1136
1657670400,68.35,80.26,67.42,79.89,24336.71297452,2378
1657756800,79.4,92.52,77.26,91.09,20562.13709387,2363
1657843200,91.11,95.37,86.93,90.25,33041.1654083401,2288
1657929600,90.55,95.64,87.31,92.78,15327.709068,1635
1658016000,92.53,93.52,86.41,88.29,7088.85207067,1138
1658102400,88.14,99.34,87.92,96.72,17012.75428978,2230
1658188800,96.22,102.22,92.33,95.87,13565.13741738,2224
1658275200,95.64,101.05,89.55,90.76,15014.89144857,1815
1658361600,90.94,97.67,88.05,95.6,9015.33746407,1285
1658448000,95.42,96.56,88.44,89.49,10088.64619099,982
1658534400,89.6,92.91,85.36,89.58,8171.68254944,936
1658620800,89.79,93.55,88.3,90.76,5993.12265687,882
1658707200,90.63,91.14,81.43,81.59,5369.23885509,950
1658793600,81.37,82.61,76.65,81.23,3567.62403132,729
1658880000,80.94,95.54,79.12,94.58,13800.57044355,1680
1658966400,94.94,103.48,89.45,100.62,22810.2609092,2408
1659052800,100.6,102.21,93.9,95.3,9663.29866942,1634
1659139200,96.31,100.62,93.79,95.11,6279.3359593,1094
1659225600,95.13,109.21,93.93,97.69,19353.84948997,2428
1659312000,97.63,100.59,94.33,96.7,10181.92660728,948
1659398400,96.7,99.4,88.59,93.41,14595.76881118,1651
1659484800,94.14,101.03,91.73,94.96,12856.6825562,1170
1659571200,94.91,98.75,93.7,96.64,7636.64602129,798
1659657600,96.5,103.78,96.5,103.16,12904.15622577,1325
1659744000,103.2,103.41,98.83,99.33,2428.60663472,395
1659830400,99.1,104.48,97.02,101.45,7982.79591665,704
1659916800,101.32,106.83,101.16,102.57,6576.46720076,795
1660003200,102.58,103.25,95.69,98.2,6396.49060076,586
1660089600,97.63,112.9,95.48,111.24,12177.4153765,1759
1660176000,110.8,113.77,106.45,107.57,7589.34851124,1047
1660262400,107.68,115.83,105.54,114.95,9624.73137672,1240
1660348800,114.62,115.72,109.6,110.37,8246.86129398,903
1660435200,110.26,113.16,106.08,107.66,3086.73736753,511
1660521600,107.21,112.4,103.81,107.49,5105.52920434,861
1660608000,107.02,110.41,105.79,110.06,5115.41224478,848
1660694400,109.69,112.19,99.39,100.13,9724.01410062,1456
1660780800,100.11,101.76,94.45,94.96,7551.35394373,906
1660867200,94.72,95.24,82.83,83.79,27932.92517451,2450
1660953600,83.33,86.76,80.0,82.73,3371.46257308,748
1661040000,82.64,87.0,81.65,86.01,2903.51266719,607
1661126400,85.78,88.46,82.01,88.46,5183.74129322,1065
1661212800,88.57,91.1,85.11,89.74,3890.54783854,723
1661299200,89.13,91.8,86.96,88.3,2204.8675903,493
1661385600,88.7,95.74,87.84,93.36,8460.13208035,958
1661472000,93.26,93.92,81.88,82.75,5664.1747913,1245
1661558400,82.75,83.48,80.5,82.01,2558.82958957,543
1661644800,81.86,83.27,78.21,78.34,2300.06467782,500
1661731200,78.8,86.25,78.1,85.7,5480.09618109,710
1661817600,85.68,87.95,81.5,84.44,2901.97870672,594
1661904000,84.94,88.77,84.38,84.57,2510.71817835,583
1661990400,84.5,87.05,82.08,86.46,2909.19536208,515
1662076800,86.08,92.08,84.87,88.68,3713.82974422,792
1662163200,87.92,88.68,86.01,87.18,2382.9872697,344
1662249600,87.12,88.92,85.85,88.92,1618.82806381,275
1662336000,88.92,91.62,86.78,91.02,663.13682672,368
1662422400,91.67,93.65,83.18,83.61,5126.43471825,866
1662508800,83.3,89.17,82.11,87.43,3470.01291595,665
1662595200,87.95,89.9,85.65,87.99,872.56300146,502
1662681600,88.21,94.05,88.21,91.23,3352.85579449,736
1662768000,90.87,93.7,90.02,92.9,1796.36154171,421
1662854400,93.43,94.33,89.39,91.44,3393.03683684,615
1662940800,91.07,96.88,89.53,90.93,11482.02098384,1278
1663027200,90.7,109.98,82.49,82.49,14221.6458584502,2082
1663113600,82.54,85.81,81.43,83.43,2102.15922789,460
1663200000,83.55,84.06,77.84,78.71,5684.50305708,875
1663286400,77.95,80.37,77.15,79.42,2557.37746193,516
1663372800,79.7,81.67,79.26,81.54,1101.83995857,241
1663459200,80.85,81.86,70.79,73.11,2117.45556411,620
1663545600,72.89,76.99,70.93,76.61,2858.23570227,628
1663632000,76.38,76.99,73.81,74.25,1046.89495661,354
1663718400,74.0,79.46,70.35,71.78,10248.77612097,1733
1663804800,71.58,77.5,71.58,76.61,5796.36962841,623
1663891200,76.74,78.68,72.96,76.89,6016.97565682,814
1663977600,77.0,77.31,74.74,75.15,1420.08682058,252
1664064000,74.92,77.54,72.84,73.79,2210.56082165,337
1664150400,73.35,76.47,72.7,76.19,8505.75516286,770
1664236800,76.34,80.78,74.65,76.77,4176.05623229,632
1664323200,76.85,77.98,73.26,77.03,4086.28907051,531
1664409600,76.72,77.43,74.45,76.93,1987.8347875,276
1664496000,76.65,77.91,73.81,74.36,2870.17837116,508
1664582400,74.36,75.79,74.01,74.51,1462.07946235,216
1664668800,74.58,75.75,72.45,72.73,1312.95266679,299
1664755200,72.3,76.19,71.86,76.19,4012.46421161,434
1664841600,75.78,79.77,75.56,78.99,2166.8089016,680
1664928000,78.78,78.89,75.85,78.69,2022.33244902,315
1665014400,78.82,80.34,77.28,77.44,1620.14873154,347
1665100800,77.76,78.11,75.12,75.73,1618.21147072,260
1665187200,76.04,76.13,74.0,74.69,1488.68723954,205
1665273600,74.59,75.94,74.36,75.42,484.95742553,115
1665360000,75.71,76.46,73.39,73.67,746.94698703,304
1665446400,73.39,73.39,71.15,71.19,1813.22383364,356
1665532800,71.18,72.68,71.16,71.68,858.10048056,177
1665619200,71.56,72.0,64.9,71.07,12198.97344512,1333
1665705600,71.47,74.63,71.45,72.88,5821.15872933,518
1665792000,73.2,73.28,71.51,72.2,787.52164552,187
1665878400,71.8,77.9,71.8,75.88,5695.9000262,532
1665964800,76.15,79.72,74.92,79.19,5627.93847804,642
1666051200,79.16,83.6,78.02,82.41,13398.87296802,1150
1666137600,82.6,85.59,81.18,83.03,11239.46765435,1276
1666224000,82.84,83.6,80.08,80.7,6644.29320508,739
1666310400,80.63,83.13,78.59,82.05,4519.5315064,992
1666396800,82.11,85.47,81.38,82.01,5771.68359018,612
1666483200,82.3,90.0,81.65,88.77,8787.99969106,1105
1666569600,88.69,89.8,84.76,84.89,17434.49197625,1357
1666656000,85.12,86.38,81.67,82.0,12819.14450676,1471
1666742400,82.06,85.05,81.02,83.54,5803.16347307,932
1666828800,83.83,87.08,80.73,81.59,6886.39887199,1161
1666915200,81.34,84.88,80.69,84.29,5047.92393343,656
1667001600,84.88,87.31,84.04,85.33,8689.31728303,1138
1667088000,85.42,86.77,83.0,83.84,1978.25799555,361
1667174400,83.95,87.0,82.4,83.94,8332.59958806,829
1667260800,83.71,86.1,83.71,84.42,2553.60172707,471
1667347200,84.15,85.6,79.04,80.53,10491.38814565,1247
1667433600,80.22,86.46,79.97,83.45,5334.74117933,856
1667520000,83.65,97.44,83.36,94.63,18756.2110254,2531
1667606400,94.74,98.22,93.71,96.22,7535.64905666,1594
1667692800,95.91,96.07,86.29,86.29,7643.56499123,1572
1667779200,86.37,90.4,77.5,87.26,20456.20436767,3014
1667865600,87.57,88.27,66.0,72.26,40451.5905926098,7601
1667952000,72.23,73.05,56.81,58.18,24950.9585937801,4854
1668038400,57.76,70.55,57.17,67.95,27069.4485899,4659
1668124800,67.91,68.64,60.58,63.92,12029.97564012,2189
1668211200,64.03,64.03,56.83,57.91,12201.09530441,1787
1668297600,57.67,60.87,55.76,56.43,14526.41338511,1508
1668384000,56.47,59.53,53.2,58.84,11727.67584865,1592
1668470400,59.01,62.95,58.41,61.04,9229.67486841,1114
1668556800,61.17,61.96,57.07,58.16,5580.97478746,687
1668643200,58.3,59.46,56.87,58.49,3028.63622918,518
1668729600,58.56,61.28,57.37,58.28,2315.60653172,461
1668816000,58.12,59.04,56.8,58.52,2199.71923818,261
1668902400,58.69,61.5,55.5,56.0,6260.21457939,1012
1668988800,55.75,57.59,53.99,55.91,7965.30410097,1133
1669075200,55.85,57.74,50.18,57.35,33050.3941141001,3632
1669161600,57.02,59.15,56.47,58.31,9320.10537561,846
1669248000,58.34,59.88,57.28,58.21,3962.98163671,589
1669334400,57.85,60.3,56.71,59.06,4904.53418406,624
1669420800,59.37,62.36,59.31,61.7,6532.55483926,817
1669507200,61.6,63.3,60.08,61.4,12711.66470777,1349
1669593600,61.41,62.46,58.55,60.25,7201.81639306,876
1669680000,59.99,62.36,59.64,61.66,6372.67270769,707
1669766400,61.58,67.0,61.58,65.41,7938.17994909,1081
1669852800,65.38,65.52,63.14,63.6,2633.12221133,480
1669939200,63.61,65.8,62.32,65.52,1833.32099662,415
1670025600,65.77,66.39,62.6,62.81,3791.48754212,420
1670112000,62.88,64.53,62.85,64.39,1510.50896814,246
1670198400,64.36,67.26,63.83,64.3,3553.05509602,540
1670284800,64.41,65.45,62.83,64.03,1046.05875595,220
1670371200,63.84,63.98,60.15,61.36,3398.85309486,475
1670457600,61.32,63.5,60.45,62.84,8311.02641962,420
1670544000,62.86,63.32,61.08,61.35,1720.29992197,232
1670630400,61.47,62.04,61.2,61.23,4600.40765591,225
1670716800,61.31,61.56,59.27,59.5,2218.23177287,244
1670803200,59.6,60.75,58.26,60.11,3522.59748365,387
1670889600,60.3,63.8,58.24,61.86,5875.12189391,689
1670976000,62.3,63.44,61.24,62.57,3444.43235389,509
1671062400,62.81,63.04,60.62,60.78,1740.90884121,346
1671148800,60.93,61.13,53.88,54.81,4928.82227637,1001
1671235200,54.7,55.86,53.11,55.55,2359.89145244,498
1671321600,55.37,56.46,54.9,56.2,861.56892274,206
1671408000,55.89,56.5,52.96,53.78,2042.96691671,454
1671494400,53.44,56.23,53.16,55.78,1478.5166065,395
1671580800,55.87,56.38,54.71,55.97,993.92445509,199
1671667200,55.97,56.02,53.69,55.67,1624.05731941,235
1671753600,55.7,56.09,54.3,54.4,4279.61327721,308
1671840000,54.44,54.65,54.17,54.4,999.76385794,107
1671926400,54.44,55.44,53.82,54.46,1867.07707923,337
1672012800,54.21,55.98,54.2,55.98,659.93839816,187
1672099200,56.02,58.14,55.5,57.49,5518.68861984,661
1672185600,57.55,57.81,53.26,53.75,4002.43052128,665
1672272000,53.75,54.92,53.58,54.52,2009.4570031,316
1672358400,54.49,54.65,51.52,52.42,7579.653413,923
1672444800,52.47,53.34,51.66,51.93,4304.18169645,391
1672531200,51.85,52.35,51.12,52.11,1239.39866929,235
1672617600,52.2,53.97,51.4,53.0,2657.69186527,395
1672704000,53.12,53.49,52.14,53.08,1877.51004928,290
1672790400,53.02,57.71,52.59,56.75,14972.80066278,1201
1672876800,56.76,56.86,54.92,55.44,4681.26036207,402
1672963200,55.51,56.69,54.06,56.53,5328.51066605,459
1673049600,56.46,56.81,55.78,55.92,2532.33446115,271
1673136000,56.18,59.61,55.36,59.13,3042.43423883,528
1673222400,59.28,62.99,59.1,61.27,6904.96152022,828
1673308800,61.27,62.79,59.67,61.7,3584.27365191,499
1673395200,61.61,64.52,59.93,64.22,2620.01559241,470
1673481600,64.15,68.53,63.52,67.89,11326.45736076,1510
1673568000,67.82,73.08,66.75,71.3,10450.77324827,1265
1673654400,71.52,81.08,71.52,75.99,26175.93665254,3447
1673740800,76.07,83.01,72.9,79.21,14808.15787428,2872
1673827200,79.36,82.61,76.51,80.49,11699.58615771,1915
1673913600,80.37,91.13,78.61,85.29,26029.7735037601,3036
1674000000,85.22,89.78,77.4,82.11,12965.72655398,2864
1674086400,81.97,83.56,77.83,81.52,3993.85373443,1006
1674172800,81.0,88.31,79.88,87.73,6421.41919542,1120
1674259200,87.43,89.14,84.15,84.32,6923.275461,1359
1674345600,84.51,90.12,83.36,85.42,6153.99974049,1399
1674432000,85.48,90.17,84.86,86.44,7240.03986039,1226
1674518400,86.28,88.31,78.83,79.93,7301.00062578,1170
1674604800,79.89,87.41,78.22,85.95,7942.62361568,1663
1674691200,85.87,90.51,85.21,89.04,6119.91480295,1612
1674777600,89.22,89.61,85.03,87.19,4856.8628471,1288
1674864000,87.1,88.32,83.35,84.21,4022.81310515,815
1674950400,84.24,88.39,83.44,87.83,7275.34886889,981
1675036800,87.86,88.31,79.28,81.14,5742.35618848,1438
1675123200,81.08,83.56,80.27,83.15,8766.13340456,981
1675209600,83.21,88.36,80.32,88.36,6461.97751232,1541
1675296000,88.36,93.59,88.0,88.19,21882.29926214,2680
1675382400,88.24,94.37,87.3,91.13,13399.97318761,1860
1675468800,91.16,91.94,88.3,88.74,3319.98103367,812
1675555200,89.0,89.07,83.41,85.8,4690.17931937,1073
1675641600,85.87,87.66,83.42,84.16,8201.40104999,874
1675728000,84.35,89.18,84.35,88.81,3110.64020708,802
1675814400,88.92,90.0,84.6,86.98,26293.61680566,2045
1675900800,87.15,89.92,76.18,77.7,16853.53730298,2711
1675987200,77.56,80.38,76.75,78.88,6512.65282038,865
1676073600,78.35,79.47,77.82,79.39,587.72545733,197
1676160000,79.26,80.41,76.29,77.1,1264.33268626,288
1676246400,77.07,83.92,73.69,82.53,14969.8929904299,2315
1676332800,82.51,83.74,79.08,83.01,10354.00476711,1476
1676419200,83.11,89.64,82.41,89.64,5403.00339624,935
1676505600,89.69,90.56,83.83,83.99,5878.18096903,1214
1676592000,83.85,88.26,83.51,86.5,7668.69526596,1232
1676678400,86.5,91.51,86.5,91.33,8045.39417288,1161
1676764800,91.09,95.46,89.2,90.21,16158.54903191,2035
1676851200,90.64,92.92,87.11,91.87,7147.49110445,1163
1676937600,92.12,92.67,85.67,87.63,21438.85330817,1737
1677024000,87.56,87.63,82.09,85.2,3998.91453628,760
1677110400,84.99,87.56,83.83,85.5,5747.23417975,870
1677196800,85.63,86.71,80.0,81.48,9103.49996031,1349
1677283200,81.35,83.54,77.35,80.03,1829.92472983,512
1677369600,79.95,82.42,79.7,82.23,5014.60286336,462
1677456000,82.24,83.44,79.14,80.15,3214.5289495,480
1677542400,80.04,80.04,76.9,77.51,1875.45465747,385
1677628800,77.48,83.11,77.05,82.85,1919.89562216,471
1677715200,82.66,82.99,78.5,79.77,910.45249649,305
1677801600,79.38,79.38,73.16,77.06,5986.18230301,822
1677888000,77.15,77.43,73.9,75.44,1721.51399397,358
1677974400,75.11,77.07,74.74,74.74,1897.95554923,275
1678060800,74.89,77.43,74.3,76.86,2189.60925825,293
1678147200,76.77,77.68,73.46,75.15,3282.7923336,610
1678233600,75.27,75.39,71.17,71.7,7034.05699995,672
1678320000,71.9,74.01,67.0,68.74,7360.54611429,1145
1678406400,68.6,68.89,64.77,68.22,4810.51178162,806
1678492800,68.54,71.3,64.48,67.09,8159.47282677,1348
1678579200,67.23,73.36,66.7,73.27,2123.21705561,686
1678665600,73.36,77.39,71.07,76.31,3691.88376913,874
1678752000,76.31,81.73,74.74,79.31,5165.55989969,1308
1678838400,79.74,80.82,71.85,74.08,6841.55127674,1104
1678924800,74.13,75.72,73.39,75.13,713.46506669,413
1679011200,74.97,80.76,73.96,80.76,2535.48867441,1128
1679097600,80.75,82.0,77.51,77.94,5000.14314366,1298
1679184000,78.03,81.75,77.82,79.53,2417.54970643,887
1679270400,79.72,80.2,75.8,76.12,3940.4815904,1325
1679356800,76.19,79.63,74.54,79.13,1098.12502273,1164
1679443200,79.17,79.32,72.96,75.37,2333.41826185,1338
1679529600,75.24,80.59,74.51,77.39,3416.59299786,1282
1679616000,77.24,77.29,72.26,73.07,2723.65068442,921
1679702400,73.0,73.53,70.25,71.4,788.82493739,361
1679788800,71.09,73.55,71.09,73.1,704.47048902,333
1679875200,73.02,73.61,68.32,69.79,2169.91693779,808
1679961600,69.85,71.55,68.82,70.71,1100.906821,703
1680048000,70.66,73.44,70.66,72.8,1814.86909566,660
1680134400,72.68,74.27,70.25,70.82,1076.37550351,792
1680220800,71.4,74.42,70.97,74.37,6358.52714937,896
1680307200,74.26,74.85,73.5,74.31,1974.9195667,400
1680393600,74.26,74.7,71.69,73.07,1227.12034449,456
1680480000,72.87,74.94,70.97,73.66,1899.4148797,868
1680566400,73.81,76.88,73.06,76.19,2878.03320176,935
1680652800,76.07,79.36,76.07,78.29,3026.52922836,753
1680739200,78.29,81.34,77.59,80.53,3660.85639158,1056
1680825600,80.61,80.87,77.62,78.43,519.50074978,636
1680912000,78.36,78.69,75.94,76.33,492.83859624,414
1680998400,76.39,77.45,74.84,76.6,1500.59994011,447
1681084800,76.29,78.61,75.08,78.45,2269.39002059,633
1681171200,78.37,80.44,78.07,79.13,1072.06319877,467
1681257600,79.2,79.62,75.62,78.99,1871.31230488,708
1681344000,78.91,81.8,76.79,81.34,6122.23192223,1096
1681430400,81.49,83.87,80.25,82.68,5114.24195657,1294
1681516800,82.4,84.37,81.14,83.01,3116.20848498,814
1681603200,82.44,83.61,80.77,83.44,2156.42999546,650
1681689600,83.37,84.39,80.32,80.98,5475.92774484,1130
1681776000,81.08,84.19,79.67,82.07,3735.6182693,1059
1681862400,81.88,82.01,72.24,73.96,6869.6925541,1943
1681948800,73.96,75.34,71.64,72.48,2670.90392552,657
1682035200,72.48,73.27,68.16,69.14,3343.79879329,673
1682121600,69.15,70.9,69.13,70.9,468.36824591,230
1682208000,70.69,70.98,68.44,70.24,1320.88777023,416
1682294400,69.86,71.49,68.28,69.86,807.76642357,333
1682380800,69.95,71.38,68.4,71.19,2537.57491051,398
1682467200,71.14,74.64,66.07,69.41,10662.25750042,1355
1682553600,69.41,71.98,68.93,71.49,1254.80068822,584
1682640000,71.04,72.28,70.18,72.18,821.18398688,407
1682726400,71.86,72.69,71.51,71.81,309.10489416,201
1682812800,71.64,72.56,70.31,70.31,1080.22979731,347
1682899200,70.44,70.69,67.69,69.0,1495.73805685,467
1682985600,68.82,69.58,68.06,69.21,1774.49715638,585
1683072000,69.1,71.81,67.61,71.7,765.54648037,578
1683158400,71.78,72.0,70.39,70.79,471.14081882,284
1683244800,70.9,74.41,70.18,73.74,1796.15754851,692
1683331200,73.51,74.2,68.68,69.92,1681.86347221,587
1683417600,69.52,70.28,68.39,68.9,252.48906343,214
1683504000,68.59,69.17,62.63,64.56,2549.48306411,803
1683590400,64.5,64.95,63.81,64.59,1539.01764691,371
1683676800,64.47,65.79,61.5,64.9,6823.67457674,856
1683763200,64.49,64.5,60.88,62.26,3542.16421491,566
1683849600,62.14,63.25,60.22,63.21,4994.06247745,684
1683936000,62.72,62.98,61.94,62.4,965.94066977,180
1684022400,62.16,63.37,61.63,62.07,984.38226679,232
1684108800,62.25,64.49,61.54,62.9,738.27934511,385
1684195200,62.72,63.26,62.0,62.88,1021.81029359,322
1684281600,62.74,64.93,61.91,64.83,972.95066234,372
1684368000,64.86,67.31,64.62,65.09,869.31009398,550
1684454400,65.0,65.62,64.07,65.3,681.98871361,288
1684540800,65.15,65.37,64.62,65.2,575.04189929,153
1684627200,65.4,65.45,63.52,63.95,223.77367963,109
1684713600,63.95,64.75,63.0,64.37,1737.024647,351
1684800000,64.28,66.17,64.1,65.43,1858.7479066,294
1684886400,65.38,65.38,62.3,64.04,2521.64841941,509
1684972800,63.9,64.19,62.39,63.45,402.34397248,296
1685059200,63.42,65.62,62.9,64.69,1506.09061683,370
1685145600,64.62,65.7,64.53,65.7,282.56065365,174
1685232000,65.58,69.55,65.58,69.04,1485.69592311,450
1685318400,69.12,69.38,66.82,67.61,745.24728145,275
1685404800,67.28,67.87,66.28,66.72,918.60339915,284
1685491200,66.67,66.81,63.31,63.88,468.22675062,293
1685577600,63.85,64.24,62.41,62.56,884.83047654,334
1685664000,62.56,64.48,62.2,63.76,3214.57694356,434
1685750400,63.61,64.34,62.87,63.52,233.48593233,147
1685836800,63.61,64.61,62.63,62.7,569.53268266,223
1685923200,62.57,62.84,56.78,59.99,4526.8929477,771
1686009600,59.89,62.79,59.49,61.83,13361.85766024,1032
1686096000,61.76,61.84,58.57,59.13,1120.40565626,366
1686182400,59.03,60.46,58.36,59.84,2205.8730899,347
1686268800,59.78,60.63,59.23,59.99,1252.5460065,208
1686355200,59.82,59.82,47.09,52.76,12244.56888926,2277
1686441600,52.63,53.43,51.72,52.03,872.61304059,443
1686528000,52.0,53.96,50.81,53.7,1146.90145579,501
1686614400,53.74,56.0,53.21,55.02,2438.89579817,572
1686700800,55.1,56.03,51.44,52.05,2705.49007021,661
1686787200,51.93,52.48,48.96,50.13,5161.77735056,940
1686873600,50.03,51.13,49.12,50.67,1864.28953519,422
1686960000,50.51,52.19,50.35,51.12,2303.05279535,491
1687046400,51.04,51.95,50.64,50.89,560.43778245,319
1687132800,50.9,52.21,50.53,51.84,1936.88311908,279
1687219200,51.95,53.17,50.17,53.1,3875.26930848,620
1687305600,53.04,55.51,52.88,55.05,3926.19858911,878
1687392000,55.0,57.16,54.9,55.52,4947.34656264,747
1687478400,55.6,57.73,55.27,57.15,3181.87664938,672
1687564800,56.99,58.32,55.98,57.08,3543.13784476,600
1687651200,57.12,76.72,57.05,68.78,45181.3886330099,8480
1687737600,68.73,69.24,62.99,63.25,7424.49124151,1737
1687824000,63.03,66.58,62.82,65.03,11215.81713635,1745
1687910400,64.98,65.29,57.58,59.42,7407.48055675,1047
1687996800,59.42,67.07,59.03,63.38,13528.87912227,1683
1688083200,62.89,71.6,61.0,70.52,28668.1759448199,4137
1688169600,70.52,70.63,66.57,68.18,2951.9121309,809
1688256000,68.07,73.32,67.4,70.69,8805.09689036,1756
1688342400,70.71,74.65,68.74,72.97,8235.489008,1724
1688428800,72.78,81.34,71.67,76.92,14791.00989103,3020
1688515200,77.02,80.6,71.72,75.08,7634.61401156,2204
1688601600,74.4,78.05,70.33,70.34,13664.40168561,2007
1688688000,70.23,74.93,69.38,74.93,2068.53643663,894
1688774400,74.9,77.29,72.81,73.51,3940.54640407,920
1688860800,73.23,74.58,71.49,71.87,3816.53433766,1088
1688947200,71.76,71.76,68.89,69.28,5242.35441093,1133
1689033600,69.34,74.38,69.07,73.38,3164.84058139,1141
1689120000,73.35,77.1,73.35,75.76,4170.5963496,1015
1689206400,75.77,79.22,74.67,79.18,6945.44724165,1197
1689292800,79.32,87.98,78.01,81.42,17044.1850515299,2896
1689379200,81.0,82.73,78.0,79.08,7130.6322351,1278
1689465600,78.8,79.64,76.27,76.78,4596.93985118,1045
1689552000,76.68,79.39,73.55,75.21,3460.66058903,977
1689638400,75.09,75.63,70.69,72.02,3309.3619972,1003
1689724800,71.77,73.6,71.15,71.9,3165.25915346,893
1689811200,71.83,75.23,71.34,72.5,4490.16339188,1241
1689897600,72.47,75.57,71.89,74.52,3976.58421016,1107
1689984000,74.35,74.95,70.82,71.73,1399.66725684,576
1690070400,71.72,73.34,71.51,72.35,566.88758326,388
1690156800,72.06,72.69,68.11,70.37,2440.65118322,844
1690243200,70.32,71.63,69.78,70.09,1120.89718393,479
1690329600,70.04,73.49,69.14,71.93,1667.79312599,753
1690416000,71.75,75.09,71.67,72.37,4441.98952961,841
1690502400,72.45,73.83,72.29,72.87,1614.09653423,610
1690588800,72.8,74.91,72.15,74.3,768.85354246,380
1690675200,74.33,75.01,69.5,70.85,7156.44221282,1100
1690761600,70.6,72.2,64.0,65.28,8802.03978212,1775
1690848000,65.2,66.6,61.58,65.51,10614.93599073,2344
1690934400,65.49,67.16,62.5,64.5,8586.87004853,2172
1691020800,64.43,64.93,62.83,62.89,4635.72426017,1175
1691107200,62.93,66.85,62.72,64.03,2715.55486551,1117
1691193600,63.96,65.79,63.03,64.36,1173.1863164,711
1691280000,64.39,66.01,64.16,65.81,1690.93114966,567
1691366400,65.82,67.02,62.98,64.97,2833.45815422,806
1691452800,64.85,66.94,64.57,66.24,3700.33336499,448
1691539200,66.2,67.88,65.86,67.38,2956.02476117,522
1691625600,67.33,69.6,66.84,66.96,2572.73168449,538
1691712000,67.06,67.06,65.3,65.97,4655.27916376,678
1691798400,65.91,66.6,65.79,66.16,209.62292053,149
1691884800,66.23,66.31,65.25,65.76,390.23357805,170
1691971200,65.58,66.48,65.3,65.47,478.2393357,190
1692057600,65.6,65.67,61.79,63.67,1631.31670994,554
1692144000,63.42,63.82,58.55,60.35,4018.6373877,1040
1692230400,60.07,60.48,50.0,55.47,5757.47128068,2408
1692316800,55.46,56.73,54.76,55.87,5192.51476711,1176
1692403200,55.78,57.13,55.57,56.51,815.84292741,293
1692489600,56.51,57.38,56.28,57.04,433.95230595,167
1692576000,57.18,57.59,55.17,55.53,1113.89286405,304
1692662400,55.52,55.52,52.78,54.88,1151.88869566,666
1692748800,54.92,57.69,54.92,57.12,1450.50644126,495
1692835200,57.16,58.9,56.21,57.46,1168.79278359,459
1692921600,57.45,58.91,55.79,56.9,1319.25641094,448
1693008000,56.82,57.27,56.31,56.56,228.66509147,110
1693094400,56.72,58.23,56.63,58.23,536.76641264,231
1693180800,58.21,58.46,56.19,58.34,804.71903633,342
1693267200,58.15,60.63,56.6,59.58,1975.00549765,693
1693353600,59.49,59.56,57.4,57.76,374.13044489,274
1693440000,57.46,57.89,54.38,55.53,1611.47272593,556
1693526400,55.51,55.81,53.58,54.67,552.50395531,269
1693612800,54.75,55.34,53.93,55.14,1016.56270653,261
1693699200,55.13,55.14,54.12,54.75,420.15807782,196
1693785600,54.78,55.52,54.14,54.56,184.54790706,153
1693872000,54.69,55.76,54.23,55.28,980.22749723,227
1693958400,55.51,55.81,54.09,55.09,436.07922781,289
1694044800,55.08,56.41,54.85,56.31,467.5327918,231
1694131200,56.38,57.29,55.74,56.49,596.32270975,328
1694217600,56.47,56.53,55.92,56.17,1906.62128704,176
1694304000,55.91,55.91,53.62,53.94,703.27731469,450
1694390400,53.95,54.05,51.42,52.1,1525.41044975,583
1694476800,52.15,54.21,52.11,52.95,811.4352313,425
1694563200,53.08,54.58,52.85,53.62,1760.62616303,646
1694649600,53.69,55.02,53.43,54.31,881.58013443,452
1694736000,54.34,56.08,53.98,55.86,633.36306729,469
1694822400,56.06,62.41,55.85,59.13,7240.3706945,1934
1694908800,59.14,61.63,57.68,59.42,3172.4214848,1343
1694995200,59.33,62.46,58.09,60.58,6422.53541834,1295
1695081600,60.64,64.4,60.64,61.81,5587.71224132,1200
1695168000,61.88,65.9,61.26,65.47,5059.70076873,1126
1695254400,65.52,66.02,62.14,62.53,3251.70754806,758
1695340800,62.42,64.53,61.79,64.49,1437.68529166,519
1695427200,64.48,64.85,62.37,62.95,1203.91007816,488
1695513600,62.77,63.17,61.53,61.65,728.99053904,416
1695600000,61.65,62.86,61.11,62.24,881.66381864,410
1695686400,62.23,62.23,60.34,61.04,777.58937002,424
1695772800,61.08,62.77,59.91,60.58,1763.64878667,617
1695859200,60.64,66.77,60.55,65.69,3936.00085457,1125
1695945600,65.62,67.92,65.06,66.03,3414.75353112,860
1696032000,66.17,68.61,66.03,67.58,2138.88038468,842
1696118400,67.69,72.43,67.32,72.32,5488.45053034,1337
1696204800,72.09,72.13,68.06,69.27,4576.55967084,1176
1696291200,69.33,70.14,64.59,65.34,6622.56771648,1246
1696377600,64.99,66.83,63.14,66.64,5310.23885695,1060
1696464000,66.69,72.58,66.29,66.77,11130.8738796999,2491
1696550400,66.88,69.71,66.88,68.95,6157.04080389,924
1696636800,68.93,69.18,65.96,66.66,2538.06516912,691
1696723200,66.56,67.39,65.25,66.06,834.41001502,406
1696809600,66.02,66.07,62.09,63.32,2767.27981623,773
1696896000,63.25,64.91,63.12,64.02,1974.97802882,641
1696982400,64.08,64.44,62.56,63.29,3200.75202289,614
1697068800,63.1,64.1,61.84,62.93,1860.53670664,473
1697155200,62.92,64.59,62.9,63.8,1481.56037968,425
1697241600,63.71,64.93,63.71,64.25,845.62098844,298
1697328000,64.32,64.73,63.73,63.92,219.91962318,153
1697414400,63.92,67.0,63.56,64.81,4332.45201217,987
1697500800,64.59,64.72,61.22,62.79,3344.3274186,679
1697587200,62.7,63.52,61.97,62.11,725.89921042,311
1697673600,61.97,65.34,61.22,63.91,7316.12108332,1245
1697760000,63.92,70.02,63.44,65.96,13116.98477983,2141
1697846400,66.01,70.9,63.56,70.14,13279.77391926,1741
1697932800,70.16,80.2,68.97,79.34,19280.94773241,3706
1698019200,79.37,87.87,78.36,84.89,32392.0185170198,5109
1698105600,84.93,90.8,80.73,83.32,22814.8977926699,3029
1698192000,83.43,86.37,81.46,86.09,8804.22538953,1653
1698278400,86.09,88.88,77.4,80.84,10677.17290378,1964
1698364800,80.43,80.43,75.8,78.5,7170.23404804,1167
1698451200,78.39,81.42,78.39,80.05,7904.7999167,1043
1698537600,79.99,85.86,79.38,84.47,12244.500753,1532
1698624000,84.48,87.41,81.32,83.67,10684.80504043,1983
1698710400,83.88,84.81,79.19,81.6,7150.9677274,1451
1698796800,81.23,91.7,80.83,89.15,15000.60812364,3102
1698883200,89.19,102.59,87.55,91.96,28356.8925786298,5973
1698969600,91.92,93.1,88.0,90.27,6933.72910413,1921
1699056000,89.96,92.33,88.22,90.09,5412.79186207,1724
1699142400,90.12,92.24,87.14,89.26,7417.23086862,2526
1699228800,89.24,100.76,87.7,100.2,19066.62473683,4767
1699315200,100.2,104.59,95.67,97.67,15739.8771492199,3684
1699401600,97.57,101.17,95.31,100.23,5233.61989324,1708
1699488000,100.26,109.97,91.2,100.9,23426.8375482598,5820
1699574400,100.88,100.88,90.03,100.33,14271.09794882,2407
1699660800,100.06,100.66,94.25,96.79,9096.44826104,2096
1699747200,96.89,99.87,93.05,99.6,11583.6648663,1869
1699833600,99.52,104.87,92.4,92.9,9033.88241537,2631
1699920000,92.9,95.4,85.16,90.79,12982.3676144399,2280
1700006400,90.79,95.75,90.24,95.49,5150.51093078,1742
1700092800,95.5,98.23,89.97,91.29,25114.63114561,3966
1700179200,90.77,93.22,85.03,88.69,10656.44108146,1849
1700265600,88.68,88.84,82.96,88.07,3035.34633298,1322
1700352000,88.11,91.72,86.14,91.63,6842.30019475,1188
1700438400,91.34,93.14,88.88,90.24,4447.53926512,1372
1700524800,90.02,92.68,83.56,84.66,4998.51608102,1854
1700611200,84.48,96.12,84.24,95.34,12193.35618565,2161
1700697600,95.37,100.79,95.06,95.8,4716.29938003,1427
1700784000,96.06,99.77,95.88,99.13,4238.31978421,1266
1700870400,99.16,101.81,97.32,99.57,2389.82841292,1101
1700956800,99.62,103.18,96.3,97.96,2456.66034696,1115
1701043200,97.84,99.0,93.25,96.06,2006.34627658,736
1701129600,96.32,99.0,92.94,96.89,4377.98108727,1377
1701216000,96.9,98.8,95.5,96.32,1722.94263723,985
1701302400,96.4,98.3,95.13,98.3,1841.7022025,745
1701388800,98.31,101.76,98.1,100.11,3895.65600952,1476
1701475200,100.13,104.8,99.87,104.43,4592.7816156,1157
1701561600,104.53,105.94,101.32,102.78,2842.55902846,863
1701648000,102.81,113.21,97.66,100.06,10968.25536489,2965
1701734400,99.74,100.62,95.53,98.71,4725.64508633,1732
1701820800,98.75,100.26,95.75,96.06,8563.51084945,2191
1701907200,96.34,99.66,94.62,98.74,6561.89645953,1811
1701993600,98.8,100.77,96.1,99.51,12361.55258041,2583
1702080000,99.59,104.81,97.52,98.65,10438.2074157299,3244
1702166400,98.72,99.71,95.65,97.86,3780.7407522,1251
1702252800,97.76,98.37,87.52,91.47,8261.96193568,2646
1702339200,91.59,93.69,90.42,92.54,4217.01744336,1183
1702425600,92.49,95.28,88.31,94.56,5644.12489692,1356
1702512000,94.9,107.89,92.54,107.31,25125.5931913602,3764
1702598400,107.62,118.6,104.08,108.2,46479.1908632903,7514
1702684800,108.2,109.09,102.46,104.65,15186.05568966,2684
1702771200,104.71,105.31,99.67,100.27,10293.24143875,1592
1702857600,100.17,100.76,93.19,99.0,12565.62549709,1953
1702944000,99.29,107.72,98.61,101.36,16882.7654142599,2951
1703030400,101.29,105.69,99.45,100.02,10138.3044051799,2330
1703116800,100.06,102.06,98.5,101.69,7708.7027280699,1610
1703203200,101.72,102.48,98.34,100.26,5741.12433893,1406
1703289600,100.47,102.03,95.57,99.34,6323.75494967,1897
1703376000,99.43,103.67,97.83,100.29,9619.08765718,2067
1703462400,99.78,104.97,98.4,103.21,10712.85408757,2126
1703548800,102.9,109.56,97.45,102.97,20221.6947201,4400
1703635200,102.97,114.57,97.41,111.99,22086.5863802999,3932
1703721600,112.06,129.74,112.06,118.87,44251.9209838105,7451
1703808000,118.96,122.25,108.1,112.18,19105.59236094,2738
1703894400,112.13,117.36,110.94,111.07,5197.09278748,1460
1703980800,111.01,118.75,101.85,109.05,11190.72113103,2259
1704067200,108.68,116.27,108.0,116.2,5758.09704,1019
1704153600,116.29,119.92,108.97,110.31,10530.770884,2056
1704240000,110.46,113.04,91.0,102.72,14378.06683973,4032
1704326400,102.68,105.5,101.41,104.04,4651.37045532,1540
1704412800,104.08,108.97,99.34,103.0,6180.35370515,2275
1704499200,103.05,103.31,97.12,99.32,1942.56265738,1250
1704585600,99.27,100.49,93.77,94.82,1862.9064271,1153
1704672000,94.44,100.1,88.6,99.06,4713.51654835,1809
1704758400,99.11,99.29,92.52,96.53,3912.8136193,1871
1704844800,96.31,110.19,96.31,107.03,14548.1722247999,4320
1704931200,107.17,118.0,106.39,109.7,13387.0324161099,4219
1705017600,109.71,113.87,99.83,102.99,8383.9259692,3161
1705104000,103.05,107.6,100.75,106.03,3725.92294906,1524
1705190400,106.05,106.05,99.18,99.27,3611.21923645,1503
1705276800,99.44,103.13,99.44,101.83,2417.81737089,1225
1705363200,101.85,110.82,101.85,103.7,9863.54769272,2550
1705449600,103.57,104.02,100.0,101.19,2115.30948265,1123
1705536000,101.13,101.53,95.35,96.73,3262.77739312,1395
1705622400,96.77,97.64,91.63,96.91,2667.82429903,1262
1705708800,96.95,99.79,96.4,97.42,1193.50028642,451
1705795200,96.83,98.66,96.52,96.7,928.61269115,405
1705881600,96.42,97.0,90.45,91.45,1932.3383076,1151
1705968000,91.58,93.39,84.16,89.53,7261.88565822,1475
1706054400,89.61,90.6,88.18,90.03,2544.01311034,640
1706140800,89.56,89.81,86.92,88.81,806.38469122,457
1706227200,88.55,91.65,87.56,91.39,1467.83688354,754
1706313600,91.4,92.1,90.39,91.63,714.06938309,345
1706400000,91.49,93.46,90.2,91.11,1570.15606721,540
1706486400,91.09,93.89,90.36,93.79,1428.04184563,748
1706572800,93.49,95.4,92.25,93.0,3855.48180969,1155
1706659200,93.07,93.26,85.1,85.9,5718.50290495,2014
1706745600,85.99,86.0,82.89,83.91,6512.38098663,1669
1706832000,83.6,86.43,82.33,85.89,9327.9849219,1905
1706918400,85.91,86.87,84.92,85.63,2159.88280688,621
1707004800,85.39,85.78,82.84,83.33,2313.82477529,742
1707091200,83.22,85.8,81.5,84.0,2699.07155034,1127
1707177600,84.06,85.43,82.61,84.48,3540.61613414,789
1707264000,84.62,84.95,82.27,84.12,4676.38801948,1140
1707350400,84.21,86.63,84.16,85.19,6786.90573366,1314
1707436800,85.23,89.88,85.23,87.55,6903.8318935,1942
1707523200,87.61,89.23,86.32,88.3,3557.87007956,1114
1707609600,88.28,89.89,86.73,87.19,1953.90199652,992
1707696000,87.25,91.08,85.15,90.91,3576.28371114,1174
1707782400,90.97,91.38,88.0,89.57,6571.5341812,1019
1707868800,89.6,92.73,89.16,91.19,5674.52678988,988
1707955200,91.21,93.83,90.16,92.35,5791.46263643,1325
1708041600,92.43,94.95,90.3,94.55,6322.02294275,1508
1708128000,94.43,94.85,91.2,94.0,4172.78201714,1225
1708214400,93.96,95.43,92.75,94.57,4439.62476915,1008
1708300800,95.07,97.98,94.42,96.12,5661.32399998,1004
1708387200,96.31,97.02,90.19,93.81,6956.39189596,1541
1708473600,93.98,94.1,88.27,91.94,11623.15643322,2027
1708560000,91.72,93.91,90.2,91.86,2664.60636199,935
1708646400,91.99,101.82,89.54,94.72,16405.1833705499,4766
1708732800,94.47,103.9,93.91,101.12,39559.8617337198,4582
1708819200,101.42,101.76,97.42,100.24,4398.79249356,1780
1708905600,100.43,103.89,97.92,102.81,6418.82031807,2215
1708992000,102.79,105.83,101.14,104.86,9292.02256057,2897
1709078400,104.78,108.73,97.45,104.54,27740.70934312,4497
1709164800,104.61,114.66,103.2,105.76,18154.6210009501,4233
1709251200,105.9,110.72,105.8,110.72,4477.34937659,2146
1709337600,110.58,118.66,109.86,116.2,29156.5983299301,4790
1709424000,116.11,119.0,104.09,112.65,6183.78579568,2893
1709510400,112.66,115.55,110.3,114.43,6952.69416586,3925
1709596800,114.27,129.0,91.4,105.62,24878.5000964398,6994
1709683200,105.98,129.0,102.34,127.56,26322.9172194202,7843
1709769600,127.73,134.21,120.75,134.19,23722.7711899697,6116
1709856000,134.2,138.12,127.7,132.87,19474.5701313994,9781
1709942400,132.39,135.36,129.06,131.39,5402.02787786,2976
1710028800,131.4,133.78,122.85,126.84,6412.3576940401,4368
1710115200,126.88,138.49,120.31,136.55,12335.2355447998,7870
1710201600,136.83,138.63,123.74,135.31,11615.49902774,5656
1710288000,135.31,153.94,134.01,142.77,13169.1446652602,6015
1710374400,142.59,145.53,131.45,139.41,12664.2562955801,4685
1710460800,139.41,141.39,122.07,129.39,12274.39510975,4535
1710547200,129.23,130.19,116.23,118.8,6072.74627401,2810
1710633600,118.75,129.42,113.01,127.18,8533.9094678501,3483
1710720000,126.63,129.2,118.88,123.38,7566.79173346,2853
1710806400,123.06,124.55,107.17,109.39,9943.82769124,3767
1710892800,109.44,120.88,105.1,120.05,6677.80408502,3199
1710979200,120.06,124.97,116.43,123.68,6586.70354564,2889
1711065600,123.03,125.03,114.71,118.8,4815.93808225,2364
1711152000,118.86,124.57,118.3,121.41,2291.30328441,1531
1711238400,121.56,125.64,120.05,124.86,2729.82130901,1755
1711324800,124.85,130.27,123.97,127.01,9623.19410939,2475
1711411200,127.06,131.87,125.68,130.99,9908.22656183,2842
1711497600,130.94,132.15,123.75,124.98,12894.81627854,2920
1711584000,124.66,128.31,122.44,127.7,3531.82193633,1301
1711670400,127.71,130.37,124.77,127.64,2542.05902282,1596
1711756800,127.24,129.0,123.37,123.95,1612.99768033,609
1711843200,123.96,128.33,123.62,128.27,1517.28386113,470
1711929600,128.34,131.6,121.12,129.2,12484.7681142101,3124
1712016000,129.63,129.63,112.94,115.46,4582.97150297,1736
1712102400,115.71,118.86,111.47,114.64,3584.85200783,1041
1712188800,114.48,119.7,112.27,116.39,2958.79994097,720
1712275200,115.86,116.45,109.69,113.91,3351.47863234,825
1712361600,113.5,121.58,113.32,118.66,4037.93002537,1486
1712448000,118.62,123.02,118.55,122.8,2655.44845236,1175
1712534400,122.83,129.78,121.41,128.96,4484.00305681,1445
1712620800,129.29,133.87,125.25,126.5,7290.78945268,2295
1712707200,126.49,129.32,122.22,128.37,5967.18852198,2828
1712793600,128.34,132.42,115.6,117.95,5887.55904021,2235
1712880000,117.55,119.99,92.0,100.1,29177.4846280397,5632
1712966400,100.1,100.1,67.5,82.79,20943.3622900397,7149
1713052800,82.64,89.26,79.98,88.05,10520.36535244,3231
1713139200,87.85,91.67,81.0,84.93,6632.59950276,1755
1713225600,84.67,89.3,81.0,87.0,6341.38704114,1050
1713312000,86.72,87.54,81.26,83.66,2105.82147937,856
1713398400,83.52,86.63,82.2,85.43,2734.54933948,648
1713484800,85.06,88.76,78.8,85.8,3310.89054614,1174
1713571200,85.64,92.32,85.06,91.86,3225.67188817,972
1713657600,91.44,93.22,89.29,91.01,2310.69483155,655
1713744000,91.08,97.4,90.69,96.32,7952.03420356,1048
1713830400,96.56,97.55,93.78,94.67,5301.81329384,588
1713916800,94.44,97.04,89.81,90.66,1662.99635873,742
1714003200,90.77,91.84,88.23,91.84,692.51541996,395
1714089600,91.04,91.52,88.36,89.52,949.77916857,483
1714176000,89.59,92.74,86.21,91.81,651.87507286,560
1714262400,91.57,93.0,89.93,90.17,755.53475878,260
1714348800,90.1,91.69,86.97,89.45,1211.66596565,509
1714435200,88.97,90.2,80.67,83.52,2813.7558336,794
1714521600,83.35,84.29,78.5,83.91,3142.10281007,1108
1714608000,83.59,85.9,81.02,85.0,1901.36936111,903
1714694400,84.96,89.23,83.66,89.23,1081.4026144,440
1714780800,88.91,89.82,87.83,89.13,623.5711106,226
1714867200,89.03,90.48,87.73,90.21,965.50120982,269
1714953600,90.2,92.81,87.85,87.98,1622.48780947,586
1715040000,87.83,91.19,86.23,88.2,1222.28917826,413
1715126400,87.93,88.88,85.61,86.15,1113.65919322,374
1715212800,86.29,90.62,85.06,89.56,683.84727045,333
1715299200,90.04,90.69,83.8,83.8,1264.4162228,394
1715385600,83.74,84.51,82.1,82.26,1400.53670919,342
1715472000,82.51,84.24,82.37,83.0,421.06789231,155
1715558400,83.18,85.77,80.29,82.66,1874.64313068,524
1715644800,82.66,82.8,80.11,80.41,600.40323027,238
1715731200,80.6,86.81,80.0,86.07,1394.76312141,541
1715817600,86.54,86.79,84.0,86.09,1079.34641698,295
1715904000,86.0,89.32,85.03,88.11,1259.32004556,442
1715990400,88.42,90.09,87.83,88.17,2671.61241653,485
1716076800,88.0,88.63,84.72,85.32,691.16139495,249
1716163200,84.96,98.05,84.23,98.05,4402.84072259,1381
1716249600,98.05,99.93,95.52,97.13,3468.17687523,1079
1716336000,97.28,97.81,93.05,94.46,4495.86384456,746
1716422400,94.25,99.93,91.16,97.78,8216.14600353,2001
1716508800,97.71,104.87,95.28,99.31,7635.40567557,2693
1716595200,99.48,108.42,99.27,105.29,10206.35692197,2944
1716681600,104.88,112.71,103.76,109.7,14690.6127631101,4031
1716768000,109.51,114.54,107.3,108.69,8395.37602403,2575
1716854400,108.46,108.97,103.68,106.69,3109.14287362,2016
1716940800,105.78,107.47,102.44,103.55,3339.11170897,1901
1717027200,103.56,107.16,102.06,102.79,3198.05590584,1721
1717113600,102.79,104.56,100.03,103.98,4020.43372678,1851
1717200000,103.93,105.19,103.51,104.53,1192.8557884,598
1717286400,103.94,105.13,102.12,103.56,671.07395526,670
1717372800,102.98,105.3,100.67,100.72,862.9079428,393
1717459200,101.02,104.2,99.79,103.01,2185.71227145,586
1717545600,103.04,105.34,102.34,104.34,1513.07912887,437
1717632000,104.23,104.3,101.14,102.33,1328.48061559,384
1717718400,102.77,104.74,88.9,97.01,9351.37351853,2599
1717804800,97.07,97.96,92.21,92.87,1251.95971625,887
1717891200,92.69,94.05,91.98,93.49,533.71232256,554
1717977600,93.29,93.8,90.46,90.83,3222.7121331,1290
1718064000,90.83,90.92,84.79,87.75,4934.22228229,2064
1718150400,87.79,93.56,86.8,89.98,3417.10141025,1567
1718236800,89.87,90.0,82.99,83.7,1533.38173244,1187
1718323200,83.71,86.1,80.51,83.59,3056.43805354,1018
1718409600,83.62,87.06,83.44,86.04,1670.36416227,967
1718496000,85.79,86.65,84.29,85.85,5267.8351722,836
1718582400,85.62,87.89,81.35,85.01,11548.6306448801,1930
1718668800,85.0,85.22,75.0,82.11,11424.46057186,2904
1718755200,81.99,88.76,81.65,87.4,7872.28977371,2392
1718841600,87.06,90.0,84.61,84.95,4278.88971649,1398
1718928000,84.87,86.58,81.78,81.93,1863.6852477,1268
1719014400,81.79,82.25,79.69,81.63,726.00822938,815
1719100800,81.65,82.73,80.09,80.7,5750.01191894,1342
1719187200,80.71,90.2,76.84,86.59,12918.47155823,3620
1719273600,86.25,95.23,86.21,92.02,14028.99943951,3257
1719360000,92.1,95.49,90.13,94.43,3565.52773133,1787
1719446400,94.42,96.35,90.99,93.31,6031.03972428,2776
1719532800,93.15,96.77,92.9,93.6,2914.22195545,2182
1719619200,93.49,97.25,93.46,96.43,3725.804475,1781
1719705600,96.38,97.81,94.32,97.27,1992.57859671,1528
1719792000,97.2,99.77,96.28,98.54,2219.5173265,1865
1719878400,98.07,99.39,88.61,91.4,8089.55780304,3200
1719964800,91.35,92.2,83.82,84.26,9572.06851778,3035
1720051200,84.17,85.75,78.86,79.44,4250.3423536,2467
1720137600,79.51,80.33,71.0,79.86,11441.85617864,3555
1720224000,79.64,83.51,78.59,83.13,998.93719646,781
1720310400,83.18,83.27,78.04,78.24,1280.81428733,1242
1720396800,78.27,84.0,75.55,82.27,4150.58066104,2844
1720483200,81.94,86.41,81.3,85.21,4915.59915288,2140
1720569600,85.28,91.13,83.95,91.02,3551.49850033,2066
1720656000,91.13,95.87,88.52,92.88,6399.48915094,1748
1720742400,92.94,98.41,92.0,97.51,3221.80793935,1036
1720828800,97.54,101.58,95.76,99.36,4828.69216247,1260
1720915200,99.36,104.94,99.26,104.32,4527.31257767,1453
1721001600,104.83,106.61,101.45,104.17,5400.46483134,2161
1721088000,104.1,106.7,99.28,100.83,9376.96380362,2348
1721174400,100.61,103.55,97.5,98.05,8361.0135620001,2291
1721260800,98.15,100.45,95.57,98.17,1192.01156606,647
1721347200,98.55,101.31,95.77,100.71,2545.0242103,619
1721433600,100.63,100.68,98.65,99.01,1292.05285667,407
1721520000,98.95,100.08,94.43,98.45,5052.36501237,1236
1721606400,98.41,99.59,93.64,94.33,4326.79968665,1668
1721692800,94.19,96.19,91.75,94.46,6444.33653077,2488
1721779200,94.43,94.71,89.52,89.95,1130.67561757,577
1721865600,89.94,97.07,85.83,92.81,11769.4690187699,3576
1721952000,92.79,103.07,92.75,98.13,8832.82707219,3439
1722038400,97.64,102.82,97.2,101.09,4092.35507087,1745
1722124800,101.1,101.15,98.04,98.68,2168.70660635,981
1722211200,98.77,106.2,98.77,105.0,5628.18211234,2508
1722297600,104.94,106.69,102.69,105.49,5099.51995824,2486
1722384000,104.91,112.32,104.2,107.41,10040.80508095,3052
1722470400,107.82,117.24,103.66,116.72,20269.5638188402,6650
1722556800,116.71,117.8,106.9,110.21,17937.7422418102,5661
1722643200,110.25,116.72,103.17,105.58,18683.0678183201,6319
1722729600,105.46,111.89,96.9,97.06,20766.7084145303,6014
1722816000,96.87,98.95,76.91,95.76,26114.6401876701,8851
1722902400,95.57,107.9,95.38,103.56,14184.8271445599,4776
1722988800,103.75,106.54,96.67,98.3,10588.6809870701,2965
1723075200,98.13,103.85,95.47,101.43,10402.9718687302,3298
1723161600,101.45,101.45,93.71,96.58,7677.24267206,1933
1723248000,96.18,97.04,92.55,93.31,3011.23232778,1026
1723334400,93.21,96.21,90.94,91.41,4205.95751178,1314
1723420800,91.09,97.08,90.31,95.71,15899.7530128602,2817
1723507200,95.7,98.69,93.9,97.84,8113.3177526501,2165
1723593600,97.9,106.75,96.41,106.03,10423.8373928101,3420
1723680000,105.97,111.99,104.35,107.75,19830.56488711,4149
1723766400,107.72,114.75,105.85,112.71,15086.2383056699,3829
1723852800,112.82,116.65,109.59,110.84,6551.03541037,1694
1723939200,110.88,113.33,109.37,111.26,7589.9002855,2227
1724025600,111.39,123.81,107.76,118.18,20212.5288751401,4606
1724112000,118.02,132.24,117.73,128.85,20050.58754777,6046
1724198400,128.9,143.66,127.89,140.62,29745.0336027705,7146
1724284800,140.21,141.84,133.38,135.79,7177.25013821,2799
1724371200,135.86,148.66,132.15,143.6,14390.3249292801,5011
1724457600,143.28,143.28,135.54,137.13,15367.52583543,3186
1724544000,137.13,139.81,133.6,135.5,5087.07114465,2033
1724630400,135.67,136.77,128.07,128.9,7795.16984377,2600
1724716800,128.91,131.6,117.28,120.0,7779.14276559,2681
1724803200,120.0,128.85,118.41,125.59,9026.77364024,3383
1724889600,125.07,128.13,121.83,123.13,6261.39324503,1743
1724976000,122.93,131.83,118.51,131.34,6263.33022848,2696
1725062400,131.0,134.01,128.17,129.8,7723.97594536,2720
1725148800,129.55,129.96,120.41,120.6,10006.25516552,2675
1725235200,120.5,135.22,117.81,134.89,13310.3417643801,3984
1725321600,135.07,135.23,118.71,118.71,32522.3690795897,5137
1725408000,118.7,138.96,116.26,135.13,44805.5578135695,10125
1725494400,135.24,137.35,127.56,128.84,12919.27986702,3602
1725580800,128.92,130.6,119.56,126.78,15695.3711436101,4582
1725667200,126.64,130.67,123.95,125.35,7372.57888205,2347
1725753600,124.92,127.41,123.3,125.96,4729.10661482,1597
1725840000,126.02,142.1,124.24,139.97,24021.2233225195,4844
1725926400,140.03,152.98,136.29,150.6,19973.0682548299,5046
1726012800,150.84,158.81,144.97,149.69,26868.9632521791,6408
1726099200,149.58,151.81,141.86,145.55,16819.5937921398,3679
1726185600,144.97,146.32,139.5,144.51,8234.86393724,2759
1726272000,144.31,144.31,137.68,140.08,6711.27584307,2050
1726358400,140.1,149.9,140.01,143.48,17026.6622059698,3932
1726444800,143.54,143.68,138.21,140.21,12943.5420768501,2697
1726531200,140.1,147.58,136.77,140.56,7405.69657207,2748
1726617600,140.46,141.76,134.21,141.76,10674.0166498701,3138
1726704000,141.73,152.7,141.65,150.51,11196.9016492801,3979
1726790400,150.59,157.43,147.65,153.37,6782.92106514,2548
1726876800,153.37,154.72,149.84,154.61,4456.01208506,1264
1726963200,154.88,163.37,154.48,162.63,10732.11530661,4051
1727049600,162.2,178.62,158.79,172.02,21298.0701743903,6269
1727136000,172.02,173.47,163.79,166.12,8677.69343543,2926
1727222400,165.98,173.73,164.19,165.36,6827.6519490201,3316
1727308800,164.78,169.89,163.08,165.21,6559.47156561,2848
1727395200,165.35,173.94,163.77,170.6,7273.69959756,3228
1727481600,170.24,170.98,161.63,164.09,3238.8176753,1451
1727568000,164.01,164.9,158.75,161.56,4606.67078504,1631
1727654400,161.67,161.72,154.45,156.67,5378.45542116,2136
1727740800,156.66,164.17,143.01,144.84,14742.5473838397,4466
1727827200,144.65,150.09,136.62,139.31,10239.89915286,2636
1727913600,139.14,146.2,134.78,143.68,12011.6834666101,3779
1728000000,143.86,152.8,141.68,151.23,10545.4710757198,2970
1728086400,151.35,151.72,146.13,148.65,3821.61185777,1144
1728172800,148.44,150.39,146.26,150.09,1751.59826068,1097
1728259200,150.04,154.63,145.63,146.48,5265.46379584,2232
1728345600,146.81,147.54,141.77,143.09,2973.01275741,1692
1728432000,143.01,144.13,138.4,139.58,6564.65631845,1834
1728518400,139.32,144.89,136.16,140.67,4846.21957309,2169
1728604800,140.57,145.66,140.31,143.81,3078.04002914,1284
1728691200,143.97,156.98,143.48,154.9,5722.60831293,2513
1728777600,154.92,155.8,150.62,154.9,3238.08335331,1510
1728864000,154.91,165.15,152.99,162.87,6434.8909560499,5036
1728950400,162.87,165.61,151.72,157.12,7979.2953949199,3114
1729036800,156.74,159.76,153.57,156.19,3260.27961914,1998
1729123200,155.94,157.39,150.51,153.01,3487.02763136,1511
1729209600,153.07,158.92,152.2,158.92,2373.68560604,1339
1729296000,158.92,159.75,155.77,157.87,1146.99963017,887
1729382400,158.12,160.63,156.16,158.61,4042.7489319,1185
1729468800,158.94,159.64,151.56,153.26,4074.70434372,1761
1729555200,153.32,155.06,150.15,152.37,2845.99182703,1075
1729641600,152.56,152.88,143.78,149.49,3255.41856982,1570
1729728000,149.55,152.89,145.79,147.42,1992.01864311,1105
1729814400,147.42,149.52,131.81,137.8,3733.04504223,2514
1729900800,137.53,143.59,136.48,142.62,1990.09049052,1216
1729987200,142.61,147.76,141.76,147.73,1689.13088324,1000
1730073600,147.82,154.12,146.37,151.93,4226.50513773,2371
1730160000,151.57,155.22,149.2,151.28,5061.07479267,2238
1730246400,151.29,158.0,148.53,156.11,8162.2209257,3489
1730332800,156.33,157.47,140.71,143.35,5753.84136506,2181
1730419200,143.32,146.78,140.25,141.58,1886.78127463,1390
1730505600,141.45,143.53,137.04,138.3,1747.15545019,1252
1730592000,138.3,138.46,128.73,132.83,5135.17508562,2355
1730678400,132.47,134.64,125.68,128.15,3771.81698747,1998
1730764800,128.18,136.7,127.86,135.78,5402.89529514,2526
1730851200,135.8,176.34,135.8,173.76,25301.2511640699,10228
1730937600,173.93,191.27,173.41,183.73,26916.0544732504,8920
1731024000,183.79,185.31,176.1,182.13,7836.3770386901,2959
1731110400,182.17,199.49,181.36,195.59,13147.3517103999,5312
1731196800,195.31,199.18,181.47,190.79,11195.55639488,5058
1731283200,189.62,195.17,183.53,194.35,8201.7734578401,3832
1731369600,193.09,196.57,172.38,180.3,15083.9746936099,6951
1731456000,179.12,187.98,167.74,173.49,8172.5015224601,4336
1731542400,173.07,176.96,155.88,158.12,8968.60140827,3348
1731628800,158.01,166.33,151.0,164.59,23739.6230241094,6450
1731715200,163.93,175.62,163.05,168.97,19377.9078600299,5323
1731801600,168.97,172.55,159.53,162.06,12297.65690455,4108
1731888000,162.07,172.63,161.36,170.83,8942.97866631,4196
1731974400,170.78,173.34,158.79,162.08,10802.60786558,3915
1732060800,161.94,167.93,153.21,156.73,11417.4205690801,4615
1732147200,156.67,170.91,152.18,169.46,12451.06268072,5129
1732233600,169.31,173.54,161.67,173.54,9375.18613818,4246
1732320000,173.73,184.07,170.31,174.59,17880.8733023197,8071
1732406400,174.59,183.66,161.05,171.05,13109.4313766299,6830
1732492800,170.91,188.67,166.32,181.14,17353.8470870902,10570
1732579200,181.4,184.05,165.47,181.63,11144.5324777,7634
1732665600,181.51,211.19,180.65,210.8,25530.0035144901,13924
1732752000,210.84,211.51,198.07,200.34,6656.33356689,5505
1732838400,200.34,202.2,194.6,198.99,6343.5523174401,4628
1732924800,198.64,212.68,197.86,211.64,7310.8124406501,6630
1733011200,211.88,214.62,202.92,209.16,9252.92825064,5557
1733097600,209.33,241.47,204.11,235.37,26991.5896693705,16874
1733184000,234.71,249.22,222.0,240.58,20990.0472006298,12784
1733270400,240.64,273.53,236.43,256.51,19057.3721309303,12816
1733356800,256.27,266.84,240.93,248.24,13021.3783540401,9201
1733443200,248.0,291.33,246.92,282.46,15152.9940381296,12013
1733529600,282.39,297.45,278.68,282.76,9442.82223347,7221
1733616000,283.0,285.27,274.31,282.74,3457.82847224,4967
1733702400,282.42,283.95,223.84,261.55,15538.7870337701,11599
1733788800,260.28,287.98,247.98,276.81,23093.4866021112,16590
1733875200,276.2,307.45,259.77,302.84,12834.6215344703,11696
1733961600,302.69,387.26,295.42,367.17,39630.4942505567,27702
1734048000,367.19,390.88,353.03,377.77,22554.5246746297,16844
1734134400,377.67,395.8,360.75,365.75,15579.1684875303,12112
1734220800,365.52,381.01,355.0,367.93,11869.4974640201,9698
1734307200,368.3,399.98,361.66,379.24,21206.5128616398,17280
1734393600,379.33,387.05,357.4,361.33,12990.0582310501,9595
1734480000,361.36,380.45,336.52,339.76,16656.0136791401,12547
1734566400,340.35,350.7,298.88,316.07,21101.3193350102,14157
1734652800,314.87,340.86,271.17,330.5,27009.6628588295,15753
1734739200,328.65,343.42,294.34,299.17,10540.8788702701,9520
1734825600,298.79,323.44,290.96,318.72,15558.1796423199,8614
1734912000,318.72,388.42,308.74,383.49,26702.3543674896,16650
1734998400,383.52,389.06,365.2,375.15,13988.5022232499,11357
1735084800,374.86,385.27,364.81,369.49,5228.10214405,6159
1735171200,370.11,371.53,330.37,337.18,8349.3542987299,7387
1735257600,338.5,351.11,320.3,322.93,10141.9527722899,9858
1735344000,323.94,361.45,319.0,354.41,5866.8587095001,5673
1735430400,354.08,354.87,326.06,332.2,5558.61645219,3336
1735516800,332.39,343.95,318.92,321.42,8097.10444883,4306
1735603200,320.6,328.04,305.88,308.4,5857.03843197,3048
1735689600,309.27,321.94,306.87,319.04,4098.92164264,2641
1735776000,319.25,339.15,318.12,333.08,5569.53080866,4299
1735862400,333.11,355.82,317.13,349.9,9665.85614833,5899
1735948800,350.94,360.89,339.18,351.67,4412.9275912901,2935
1736035200,351.67,351.97,339.37,341.45,3893.34372112,3792
1736121600,341.77,354.99,336.05,341.36,8094.8098907001,5373
1736208000,340.59,343.12,305.36,306.68,11652.4954633899,6595
1736294400,307.04,312.19,275.7,294.36,12487.9878389399,7309
1736380800,293.6,299.52,273.7,280.88,7582.37661124,5233
1736467200,282.38,300.54,277.22,286.09,7199.2830174201,3870
1736553600,286.84,293.1,280.11,287.43,2608.09097531,1582
1736640000,287.12,295.37,284.94,288.36,2265.62971823,1266
1736726400,288.02,296.24,256.16,290.39,16820.4011367298,8547
1736812800,289.23,301.22,285.46,295.64,13390.80786267,5104
1736899200,295.63,323.66,285.51,319.86,11400.6370956599,6300
1736985600,320.26,321.17,305.33,311.12,6313.98280677,3838
1737072000,311.28,336.41,311.16,335.37,7733.15418865,4544
1737158400,335.29,341.75,306.49,315.13,9391.42656229,5971
1737244800,314.97,347.49,292.4,309.03,23980.4636835903,15988
1737331200,308.49,364.59,296.46,336.73,28929.5966242816,22912
1737417600,336.87,378.15,327.32,370.68,20191.6621787803,17444
1737504000,369.6,371.93,345.5,346.25,7796.1630752601,6257
1737590400,346.42,350.2,324.71,337.76,18623.1964176997,9992
1737676800,337.74,357.42,328.35,335.01,7877.6300083301,7179
1737763200,334.81,338.09,326.18,326.25,8119.7212878099,3940
1737849600,326.58,335.92,315.94,316.42,7977.75092511,5455
1737936000,316.04,320.31,288.2,305.22,15948.8935380398,9086
1738022400,304.41,307.67,281.03,284.22,10027.976895,5344
1738108800,283.96,301.66,282.75,290.49,9152.62467626,5614
1738195200,290.76,322.29,287.2,314.64,12001.3127289002,7915
1738281600,315.45,349.18,312.73,332.5,15591.1939609097,11658
1738368000,332.59,333.19,296.2,296.2,10681.50219568,6229
1738454400,296.19,304.33,245.36,258.34,18108.0644850903,10184
1738540800,258.54,285.06,200.0,276.39,46463.9935363418,23169
1738627200,276.82,278.41,249.49,272.24,21843.8048169602,9781
1738713600,272.03,283.47,256.14,259.56,6211.9600399199,5134
1738800000,259.83,266.69,239.18,241.98,6117.76217756,3922
1738886400,241.48,262.0,231.22,237.93,6771.69999878,4408
1738972800,237.72,241.93,231.27,238.87,2245.69213043,2133
1739059200,239.0,252.42,230.05,241.36,4716.57797558,3312
1739145600,241.31,257.83,234.91,252.29,4792.14926321,3724
1739232000,252.51,262.5,242.0,243.92,4757.65732962,3193
1739318400,243.19,260.76,231.96,252.87,4734.8821263,3621
1739404800,252.89,258.01,246.77,256.53,7394.0283651901,3897
1739491200,256.57,269.97,253.37,262.4,5382.03540887,3605
1739577600,262.21,263.41,249.93,253.24,1483.69889853,1634
1739664000,252.97,258.8,250.25,253.83,1633.32665155,1862
1739750400,253.97,278.44,249.88,264.33,10601.2200626199,6632
1739836800,264.35,265.84,241.62,249.5,8914.49454388,4437
1739923200,248.99,258.02,246.88,252.94,4591.78099319,2742
1740009600,253.05,263.35,251.44,261.95,5480.0005616,3060
1740096000,261.2,269.04,238.6,242.67,18238.63068929,6104
1740182400,241.83,251.53,239.27,247.07,3534.37470891,2322
1740268800,246.94,254.08,243.65,247.49,2355.39708063,1868
1740355200,247.69,249.14,205.62,210.7,11221.65809273,5378
1740441600,210.43,213.17,189.53,204.99,11896.0980196004,5749
1740528000,205.09,211.51,191.57,202.38,15623.8582778004,5884
1740614400,202.53,209.63,196.28,203.74,6476.08944495,3177
1740700800,203.8,204.13,178.0,192.56,15017.4428549698,5589
1740787200,192.06,196.92,183.56,195.03,6688.19302809,3003
1740873600,194.93,226.83,190.47,223.41,13403.39411213,5845
1740960000,223.56,224.2,177.85,180.3,16454.2713703199,6064
1741046400,180.32,216.56,167.66,206.49,31178.479158869,10654
1741132800,206.21,226.16,204.45,220.83,14819.5595771798,6620
1741219200,220.79,239.46,208.33,208.33,15950.9620749999,6391
1741305600,208.44,211.91,195.45,196.7,12203.84868943,5211
1741392000,196.5,199.04,185.42,195.78,5484.76013213,3089
1741478400,195.55,198.28,176.42,178.34,7203.9240398101,3957
1741564800,178.44,201.49,175.38,180.63,20391.9588172105,7358
1741651200,180.32,185.83,167.0,181.6,20688.8498038602,5968
1741737600,181.89,184.08,163.72,174.91,10779.7572339199,4236
1741824000,174.99,175.97,160.1,162.49,16330.8377731302,4944
1741910400,162.52,177.0,162.08,173.09,7038.2853997,2747
1741996800,173.38,177.09,171.84,172.89,1579.75226245,1142
1742083200,173.06,173.86,163.35,165.03,3349.67904827,1685
1742169600,164.69,177.08,164.69,174.93,3886.38271555,1912
1742256000,174.93,175.12,164.71,169.95,6021.4306359,2497
1742342400,170.16,184.28,169.84,182.47,7625.8601151999,3252
1742428800,182.52,182.9,171.56,178.69,3912.36597343,2041
1742515200,178.71,183.06,174.11,177.82,4443.14980087,2311
1742601600,178.19,183.67,178.19,179.62,4067.97974835,2145
1742688000,179.83,186.34,179.69,184.68,3848.14686621,2426
1742774400,184.98,194.6,181.46,190.86,4441.73760154,2969
1742860800,190.75,192.22,185.33,186.87,7642.89194717,2547
1742947200,186.55,190.05,175.38,177.38,8308.87795403,4074
1743033600,177.63,186.05,177.08,184.72,2919.78910073,1898
1743120000,184.76,186.72,168.48,175.29,6242.64815119,2864
1743206400,175.57,180.34,165.85,167.89,4478.03620114,2454
1743292800,167.98,169.35,161.26,163.41,3676.67112771,2047
1743379200,163.63,164.44,151.92,159.85,6667.87257391,3325
