1645747200,7.671,7.671,7.142,7.473,2468.36046916,26
1645833600,7.451,7.598,7.185,7.286,1614.71490455,25
1645920000,6.957,7.105,6.548,6.698,697.44976576,18
1646006400,6.645,7.248,6.645,7.179,857.27406354,12
1646092800,7.72,7.847,7.533,7.839,2376.8343251,43
1646179200,7.911,7.911,7.345,7.482,733.91380171,27
1646265600,7.314,7.393,7.112,7.279,2071.4136533,21
1646352000,7.12,7.12,6.694,6.702,2450.72542051,15
1646438400,6.65,6.909,6.573,6.893,2604.49335229,18
1646524800,6.944,6.944,6.402,6.402,1544.39114234,13
1646611200,6.251,6.579,6.063,6.2,796.5826354,18
1646697600,6.241,6.271,6.051,6.052,437.8182289,11
1646784000,6.08,6.442,6.08,6.339,161.44601517,4
1646870400,6.343,6.371,5.897,5.992,2275.94329355,16
1646956800,5.912,6.089,5.78,5.858,445.91858224,5
1647043200,5.874,5.919,5.874,5.919,120.51279605,2
1647129600,5.865,5.865,5.507,5.507,286.54068149,7
1647216000,5.573,5.603,5.489,5.489,131.92809335,4
1647302400,5.619,5.778,5.585,5.778,1189.45577474,12
1647388800,5.901,6.166,5.678,6.143,5612.77498305,35
1647475200,6.244,6.431,6.104,6.224,5265.95803744,44
1647561600,6.17,6.27,5.997,6.211,3191.26578395,28
1647648000,6.38,6.69,6.346,6.497,1783.90107517,45
1647734400,6.415,6.67,6.146,6.217,5102.00260976,44
1647820800,6.186,6.515,6.185,6.362,2044.89212822,17
1647907200,6.376,6.748,6.376,6.536,5774.40212557,42
1647993600,6.563,6.913,6.497,6.823,2533.141865,28
1648080000,7.093,7.18,6.969,7.166,3510.72086275,42
1648166400,7.137,7.225,5.521,6.896,1755.18555775,31
1648252800,7.094,7.143,6.994,7.101,497.94549604,13
1648339200,7.185,7.633,7.185,7.633,5370.36963901,59
1648425600,7.676,8.047,7.171,7.171,7337.49928418,83
1648512000,7.443,7.803,7.398,7.398,2850.55170577,36
1648598400,7.563,7.918,7.326,7.793,5263.21974848,47
1648684800,7.853,8.237,7.46,7.46,8422.62844621,120
1648771200,7.517,8.707,7.038,8.374,9947.0449091,102
1648857600,8.331,8.765,8.194,8.345,14941.34255367,150
1648944000,8.283,8.368,7.916,8.111,2957.64739169,29
1649030400,8.229,8.346,7.641,7.86,2090.09894826,29
1649116800,8.048,8.197,7.831,7.886,3171.51950727,24
1649203200,7.407,7.439,6.697,6.697,9537.48910734,76
1649289600,6.894,7.058,6.595,7.0,1722.5157704,14
1649376000,7.107,7.107,6.522,6.522,198.38531117,14
1649462400,6.542,6.806,6.542,6.806,140.62063145,15
1649548800,6.8,6.92,6.661,6.7,221.46021347,13
1649635200,6.554,6.554,6.041,6.126,2903.59618447,33
1649721600,6.138,6.5,6.13,6.279,4184.04124307,24
1649808000,6.505,6.631,6.372,6.532,438.98095319,9
1649894400,6.592,6.658,6.321,6.403,2655.92600895,24
1649980800,6.447,6.466,6.418,6.418,216.30982342,3
1650067200,6.528,6.932,6.528,6.775,2441.18905672,12
1650153600,6.778,7.024,6.506,6.515,1917.69812175,21
1650240000,6.553,6.613,6.039,6.483,3963.27862348,34
1650326400,6.547,6.84,6.544,6.76,3567.80138337,14
1650412800,6.947,7.103,6.794,6.859,1557.73468644,22
1650499200,7.009,7.263,6.372,6.463,4997.55035358,41
1650585600,6.571,6.7,6.467,6.491,6061.53799708,24
1650672000,6.36,6.453,6.289,6.386,1038.93828195,16
1650758400,6.401,6.413,6.316,6.413,1392.3084176,21
1650844800,6.242,6.267,5.807,6.267,2058.45819996,46
1650931200,6.247,6.306,5.648,5.689,1905.03028294,25
1651017600,5.769,6.049,5.769,5.905,829.06915025,19
1651104000,5.933,6.362,5.933,6.184,680.19515554,23
1651190400,6.219,6.767,5.741,5.868,4719.06105855,72
1651276800,5.987,6.002,4.47,4.889,10020.54297658,103
1651363200,4.93,5.168,4.88,5.112,2374.66836062,31
1651449600,5.133,5.133,4.771,4.927,825.81716314,13
1651536000,4.916,5.077,4.884,4.884,517.89279893,10
1651622400,4.919,5.377,4.919,5.334,3391.02287241,42
1651708800,5.425,5.462,4.695,4.865,5499.55086117,56
1651795200,4.812,4.957,4.708,4.886,1291.82939784,28
1651881600,4.871,4.871,4.44,4.443,1991.8331697,13
1651968000,4.59,4.608,4.461,4.608,4147.84971384,26
1652054400,4.595,4.595,3.525,3.543,7327.66670322,59
1652140800,3.58,4.117,3.538,3.795,11344.39419951,53
1652227200,3.794,3.815,2.318,2.599,25236.04446009,159
1652313600,2.632,2.632,1.928,2.132,13333.38384804,103
1652400000,2.161,2.784,2.1,2.492,3681.55583782,62
1652486400,2.583,2.915,2.323,2.501,1308.04700328,44
1652572800,2.628,2.854,2.536,2.854,3698.51403742,37
1652659200,2.793,2.8,2.564,2.656,2010.95098022,20
1652745600,2.764,3.095,2.756,3.095,7645.86095156,54
1652832000,3.167,3.266,2.968,3.011,11640.00447549,68
1652918400,2.849,3.079,2.739,3.079,8393.8737224,51
1653004800,2.999,3.088,2.79,2.858,4473.91614081,29
1653091200,2.82,3.023,2.811,3.016,69.63365806,13
1653177600,2.991,3.159,2.891,3.098,2828.04625585,40
1653264000,3.118,3.153,2.857,2.857,2020.06849008,35
1653350400,2.84,2.947,2.77,2.941,2698.35858884,17
1653436800,2.936,2.936,2.859,2.886,1598.69275412,26
1653523200,2.921,2.932,2.478,2.629,5357.3001908,62
1653609600,2.622,2.627,2.471,2.502,3092.55752362,39
1653696000,2.618,2.677,2.599,2.636,1671.26054665,17
1653782400,2.684,2.894,2.607,2.894,1054.08584721,27
1653868800,2.954,3.245,2.954,3.21,1958.20119212,59
1653955200,3.239,3.239,2.934,3.148,12012.71709598,79
1654041600,3.18,3.18,2.776,2.831,1565.97334792,14
1654128000,2.797,2.861,2.797,2.853,17.9756054,7
1654214400,2.89,2.89,2.714,2.827,1936.75519767,13
1654300800,2.836,2.99,2.783,2.964,765.55016508,30
1654387200,2.974,2.974,2.817,2.859,1599.34148305,17
1654473600,2.965,2.976,2.821,2.875,37.57244397,9
1654560000,2.765,2.818,2.654,2.818,72.49009271,13
1654646400,2.734,2.938,2.661,2.829,4358.71458015,51
1654732800,2.829,2.962,2.82,2.918,522.65656849,12
1654819200,2.812,2.854,2.657,2.692,4654.60356963,26
1654905600,2.707,2.707,2.352,2.418,7499.62060741,25
1654992000,2.35,2.376,2.177,2.177,2624.47632571,24
1655078400,2.178,2.178,1.935,2.032,7576.67175959,44
1655164800,2.066,2.196,1.94,2.055,2959.17885402,44
1655251200,2.026,2.419,1.858,2.363,12260.67684298,66
1655337600,2.386,2.386,1.919,1.968,13322.22736066,47
1655424000,2.007,2.071,2.007,2.064,10016.97117723,23
1655510400,2.06,2.06,1.876,2.019,9398.59428046,38
1655596800,2.017,2.26,2.001,2.206,31347.27095741,69
1655683200,2.2,2.346,2.116,2.14,5874.25539832,34
1655769600,2.261,2.43,2.241,2.301,1819.79325947,30
1655856000,2.298,2.34,2.178,2.305,2350.57964377,32
1655942400,2.407,2.723,2.407,2.662,3559.89032696,60
1656028800,2.776,2.776,2.59,2.755,3301.4965602,28
1656115200,2.741,2.798,2.616,2.77,761.84919171,16
1656201600,2.735,2.91,2.631,2.631,5997.88896177,24
1656288000,2.629,2.747,2.561,2.607,5890.04286899,28
1656374400,2.592,2.692,2.498,2.69,18439.19235173,64
1656460800,2.749,2.797,2.605,2.615,9945.54909727,47
1656547200,2.556,2.556,2.205,2.315,5944.26492228,46
1656633600,2.315,2.346,2.213,2.273,5290.23313331,25
1656720000,2.19,2.237,2.147,2.211,1730.91918223,16
1656806400,2.226,2.235,2.163,2.219,2635.90134291,27
1656892800,2.238,2.342,2.202,2.342,2470.18527547,16
1656979200,2.338,2.338,2.175,2.266,2035.04666583,19
1657065600,2.2,2.304,2.2,2.295,7783.79200028,25
1657152000,2.324,2.475,2.291,2.425,8480.45370853,38
1657238400,2.418,2.452,2.293,2.374,1139.87196686,13
1657324800,2.358,2.401,2.352,2.399,6698.28458793,12
1657411200,2.342,2.352,2.235,2.235,9728.24940296,21
1657497600,2.185,2.205,2.064,2.067,3577.00917317,19
1657584000,2.046,2.105,2.012,2.012,5504.63447889,60
1657670400,2.012,2.139,1.946,2.139,4357.74614884,33
1657756800,2.126,2.194,2.032,2.187,3890.06621194,14
1657843200,2.215,2.244,2.193,2.21,1637.94289473,11
1657929600,2.194,2.272,2.152,2.217,5308.06327717,15
1658016000,2.224,2.293,2.191,2.207,14360.17802975,41
1658102400,2.298,2.392,2.275,2.39,2299.21493181,16
1658188800,2.403,2.48,2.326,2.44,12124.98674684,38
1658275200,2.425,2.717,2.425,2.457,24850.83460255,58
1658361600,2.497,2.526,2.346,2.526,12251.91099681,33
1658448000,2.546,2.553,2.351,2.38,6926.26963265,21
1658534400,2.39,2.462,2.297,2.373,3999.06335762,30
1658620800,2.422,2.426,2.363,2.363,2883.84321252,16
1658707200,2.363,2.363,2.218,2.218,11834.652474,32
1658793600,2.164,2.184,2.096,2.184,9382.24259361,40
1658880000,2.197,2.516,2.159,2.492,10277.51507287,45
1658966400,2.577,2.95,2.531,2.797,10330.89639905,87
1659052800,2.84,2.999,2.716,2.879,12487.4850267,74
1659139200,2.914,3.121,2.789,2.806,13646.29413108,50
1659225600,2.872,3.247,2.833,2.89,10346.82557823,83
1659312000,2.881,2.94,2.834,2.861,2562.25265117,16
1659398400,2.95,2.95,2.644,2.73,6055.25711376,35
1659484800,2.701,2.814,2.642,2.776,2597.69745877,27
1659571200,2.732,2.826,2.694,2.728,64.91084818,8
1659657600,2.813,2.857,2.765,2.827,3386.4819491,18
1659744000,2.832,2.832,2.779,2.793,401.91205596,8
1659830400,2.765,2.806,2.746,2.806,2866.58067633,8
1659916800,2.854,2.938,2.824,2.891,6795.25910322,29
1660003200,2.876,3.004,2.557,2.755,22901.5645317,43
1660089600,2.729,2.856,2.7,2.852,540.92004323,13
1660176000,2.894,3.003,2.853,2.853,8635.71353243,26
1660262400,2.927,2.937,2.879,2.914,330.58674272,6
1660348800,2.937,2.962,2.877,2.906,3095.95947565,13
1660435200,2.957,2.958,2.761,2.761,8078.00350085,17
1660521600,2.801,2.829,2.728,2.801,2058.23099496,18
1660608000,2.692,2.79,2.683,2.751,102.85419259,7
1660694400,2.767,2.823,2.521,2.528,5593.95004757,29
1660780800,2.58,2.587,2.303,2.402,7182.99027516,29
1660867200,2.387,2.395,2.147,2.194,6349.50092845,31
1660953600,2.175,2.216,2.125,2.148,4484.21455041,14
1661040000,2.163,2.234,2.163,2.234,2330.3116268,15
1661126400,2.193,2.193,2.114,2.179,19216.95159084,20
1661212800,2.192,2.266,2.188,2.259,7522.71715472,20
1661299200,2.215,2.323,2.19,2.27,4711.86713071,17
1661385600,2.265,2.33,2.25,2.293,12559.37869549,28
1661472000,2.275,2.275,2.028,2.028,13953.86125326,44
1661558400,2.049,2.054,1.988,2.027,5243.10660539,20
1661644800,2.008,2.039,2.0,2.039,122.70071085,12
1661731200,1.985,2.094,1.953,2.094,751.57452472,6
1661817600,2.083,2.087,2.0,2.039,6368.98816213,13
1661904000,2.09,2.09,2.016,2.049,12855.52417796,17
1661990400,2.0,2.057,1.983,2.049,17065.2240195,30
1662076800,2.04,2.074,2.024,2.024,11167.56660261,23
1662163200,2.034,2.046,2.032,2.046,147.56327399,5
1662249600,2.053,2.121,2.053,2.111,801.5703114,11
1662336000,2.118,2.118,2.068,2.092,1208.70626522,8
1662422400,2.124,2.167,1.78,1.964,8160.86911111,30
1662508800,1.929,2.056,1.909,2.043,10515.39571183,31
1662595200,2.05,2.078,2.036,2.071,1362.41122271,17
1662681600,2.134,2.194,2.134,2.177,4586.05767007,16
1662768000,2.207,2.231,2.2,2.203,404.3903265,6
1662854400,2.225,2.225,2.159,2.187,407.67740864,11
1662940800,2.215,2.23,2.179,2.188,4994.43704193,13
1663027200,2.116,2.145,2.036,2.047,10510.06569941,26
1663113600,2.039,2.039,2.01,2.012,2794.02415754,8
1663200000,2.004,2.004,1.95,1.969,3386.36028447,25
1663286400,1.962,2.0,1.962,1.992,3057.94071498,16
1663372800,2.008,2.033,2.008,2.019,500.208611,16
1663459200,2.022,2.031,1.802,1.812,8591.25148089,40
1663545600,1.822,1.838,1.762,1.837,5878.27886706,18
1663632000,1.83,1.831,1.786,1.793,2515.1729564,13
1663718400,1.802,1.81,1.681,1.684,7736.01511602,26
1663804800,1.729,1.773,1.729,1.763,3052.98718472,7
1663891200,1.796,1.821,1.72,1.765,5043.58593663,9
1663977600,1.782,1.788,1.774,1.788,5120.49886213,21
1664064000,1.756,1.756,1.694,1.694,1239.89974242,8
1664150400,1.692,1.713,1.679,1.708,1192.64284923,8
1664236800,1.778,1.778,1.681,1.687,447.24816243,9
1664323200,1.654,1.684,1.61,1.684,388.35976568,9
1664409600,1.689,1.704,1.687,1.704,38.91741408,4
1664496000,1.704,1.73,1.704,1.73,357.01422099,6
1664582400,1.71,1.719,1.709,1.709,1759.89619045,9
1664668800,1.716,1.717,1.662,1.662,133.94066609,6
1664755200,1.685,1.76,1.685,1.76,4917.21416945,9
1664841600,1.755,1.78,1.755,1.778,3247.21592873,13
1664928000,1.772,1.772,1.731,1.751,29.35815023,7
1665014400,1.77,1.77,1.725,1.727,600.34509231,9
1665100800,1.728,1.737,1.704,1.718,291.93294754,9
1665187200,1.723,1.726,1.716,1.716,14.80463712,4
1665273600,1.718,1.732,1.718,1.727,83.99682237,6
1665360000,1.732,1.732,1.567,1.618,8081.86537701,42
1665446400,1.567,1.604,1.567,1.583,286.79483483,10
1665532800,1.579,1.597,1.559,1.574,135.72202677,13
1665619200,1.533,1.54,1.397,1.54,2852.15112337,25
1665705600,1.532,1.579,1.515,1.515,66.69250591,9
1665792000,1.527,1.558,1.527,1.558,258.76579624,7
1665878400,1.556,1.582,1.556,1.582,26.19709361,4
1665964800,1.569,1.593,1.566,1.593,63.99187237,6
1666051200,1.615,1.615,1.573,1.573,190.25366412,11
1666137600,1.556,1.556,1.533,1.538,402.39211944,8
1666224000,1.479,1.524,1.479,1.489,424.84131204,7
1666310400,1.475,1.89,1.44,1.504,1316.83669977,23
1666396800,1.487,1.501,1.487,1.501,35.88369161,9
1666483200,1.501,1.52,1.472,1.52,392.83961676,10
1666569600,1.534,1.534,1.495,1.5,44.48640642,11
1666656000,1.509,1.589,1.509,1.562,205.72486937,14
1666742400,1.568,1.606,1.568,1.599,406.25912751,11
1666828800,1.633,1.65,1.628,1.628,1142.35283066,14
1666915200,1.604,1.688,1.595,1.686,3206.09614994,14
1667001600,1.691,1.731,1.676,1.698,827.09538553,10
1667088000,1.698,1.853,1.698,1.724,183.41759603,11
1667174400,1.727,1.727,1.676,1.712,2117.74915202,16
1667260800,1.721,1.725,1.658,1.658,4544.79846408,19
1667347200,1.664,1.666,1.564,1.576,372.91337291,21
1667433600,1.604,1.733,1.604,1.71,688.98032689,15
1667520000,1.709,1.815,1.709,1.779,5195.24410903,23
1667606400,1.808,1.916,1.808,1.83,1265.76673,28
1667692800,1.818,1.836,1.705,1.705,2308.66675365,16
1667779200,1.729,1.752,1.712,1.733,2842.80912197,14
1667865600,1.739,1.758,1.273,1.395,3085.73751351,49
1667952000,1.424,2.963,1.034,1.089,2699.57623124,49
1668038400,1.056,1.28,1.056,1.271,4750.95909892,47
1668124800,1.26,1.268,1.132,1.196,527.88987107,21
1668211200,1.148,1.166,1.128,1.166,166.46374511,14
1668297600,1.153,1.179,1.107,1.145,3159.62454239,13
1668384000,1.11,1.201,1.083,1.192,6519.96202109,27
1668556800,1.196,1.196,1.101,1.17,2147.73140551,35
1668643200,1.204,1.204,1.166,1.166,12.40367143,2
1668902400,1.059,1.059,1.059,1.059,1E+1,1
1669075200,1.1,1.1,1.1,1.1,5.587,1
1669161600,1.212,1.217,1.212,1.216,13.48570063,3
1669248000,1.5,1.5,1.23,1.284,150.75836935,7
1669334400,1.285,1.285,1.281,1.281,468.22444884,5
1669420800,1.282,1.283,1.226,1.234,468.94409806,17
1669507200,1.26,1.533,1.26,1.296,691.46331426,26
1669593600,1.271,1.489,1.249,1.489,74.73168338,6
1669680000,1.363,1.366,1.248,1.366,72.07597012,6
1669766400,1.35,1.475,1.239,1.297,155.87673825,11
1669852800,1.32,1.496,1.293,1.323,344.67293721,9
1669939200,1.496,1.496,1.328,1.48,201.22774852,15
1670025600,1.427,1.49,1.35,1.407,77.76479324,14
1670112000,1.308,1.693,1.308,1.35,971.5034557,28
1670198400,1.34,1.443,1.34,1.432,73.64213949,10
1670284800,1.429,1.429,1.321,1.42,543.94213656,17
1670371200,1.341,1.428,1.284,1.407,62.13335141,9
1670457600,1.31,1.334,1.27,1.334,49.78927172,3
1670544000,1.297,1.31,1.297,1.31,49.80351004,2
1670630400,1.314,1.429,1.314,1.317,223.00323068,12
1670716800,1.329,1.42,1.318,1.326,1726.86943689,18
1670803200,1.326,1.407,1.257,1.407,364.86850557,9
1670889600,1.397,1.397,1.259,1.259,1365.21371519,14
1670976000,1.296,1.338,1.29,1.338,263.41557774,5
1671148800,1.39,1.39,1.211,1.236,169.15900622,3
1671235200,1.298,1.4,1.298,1.4,131.46600143,6
1671321600,1.4,1.4,1.4,1.4,5.08442857,1
1671408000,1.139,1.139,1.139,1.139,112.19147344,2
1671494400,1.214,1.322,1.104,1.116,1574.68118187,36
1671580800,1.105,1.113,1.071,1.071,5389.42285179,37
1671667200,1.074,4.0,1.06,1.087,5429.69306616,59
1671753600,1.093,2.0,0.111,1.12,8021.72583091,51
1671840000,1.117,1.177,1.091,1.121,379.49097631,20
1671926400,1.174,1.174,1.081,1.081,113.96147936,5
1672012800,1.14,1.145,1.08,1.103,145.6931044,4
1672099200,1.088,1.154,1.019,1.084,49.29185119,6
1672185600,1.064,1.064,1.055,1.059,131.29413741,5
1672272000,1.052,1.079,1.034,1.04,458.35805017,12
1672358400,1.051,1.073,1.02,1.042,143.29713262,9
1672444800,1.045,1.063,1.043,1.063,210.43785581,6
1672531200,1.049,1.049,1.045,1.045,18.933315,2
1672617600,1.055,1.109,1.032,1.032,186.27906807,10
1672704000,1.097,1.123,1.08,1.08,146.25042046,6
1672790400,1.107,1.184,1.107,1.184,123.29108719,9
1672876800,1.118,1.165,1.118,1.125,608.32238879,30
1672963200,1.128,1.355,1.089,1.163,733.16140675,28
1673049600,1.149,1.169,1.142,1.149,211.32583502,18
1673136000,1.124,1.183,1.12,1.183,92.00609413,8
1673222400,1.187,1.316,1.187,1.211,1016.6165562,24
1673308800,1.244,1.282,1.234,1.245,59.45664462,7
1673395200,1.25,1.282,1.195,1.282,154.51555558,7
1673481600,1.285,1.286,1.259,1.286,70.24750379,11
1673568000,1.303,1.52,1.282,1.457,6970.38069283,67
1673654400,1.46,1.717,1.413,1.482,2383.7362529,46
1673740800,1.466,1.522,1.415,1.522,5730.19960704,30
1673827200,1.54,1.561,1.484,1.507,960.92284357,13
1673913600,1.493,1.55,1.493,1.51,92.31512158,4
1674000000,1.522,1.522,1.36,1.375,398.2204125,15
1674086400,1.382,1.408,1.37,1.408,718.09939964,15
1674172800,1.399,1.564,1.391,1.509,736.8779592,8
1674259200,1.535,1.6,1.535,1.598,1146.46735224,29
1674345600,1.517,1.829,1.515,1.643,5474.68557325,69
1674432000,1.629,1.712,1.627,1.642,4399.18167476,50
1674518400,1.588,1.666,1.493,1.514,449.07082952,26
1674604800,1.501,1.606,1.501,1.604,217.46418342,16
1674691200,1.634,1.652,1.599,1.636,1247.85185258,16
1674777600,1.622,1.85,1.622,1.723,2291.09611972,28
1674864000,1.781,1.857,1.709,1.709,1733.65936649,36
1674950400,1.721,2.079,1.721,1.935,5278.87160882,61
1675036800,1.928,1.987,1.788,1.788,2259.05632732,69
1675123200,1.784,1.832,1.779,1.832,105.75996668,13
1675209600,1.829,1.878,1.763,1.853,400.70474788,18
1675296000,1.871,1.927,1.814,1.818,548.19672775,23
1675382400,1.792,1.889,1.792,1.86,1463.52826754,39
1675468800,1.856,1.892,1.827,1.892,2310.617825,29
1675555200,1.891,1.905,1.741,1.775,1180.51396067,18
1675641600,1.777,1.814,1.748,1.748,1375.60396971,37
1675728000,1.757,2.186,1.757,2.14,8328.21039077,105
1675814400,2.127,2.379,1.92,2.024,13570.54899607,142
1675900800,2.056,2.149,1.38,1.69,8360.11448607,101
1675987200,1.713,1.725,1.659,1.723,1677.19086562,24
1676073600,1.759,1.759,1.711,1.758,1016.87865864,15
1676160000,1.754,1.797,1.732,1.732,2807.03991995,41
1676246400,1.721,1.725,1.632,1.632,1780.17674252,34
1676332800,1.669,1.774,1.661,1.773,1864.39176486,51
1676419200,1.758,1.917,1.757,1.917,1147.11015442,40
1676505600,1.949,2.002,1.895,1.914,991.78415796,30
1676592000,1.83,2.12,1.83,1.94,629.03226912,28
1676678400,1.966,2.12,1.956,1.965,404.23822034,23
1676764800,2.119,2.121,1.886,1.922,764.44016167,42
1676851200,1.935,2.107,1.934,2.038,4729.31259011,71
1676937600,2.076,2.333,1.888,2.001,4062.65758415,106
1677024000,1.938,2.018,1.938,2.018,200.43618475,3
1677110400,2.073,2.143,2.045,2.056,2058.90319443,34
1677196800,1.96,1.96,1.864,1.864,228.45361734,10
1677369600,1.832,1.931,1.832,1.931,60.68087284,2
1677456000,1.915,1.916,1.9,1.916,474.87095339,23
1677542400,1.91,1.921,1.832,1.832,76.51181034,3
1677628800,1.887,1.93,1.872,1.93,59.20452,3
1677715200,1.858,1.86,1.812,1.842,1481.02848197,33
1677801600,1.803,1.803,1.654,1.694,851.05259289,30
1677888000,1.73,1.73,1.59,1.609,212.47831174,12
1677974400,1.614,1.614,1.614,1.614,11.9789171,1
1678147200,1.577,1.593,1.55,1.55,13.72234384,3
1678233600,1.579,1.579,1.457,1.457,1912.7214245,30
1678320000,1.458,1.512,1.39,1.391,966.22701873,17
1678492800,1.378,1.378,1.251,1.346,2056.42322002,40
1678579200,1.354,1.454,1.324,1.453,226.61085173,17
1678665600,1.484,1.57,1.461,1.552,766.95246251,27
1678752000,1.543,1.674,1.543,1.624,3458.02356882,63
1678838400,1.652,1.667,1.48,1.5,874.70141547,15
1678924800,1.534,1.535,1.534,1.535,23,2
1679011200,1.605,1.667,1.599,1.667,4803.77102463,77
1679097600,1.66,1.767,1.66,1.673,3084.31391772,58
1679184000,1.644,1.709,1.644,1.676,1186.66184295,18
1679270400,1.72,1.72,1.563,1.563,3852.17823042,24
1679356800,1.531,1.588,1.502,1.556,874.64178734,23
1679443200,1.545,1.545,1.461,1.478,310.04401461,8
1679529600,1.568,1.572,1.562,1.572,945.92907961,7
1679616000,1.53,1.553,1.507,1.508,190.74185388,7
1679702400,1.481,1.481,1.472,1.472,410.06457266,6
1679788800,1.485,1.512,1.485,1.489,69.16314938,5
1679875200,1.425,1.425,1.407,1.407,143.8661801,2
1679961600,1.451,1.451,1.451,1.451,1.4075,1
1680048000,1.525,1.537,1.511,1.532,597.44443018,12
1680134400,1.547,1.565,1.47,1.47,61.61776959,6
1680220800,1.546,1.636,1.533,1.571,4538.28280755,22
1680307200,1.567,1.911,1.561,1.561,1619.90490135,29
1680393600,1.587,1.639,1.564,1.564,1247.19146488,36
1680480000,1.586,1.592,1.518,1.566,248.23935153,9
1680566400,1.57,1.63,1.564,1.595,97.81311767,10
1680652800,1.612,1.624,1.612,1.624,44.06957596,3
1680739200,1.605,1.633,1.605,1.633,127.0987649,4
1680825600,1.651,1.676,1.631,1.676,222.88543672,4
1680912000,1.659,1.659,1.635,1.635,146.03201425,3
1680998400,1.698,1.698,1.698,1.698,4.63541993,1
1681084800,1.714,1.714,1.714,1.714,138.36298144,2
1681171200,1.721,1.742,1.694,1.694,1375.48869091,9
1681257600,1.643,1.644,1.629,1.639,567.77818461,9
1681344000,1.699,1.723,1.699,1.723,176.900259,3
1681430400,1.755,1.756,1.731,1.745,448.24144492,17
1681516800,1.737,1.744,1.7,1.73,2960.46534328,13
1681603200,1.734,1.807,1.734,1.787,610.84272239,16
1681689600,1.73,1.73,1.713,1.724,19.25423302,3
1681776000,1.895,1.91,1.826,1.861,789.896264,25
1681862400,1.836,1.849,1.682,1.71,1443.17671711,29
1681948800,1.803,1.952,1.592,1.643,1025.00339378,45
1682035200,1.619,1.673,1.491,1.494,572.07017573,36
1682121600,1.51,1.524,1.485,1.524,2907.31430221,20
1682208000,1.533,1.535,1.472,1.479,501.2661903,12
1682294400,1.516,1.533,1.48,1.53,1244.47489579,16
1682380800,1.483,1.575,1.482,1.575,655.9652373,5
1682467200,1.574,1.673,1.529,1.578,649.96024922,18
1682553600,1.587,1.601,1.554,1.601,21.12706984,6
1682640000,1.559,1.667,1.559,1.579,872.2854327,11
1682726400,1.606,1.611,1.6,1.611,67.22137224,3
1682812800,1.581,1.581,1.581,1.581,6.95003162,1
1682899200,1.556,1.556,1.511,1.518,906.05064799,10
1682985600,1.519,1.527,1.519,1.527,20.83536,2
1683072000,1.522,1.62,1.486,1.62,465.65598071,18
1683158400,1.545,1.545,1.499,1.499,80.67577488,6
1683244800,1.517,1.517,1.517,1.517,150.38149,2
1683331200,1.45,1.454,1.444,1.454,102.49086,4
1683504000,1.44,1.441,1.281,1.281,518.2326763,26
1683590400,1.301,1.327,1.301,1.315,287.86103712,9
1683676800,1.306,1.338,1.28,1.28,59.50015,5
1683763200,1.326,1.363,1.233,1.25,1005.61829192,16
1683849600,1.209,1.209,1.209,1.209,5,1
1683936000,1.302,1.302,1.211,1.232,84.69613,4
1684022400,1.217,1.217,1.217,1.217,6.63549712,1
1684108800,1.279,1.283,1.279,1.283,314.01919517,3
1684195200,1.311,1.311,1.311,1.311,0.94143,1
1684281600,1.332,1.332,1.293,1.293,14.71493434,2
1684368000,1.343,1.343,1.29,1.29,345.07912568,10
1684454400,1.31,1.321,1.308,1.321,195.67163373,4
1684540800,1.309,1.309,1.309,1.309,28,1
1684713600,1.339,1.339,1.339,1.339,0.91505,1
1684800000,1.336,1.336,1.336,1.336,180.88939347,1
1684886400,1.293,1.293,1.291,1.291,83.31461,3
1684972800,1.296,1.296,1.243,1.296,396.75664,7
1685059200,1.299,1.299,1.299,1.299,3.1413286,1
1685145600,1.301,1.301,1.298,1.299,127.85774,9
1685232000,1.313,1.352,1.313,1.352,42.64928,3
1685318400,1.297,1.297,1.297,1.297,74.6843564,2
1685404800,1.281,1.281,1.281,1.281,73.55436392,1
1685491200,1.311,1.311,1.285,1.285,19.4675247,3
1685577600,1.263,1.288,1.263,1.288,38.61634825,2
1685750400,1.303,1.381,1.29,1.304,665.76170553,16
1685836800,1.298,1.298,1.298,1.298,75.71656,1
1685923200,1.21,1.236,1.12,1.208,627.35049221,27
1686009600,1.216,1.225,1.117,1.172,1002.44261754,36
1686096000,1.098,1.108,1.09,1.09,328.94978009,10
1686268800,1.099,1.31,1.096,1.116,6797.95593226,41
1686355200,1.088,1.088,0.883,0.889,1530.65273248,55
1686441600,0.867,1.007,0.851,0.851,640.45749789,18
1686528000,0.83,1.001,0.83,0.911,460.94432158,19
1686614400,0.911,1.001,0.899,0.907,6445.01397237,21
1686700800,0.914,0.914,0.835,0.866,648.00522061,17
1686787200,0.865,0.899,0.865,0.899,31.6902376,4
1686873600,0.88,0.912,0.879,0.899,1465.58400548,12
1686960000,0.896,0.926,0.896,0.922,1760.08670822,26
1687046400,0.91,0.912,0.908,0.912,200.32773,3
1687132800,0.91,0.913,0.882,0.913,56.10756714,4
1687219200,0.885,0.932,0.873,0.932,2860.78692633,6
1687305600,0.941,1.027,0.941,0.99,484.83305366,20
1687392000,0.996,1.013,0.967,1.013,429.31094192,14
1687478400,0.982,1.031,0.982,1.029,2018.41794588,24
1687564800,1.026,1.046,1.007,1.028,291.14451041,6
1687651200,1.08,1.08,1.058,1.063,1049.60283774,14
1687737600,1.039,1.06,1.033,1.033,1393.47735685,15
1687824000,1.063,1.138,1.063,1.065,290.98378458,6
1687910400,1.078,1.078,0.952,0.983,2022.03768364,39
1687996800,0.987,0.987,0.972,0.972,28.17159454,5
1688083200,1.017,1.036,1.015,1.036,10793.92992874,57
1688169600,1.071,1.241,1.029,1.13,1726.57990101,29
1688256000,1.234,1.5,1.056,1.078,5008.4810456,56
1688342400,1.101,1.116,1.096,1.102,184.4907381,7
1688428800,1.096,1.096,1.094,1.094,21.7033,3
1688515200,1.054,1.054,1.03,1.042,313.42680641,6
1688601600,1.036,1.067,1.034,1.034,368.21327005,8
1688688000,0.961,1.013,0.961,1.011,265.54390805,6
1688774400,1.029,1.05,0.995,0.996,632.6434408,15
1688860800,1.037,1.037,1.001,1.001,278.82898877,4
1688947200,0.981,1.029,0.981,1.027,371.50648823,6
1689033600,1.026,1.026,1.026,1.026,84,3
1689120000,1.038,1.344,1.024,1.03,550.47926332,18
1689206400,1.013,1.089,1.013,1.089,660.85028983,12
1689292800,1.101,1.18,1.019,1.133,1995.34480643,26
1689379200,1.036,1.24,1.036,1.236,1257.55488682,27
1689465600,1.054,1.054,1.021,1.021,1153.62778367,10
1689552000,1.035,1.084,0.991,1.0,2604.16946677,47
1689638400,1.012,1.012,0.993,0.993,202.46633908,5
1689811200,1.037,1.236,0.997,0.997,1537.55979464,29
1689897600,1.0,1.0,1.0,1.0,1.05,1
1689984000,1.006,1.048,1.0,1.007,651.39073988,10
1690070400,1.007,1.008,1.002,1.008,248.0578,5
1690156800,0.955,0.97,0.948,0.948,638.03069331,7
1690243200,0.945,0.949,0.938,0.938,137.56032938,3
1690329600,0.937,1.015,0.937,0.963,206.29740774,6
1690416000,0.98,0.98,0.98,0.98,13.58081632,1
1690502400,1.042,1.042,1.042,1.042,104,1
1690588800,0.962,1.047,0.948,1.024,664.12987073,23
1690675200,1.023,1.023,0.919,0.94,847.9492912,23
1690761600,0.951,1.001,0.938,0.938,131.68920497,11
1690848000,0.922,0.952,0.908,0.952,1449.19954517,35
1690934400,0.94,0.94,0.921,0.921,9.66753,2
1691020800,0.934,0.947,0.934,0.947,428.5790124,6
1691107200,0.956,0.956,0.934,0.934,290.41085479,7
1691193600,0.92,0.935,0.907,0.935,332.47431818,6
1691280000,0.988,1.001,0.952,0.979,355.38298971,7
1691366400,1.01,1.024,0.907,0.929,2361.58605689,39
1691452800,0.929,0.942,0.919,0.939,1312.69094231,35
1691539200,0.939,0.94,0.916,0.916,1044.61839504,13
1691625600,0.934,0.934,0.934,0.934,183.21054257,2
1691712000,0.909,0.921,0.902,0.917,461.62493526,7
1691798400,0.924,0.924,0.903,0.903,71.85397,2
1691884800,0.923,0.935,0.923,0.926,1537.2259392,11
1691971200,0.957,0.967,0.957,0.961,267.70240728,4
1692057600,0.99,0.997,0.881,0.928,2005.38046534,35
1692144000,0.895,0.932,0.827,0.86,2801.56086835,47
1692230400,0.86,0.884,0.709,0.734,2462.37516483,46
1692316800,0.841,0.841,0.726,0.745,463.53693917,17
1692403200,0.738,0.821,0.738,0.744,204.5367059,13
1692489600,0.835,0.835,0.762,0.769,414.82495062,16
1692576000,0.769,0.771,0.751,0.769,739.2904707,22
1692662400,0.758,0.808,0.736,0.739,60.76461784,8
1692748800,0.788,0.788,0.784,0.784,87.44221851,4
1692835200,0.782,0.782,0.745,0.745,123.42994283,5
1692921600,0.744,0.744,0.744,0.744,8,1
1693008000,0.773,0.781,0.758,0.758,62.54493833,10
1693094400,0.78,0.788,0.76,0.761,284.42913109,12
1693180800,0.753,0.79,0.746,0.783,544.45963863,9
1693267200,0.764,0.838,0.759,0.828,1391.77241239,20
1693353600,0.803,0.843,0.796,0.796,691.45947838,12
1693440000,0.806,0.806,0.76,0.76,407.06457269,10
1693526400,0.749,0.749,0.715,0.721,150.22160232,5
1693612800,0.729,0.783,0.725,0.73,930.71271399,17
1693699200,0.747,0.747,0.727,0.732,1598.29406714,16
1693785600,0.755,0.755,0.725,0.725,2628.96877973,8
1693872000,0.757,0.79,0.757,0.79,754.53865013,8
1693958400,0.77,0.77,0.758,0.763,435.05391807,5
1694044800,0.775,0.788,0.772,0.774,790.62596477,8
1694131200,0.793,0.798,0.793,0.798,91.27685967,4
1694217600,0.818,0.849,0.793,0.793,1204.00582164,12
1694304000,0.747,0.779,0.736,0.751,697.95498655,19
1694390400,0.743,0.745,0.726,0.726,8751.80812873,38
1694476800,0.734,0.758,0.734,0.738,1472.88769185,15
1694563200,0.744,0.752,0.742,0.742,119.73548183,3
1694649600,0.741,0.772,0.735,0.745,995.57271031,20
1694736000,0.753,0.753,0.753,0.753,2.59454,1
1694822400,0.777,0.777,0.777,0.777,14.70367,1
1694908800,0.759,0.76,0.742,0.742,128.65864,4
1695081600,0.764,0.779,0.764,0.766,444.55002486,7
1695168000,0.769,0.778,0.769,0.778,391.80237467,6
1695254400,0.769,0.769,0.75,0.759,942.96816971,14
1695340800,0.76,0.763,0.76,0.763,307.78231554,3
1695513600,0.752,0.755,0.752,0.755,2.70073,2
1695600000,0.751,0.751,0.751,0.751,5E+2,2
1695686400,0.757,0.757,0.724,0.724,2083.42078278,11
1695772800,0.729,0.732,0.718,0.718,1027.42122637,17
1695859200,0.727,0.727,0.724,0.724,344.52901658,4
1695945600,0.723,0.743,0.723,0.735,1453.02388073,12
1696032000,0.741,0.789,0.737,0.789,79.88326167,6
1696118400,0.746,0.769,0.744,0.766,280.75627449,5
1696204800,0.757,0.758,0.757,0.758,14,2
1696291200,0.727,0.727,0.725,0.725,195.4460322,2
1696377600,0.733,0.733,0.691,0.718,827.92420804,18
1696464000,0.701,0.744,0.693,0.701,1294.66087757,24
1696550400,0.705,0.711,0.705,0.711,147.97180611,5
1696636800,0.69,0.69,0.69,0.69,2.62776,1
1696723200,0.699,0.816,0.693,0.767,2816.05991825,57
1696809600,0.704,0.769,0.677,0.684,3559.22529737,25
1696896000,0.688,0.689,0.674,0.674,1050.42371899,9
1696982400,0.655,0.655,0.655,0.655,15.26717557,1
1697068800,0.647,0.712,0.647,0.671,1986.01951943,21
1697155200,0.678,0.748,0.675,0.69,2203.81027918,35
1697241600,0.678,0.678,0.677,0.677,67,4
1697328000,0.695,0.707,0.69,0.69,590.0112641,14
1697414400,0.693,0.778,0.693,0.712,1247.26311169,15
1697500800,0.723,0.735,0.71,0.71,746.3024334,8
1697587200,0.71,0.715,0.676,0.676,229.70477067,4
1697673600,0.673,0.676,0.659,0.659,494.35597482,5
1697760000,0.654,0.688,0.654,0.681,650.02255141,11
1697846400,0.691,0.705,0.69,0.699,641.92500477,27
1697932800,0.691,0.773,0.691,0.72,2520.89080544,38
1698019200,0.743,0.929,0.738,0.793,5590.74257913,100
1698105600,0.797,0.813,0.763,0.784,2748.96106266,44
1698192000,0.793,0.82,0.781,0.805,833.59671917,18
1698278400,0.815,0.847,0.797,0.816,6151.28982028,21
1698364800,0.829,0.859,0.825,0.826,1963.86477081,26
1698451200,0.834,0.848,0.834,0.848,163.70803381,2
1698537600,0.842,0.894,0.842,0.893,661.27706128,16
1698624000,0.905,0.918,0.89,0.903,2385.06521629,30
1698710400,0.905,0.918,0.847,0.86,1758.55269425,29
1698796800,0.864,0.92,0.832,0.9,5478.41351947,87
1698883200,0.922,0.922,0.897,0.897,461.69081774,10
1698969600,0.867,0.867,0.849,0.866,403.24692097,16
1699056000,0.886,0.887,0.863,0.881,6050.94751088,87
1699142400,0.883,1.022,0.854,0.888,11471.13586427,75
1699228800,0.906,1.236,0.894,0.952,6965.83134961,75
1699315200,0.956,0.957,0.91,0.935,13142.34689055,95
1699401600,0.97,0.979,0.958,0.958,43,4
1699488000,0.978,1.032,0.854,0.889,1977.2505481,56
1699574400,0.897,0.983,0.888,0.917,2019.93873833,38
1699660800,0.952,0.978,0.942,0.966,1102.02372642,28
1699747200,0.95,1.067,0.922,0.996,9797.80388906,66
1699833600,1.02,1.322,0.919,0.97,6609.41537027,68
1699920000,0.962,1.007,0.931,0.977,2502.97759854,56
1700006400,1.011,1.179,1.0,1.074,8271.30395087,93
1700092800,1.081,1.158,0.972,0.981,16915.57729754,165
1700179200,0.96,0.992,0.92,0.952,6790.81931836,84
1700265600,0.941,0.949,0.9,0.949,2782.51786829,51
1700352000,0.94,0.961,0.94,0.955,1702.82667052,27
1700438400,0.968,1.023,0.965,0.996,2004.90348007,28
1700524800,1.003,1.003,0.87,0.87,2493.71842434,31
1700611200,0.893,1.029,0.89,1.004,892.54966526,23
1700697600,1.016,1.072,1.011,1.067,2316.06057388,35
1700784000,1.077,1.248,1.008,1.092,14275.77431379,268
1700870400,1.103,1.237,1.103,1.214,1767.6956859,41
1700956800,1.206,1.316,1.065,1.208,9656.27124684,125
1701043200,1.173,1.185,0.89,1.18,14216.73024662,105
1701129600,1.18,1.219,1.136,1.174,4207.64775145,31
1701216000,1.154,1.155,1.087,1.116,6170.29744043,61
1701302400,1.118,1.131,0.983,1.095,5907.86445821,74
1701388800,1.096,1.166,1.093,1.109,2448.66226422,34
1701475200,1.111,1.131,1.11,1.127,1086.88061187,15
1701561600,1.135,1.192,1.135,1.156,3573.16384873,29
1701648000,1.164,1.268,1.089,1.177,5873.24843725,63
1701734400,1.182,1.208,1.164,1.206,3824.30652937,41
1701820800,1.218,1.218,1.1,1.182,3777.94176981,42
1701907200,1.206,1.24,1.146,1.229,1514.99105651,28
1701993600,1.232,1.267,1.232,1.257,1345.85216948,18
1702080000,1.29,1.434,1.261,1.267,6130.91938274,74
1702166400,1.317,1.39,1.269,1.275,1017.00005808,35
1702252800,1.273,1.295,1.11,1.175,5177.32753291,87
1702339200,1.178,1.333,1.169,1.333,4245.55854421,55
1702425600,1.298,1.437,1.224,1.305,4070.76617325,66
1702512000,1.296,1.3,1.157,1.279,2421.09909578,51
1702598400,1.232,1.251,1.187,1.187,785.4590389,34
1702684800,1.187,1.241,1.187,1.216,1962.43779025,26
1702771200,1.224,1.234,1.216,1.234,659.69931519,7
1702857600,1.201,1.201,1.11,1.167,2546.14299479,63
1702944000,1.17,1.216,1.167,1.189,3862.69434994,48
1703030400,1.182,1.296,1.181,1.27,2075.89303008,34
1703116800,1.305,1.333,1.299,1.318,9264.62663424,115
1703203200,1.315,1.4,1.242,1.368,14793.37233347,193
1703289600,1.348,1.418,1.281,1.418,18739.06595722,159
1703376000,1.397,1.745,1.385,1.625,11494.16197503,161
1703462400,1.551,1.635,1.51,1.566,2936.86725909,75
1703548800,1.549,1.827,1.49,1.566,4389.33133872,92
1703635200,1.537,1.578,1.525,1.525,510.12589102,14
1703721600,1.586,1.586,1.45,1.482,4460.20505851,65
1703808000,1.426,1.489,1.418,1.488,4930.84186891,62
1703894400,1.451,1.489,1.4,1.462,590.21760347,27
1703980800,1.437,1.442,1.358,1.374,1333.97005536,24
1704067200,1.388,1.508,1.388,1.484,1801.64671857,24
1704153600,1.478,1.609,1.422,1.471,4724.84025047,107
1704240000,1.47,1.517,1.272,1.272,2567.63507093,68
1704326400,1.404,1.437,1.28,1.318,2179.1500313,74
1704412800,1.306,1.312,1.21,1.21,998.18433263,19
1704499200,1.239,1.239,1.166,1.217,2828.67648855,74
1704585600,1.211,1.211,1.13,1.13,1038.55229344,35
1704672000,1.107,1.202,1.045,1.199,2549.05300651,50
1704758400,1.174,1.2,1.116,1.118,1319.69193528,41
1704844800,1.131,1.268,1.097,1.248,1457.03564534,42
1704931200,1.266,1.293,1.244,1.25,1448.82156257,25
1705017600,1.3,1.332,1.224,1.224,1423.01870557,38
1705104000,1.255,1.274,1.199,1.259,6909.68799139,65
1705190400,1.261,1.269,1.212,1.212,653.8649693,16
1705276800,1.207,1.23,1.207,1.23,33.8612,2
1705363200,1.242,1.242,1.194,1.238,214.63602089,6
1705449600,1.242,1.261,1.209,1.209,582.8410626,12
1705536000,1.198,1.198,1.122,1.142,719.98844578,26
1705622400,1.128,1.136,1.085,1.12,1143.63827109,37
1705708800,1.129,1.146,1.123,1.146,695.28538625,10
1705795200,1.169,1.201,1.168,1.201,225,10
1705881600,1.141,1.141,1.097,1.097,169.5188692,4
1705968000,1.089,1.108,1.016,1.052,2077.61447307,77
1706054400,1.045,1.078,1.043,1.066,1230.24573837,22
1706140800,1.062,1.062,1.034,1.056,697.93087259,11
1706227200,1.057,1.116,1.057,1.116,498.53595297,20
1706313600,1.117,1.138,1.111,1.138,447.80300631,13
1706400000,1.138,1.144,1.118,1.118,4.97159,3
1706486400,1.109,1.136,1.105,1.134,1017.77967662,31
1706572800,1.14,1.164,1.14,1.152,443.33933095,34
1706659200,1.105,1.121,1.082,1.082,367.81267907,5
1706745600,1.095,1.095,1.095,1.095,21.57726,1
1706832000,1.085,1.098,1.08,1.098,235.16956975,4
1706918400,1.101,1.101,1.091,1.091,114.74414209,2
1707004800,1.068,1.078,1.066,1.078,972.40031,8
1707091200,1.053,1.075,1.053,1.069,567.42236468,12
1707177600,1.075,1.106,1.075,1.106,510.60642919,25
1707264000,1.115,1.139,1.111,1.139,198.95781777,13
1707350400,1.144,1.535,1.134,1.144,4996.45804176,46
1707436800,1.153,1.212,1.153,1.212,790.94584913,27
1707523200,1.222,1.222,1.173,1.193,688.74324543,16
1707609600,1.186,1.203,1.181,1.186,919.55472519,17
1707696000,1.156,1.213,1.156,1.211,388.3089399,11
1707782400,1.231,1.24,1.209,1.209,112.26789736,6
1707868800,1.239,1.278,1.239,1.269,1093.84678131,20
1707955200,1.269,1.307,1.269,1.297,1221.00903603,7
1708041600,1.308,1.402,1.288,1.308,4338.87820875,65
1708128000,1.332,1.375,1.292,1.32,1768.86187013,41
1708214400,1.317,1.379,1.317,1.364,3739.01354951,55
1708300800,1.378,1.399,1.372,1.399,931.97784933,14
1708387200,1.389,1.403,1.275,1.35,2435.38852676,61
1708473600,1.354,1.354,1.234,1.294,1452.21959714,65
1708560000,1.293,1.502,1.289,1.405,5077.28268416,90
1708646400,1.464,1.465,1.379,1.438,1019.85015368,38
1708732800,1.461,1.491,1.461,1.486,673.19085719,35
1708819200,1.479,1.615,1.478,1.615,1642.06561056,52
1708905600,1.587,2.038,1.581,1.816,25591.33341328,587
1708992000,1.852,1.89,1.758,1.79,22258.6924246,171
1709078400,1.808,2.131,1.606,1.807,9571.0963662,207
1709164800,1.811,1.997,1.759,1.884,2486.8659189,115
1709251200,1.796,1.938,1.796,1.938,2917.38198982,71
1709337600,1.939,2.035,1.898,2.019,12850.54591972,197
1709424000,2.0,2.058,1.794,1.997,5180.17373546,127
1709510400,1.964,2.156,1.964,2.017,6649.04160343,129
1709596800,1.994,2.233,1.661,1.814,10903.43352011,167
1709683200,1.794,1.96,1.772,1.944,8562.34547336,166
1709769600,1.979,2.045,1.965,2.031,1193.58586802,37
1709856000,2.067,2.067,1.9,1.957,2196.67077706,57
1709942400,1.958,2.424,1.958,2.277,14891.67773095,319
1710028800,2.318,2.452,2.181,2.319,10568.71482283,320
1710115200,2.375,2.393,2.102,2.291,5348.72718811,211
1710201600,2.291,2.303,2.095,2.236,5059.58891854,165
1710288000,2.224,2.98,2.216,2.288,6052.62061289,108
1710374400,2.273,2.273,2.048,2.217,7305.33471233,119
1710460800,2.193,2.193,1.893,2.114,5328.31475061,155
1710547200,2.175,2.251,1.883,1.883,21205.0892619,173
1710633600,1.903,2.073,1.836,2.061,4697.66151204,107
1710720000,2.007,2.059,1.859,1.943,1970.60472253,88
1710806400,1.867,1.884,1.604,1.628,11661.87347643,269
1710892800,1.668,1.859,1.579,1.841,5413.54379079,122
1710979200,1.858,1.873,1.805,1.845,2705.23042293,53
1711065600,1.851,1.927,1.76,1.804,5749.00734253,83
1711152000,1.798,1.875,1.798,1.872,1475.41191894,28
1711238400,1.872,1.882,1.809,1.882,2251.11543916,29
1711324800,1.871,1.971,1.871,1.949,4382.87988941,47
1711411200,1.982,2.075,1.945,2.02,8175.06941261,79
1711497600,2.013,2.72,1.887,1.932,21884.69944104,239
1711584000,1.946,1.946,1.901,1.916,1205.85934577,19
1711670400,1.903,1.974,1.86,1.921,3157.87879431,56
1711756800,1.929,1.98,1.867,1.867,685.2680254,20
1711843200,1.93,1.931,1.918,1.918,109.93624453,5
1711929600,1.975,2.035,1.826,1.85,1570.51994575,45
1712016000,1.826,1.826,1.7,1.749,836.80412345,20
1712102400,1.659,1.778,1.659,1.708,228.83601956,21
1712188800,1.745,1.791,1.705,1.761,565.85640683,16
1712275200,1.727,1.754,1.696,1.747,484.14701888,23
1712361600,1.757,1.772,1.757,1.772,20.88717644,3
1712448000,1.828,1.836,1.807,1.807,1500.60162414,13
1712534400,1.809,1.93,1.808,1.93,181.87457217,9
1712620800,1.929,1.932,1.849,1.866,563.96038632,15
1712707200,1.749,1.805,1.732,1.795,321.48334263,17
1712793600,1.822,1.861,1.77,1.77,786.38557244,21
1712880000,1.775,1.795,1.32,1.417,1710.20808802,61
1712966400,1.358,1.592,1.014,1.244,7742.57980863,199
1713052800,1.149,1.292,1.111,1.271,2102.65317825,42
1713139200,1.223,1.315,1.166,1.233,1056.3905592,51
1713225600,1.169,1.242,1.151,1.222,1187.92404707,66
1713312000,1.201,1.213,1.159,1.197,1008.32879398,24
1713398400,1.193,1.32,1.193,1.247,934.9989747,13
1713484800,1.236,1.284,1.151,1.257,1742.40403566,44
1713571200,1.272,1.399,1.219,1.384,3109.24506079,47
1713657600,1.376,1.376,1.365,1.365,724.1401691,10
1713744000,1.391,1.391,1.372,1.374,258.89231744,8
1713830400,1.362,1.362,1.351,1.351,135,11
1713916800,1.4,1.406,1.284,1.312,1273.93078058,43
1714003200,1.273,1.346,1.251,1.306,1618.32761492,46
1714089600,1.27,1.298,1.266,1.278,4062.04791068,44
1714176000,1.234,1.286,1.222,1.286,1005.20845431,34
1714262400,1.286,1.336,1.286,1.313,984.1167726,21
1714348800,1.246,1.299,1.244,1.275,537.50806958,19
1714435200,1.293,1.295,1.16,1.19,1046.03405241,27
1714521600,1.21,1.211,1.102,1.16,2023.04784471,69
1714608000,1.163,1.205,1.144,1.192,154.99008969,8
1714694400,1.202,1.238,1.183,1.237,763.08729149,9
1714780800,1.242,1.251,1.225,1.235,881.03599633,10
1714867200,1.198,1.308,1.197,1.249,953.58433548,35
1714953600,1.253,1.284,1.213,1.218,2092.87484402,37
1715040000,1.202,1.226,1.187,1.203,915.16847944,15
1715126400,1.168,1.234,1.153,1.169,1747.13685351,51
1715212800,1.167,1.208,1.138,1.194,954.99699398,13
1715299200,1.218,1.228,1.162,1.166,2539.66740538,37
1715385600,1.18,1.18,1.103,1.136,1303.61562914,16
1715472000,1.149,1.149,1.117,1.118,577.73705027,8
1715558400,1.103,1.128,1.081,1.094,982.42986139,13
1715644800,1.132,1.132,1.107,1.112,33.26982253,3
1715731200,1.094,1.159,1.088,1.159,1505.80144849,34
1715817600,1.159,1.184,1.159,1.169,1325.54898794,29
1715904000,1.163,1.222,1.161,1.199,2430.43785947,22
1715990400,1.208,1.212,1.179,1.179,552.86047262,18
1716076800,1.189,1.189,1.173,1.173,59.2459256,4
1716163200,1.135,1.249,1.129,1.249,1923.98911772,27
1716249600,1.267,1.293,1.259,1.259,575.92260824,7
1716336000,1.269,1.283,1.26,1.26,392.59048697,8
1716422400,1.286,1.286,1.197,1.214,1343.34929193,15
1716508800,1.245,1.27,1.221,1.27,789.80085855,38
1716595200,1.305,1.336,1.294,1.311,1453.6577272,15
1716681600,1.284,1.286,1.283,1.286,173.66860195,3
1716768000,1.307,1.307,1.307,1.307,3.3E+2,2
1716854400,1.287,1.287,1.274,1.274,9.6757102,4
1716940800,1.311,1.311,1.26,1.26,639.90706409,11
1717027200,1.284,1.311,1.236,1.289,2818.47221423,53
1717113600,1.267,2.065,1.267,1.732,34399.71864448,455
1717200000,1.732,1.76,1.526,1.559,9133.21476753,261
1717286400,1.561,1.656,1.551,1.587,5141.33773841,116
1717372800,1.699,2.89,1.699,2.345,42451.91274782,1111
1717459200,2.345,2.488,2.097,2.159,15699.52461674,291
1717545600,2.161,2.298,2.149,2.195,3391.5009482,95
1717632000,2.19,2.277,2.058,2.084,6087.55413401,143
1717718400,2.084,2.102,1.686,1.861,10704.91781747,212
1717804800,1.868,1.87,1.733,1.733,1347.93407879,45
1717891200,1.708,1.746,1.695,1.716,1312.86091553,50
1717977600,1.688,1.718,1.588,1.588,2778.71383568,73
1718064000,1.584,1.7,1.492,1.527,5347.22295228,119
1718150400,1.513,1.618,1.503,1.534,1668.25564607,61
1718236800,1.48,1.623,1.468,1.471,1292.85847194,49
1718323200,1.476,1.53,1.401,1.527,261.30209842,19
1718409600,1.443,1.522,1.393,1.393,438.12702545,21
1718496000,1.472,1.479,1.401,1.479,362.68382571,11
1718582400,1.467,1.523,1.23,1.299,4674.36308588,132
1718668800,1.163,1.274,1.081,1.188,2622.21862272,91
1718755200,1.188,1.32,1.112,1.159,2260.87472619,65
1718841600,1.298,1.32,1.17,1.18,8674.64023449,121
1718928000,1.183,1.323,1.183,1.193,1253.28886789,59
1719014400,1.189,1.318,1.154,1.154,1732.75270931,39
1719100800,1.156,1.233,1.124,1.189,359.95916999,24
1719187200,1.185,1.185,1.069,1.129,3148.54776326,79
1719273600,1.125,1.322,1.093,1.173,7834.62595957,75
1719360000,1.221,1.222,1.12,1.123,413.77980525,17
1719446400,1.114,1.203,1.112,1.145,1211.28891915,30
1719532800,1.152,1.207,1.093,1.093,517.71197069,17
1719619200,1.087,1.15,1.057,1.057,761.93672344,32
1719705600,1.079,1.079,1.079,1.079,5.09956,1
1719792000,1.121,1.151,1.079,1.108,16513.66319858,119
1719878400,1.101,1.137,1.095,1.102,1184.64188343,30
1719964800,1.084,1.254,1.059,1.059,824.87122205,26
1720051200,1.057,1.057,0.925,0.925,931.91175951,34
1720137600,0.868,0.957,0.801,0.939,5434.71772094,69
1720224000,0.929,1.008,0.911,1.008,204.99850689,7
1720310400,1.011,1.04,0.96,0.96,406.82196236,17
1720396800,0.898,1.034,0.897,0.966,1377.04528393,36
1720483200,0.984,1.007,0.914,0.929,685.34919662,18
1720569600,0.963,0.963,0.963,0.963,41.8303166,2
1720656000,1.031,1.032,0.937,0.937,937.28357196,16
1720742400,0.944,0.945,0.929,0.929,67.10678061,3
1720828800,1.055,1.095,0.934,0.974,1655.27516109,35
1720915200,1.025,1.08,0.938,1.054,3399.80504336,70
1721001600,1.024,1.166,1.023,1.087,3920.2106002,100
1721088000,1.097,1.105,1.047,1.088,850.26619502,27
1721174400,1.125,1.53,1.119,1.458,8265.85580901,98
1721260800,1.353,1.68,1.337,1.338,23438.95963125,275
1721347200,1.347,1.404,1.278,1.371,6568.30234416,72
1721433600,1.352,1.353,1.281,1.281,3616.23773271,25
1721520000,1.335,1.335,1.225,1.292,5986.99590638,40
1721606400,1.225,1.251,1.203,1.203,1663.49675986,34
1721692800,1.192,1.23,1.166,1.175,13469.76882277,51
1721779200,1.173,1.2,1.134,1.134,564.04633926,20
1721865600,1.127,1.127,0.968,1.093,8777.11491121,102
1721952000,1.114,1.13,1.062,1.13,7677.47021887,62
1722038400,1.127,1.127,1.127,1.127,11.58533,1
1722124800,1.13,1.131,1.045,1.11,10847.51107763,111
1722211200,1.112,1.181,0.984,1.14,10603.41576761,110
1722297600,1.123,1.136,1.087,1.095,1280.67002231,19
1722384000,1.109,1.144,1.109,1.135,667.16182016,9
1722470400,1.107,1.119,0.976,1.077,24333.31736618,126
1722556800,1.069,1.069,0.968,1.0,15903.0700233,107
1722643200,0.979,0.988,0.897,0.897,4821.04942423,26
1722729600,0.93,0.93,0.86,0.903,345.29776053,8
1722816000,0.85,0.85,0.712,0.821,14557.03833571,111
1722902400,0.857,0.866,0.825,0.86,5077.80028175,41
1722988800,0.851,0.877,0.824,0.829,27646.96665513,269
1723075200,0.847,0.885,0.847,0.885,3151.18497279,31
1723161600,0.903,0.915,0.72,0.895,10419.11680898,42
1723248000,0.919,0.926,0.874,0.92,10783.3130554,89
1723334400,0.925,0.931,0.855,0.855,3283.5857019,20
1723420800,0.878,0.921,0.847,0.906,12262.82527156,98
1723507200,0.916,0.927,0.86,0.912,3488.53300004,50
1723593600,0.913,0.923,0.873,0.908,4449.13002049,24
1723680000,0.911,0.915,0.837,0.844,14828.49758981,71
1723766400,0.876,0.887,0.814,0.877,7974.97076424,48
1723852800,0.874,0.925,0.874,0.904,3084.28265078,25
1723939200,0.903,1.249,0.903,1.029,51874.32680041,327
1724025600,1.002,1.145,0.996,1.028,9202.40210832,89
1724112000,1.051,1.212,1.047,1.151,3387.71814578,28
1724198400,1.122,1.153,1.077,1.149,2814.03071541,31
1724284800,1.148,1.16,1.075,1.148,3215.56975212,37
1724371200,1.19,1.226,1.142,1.225,5283.78491357,34
1724457600,1.197,1.235,1.14,1.193,5197.66294653,53
1724544000,1.185,1.19,1.145,1.171,1364.64662888,32
1724630400,1.15,1.16,1.095,1.095,1261.06122354,23
1724716800,1.107,1.123,1.018,1.018,1467.66923655,25
1724803200,1.028,1.034,0.982,1.0,1192.28908106,29
1724889600,1.019,1.049,1.011,1.011,1024.22123955,20
1724976000,0.985,1.0,0.947,1.0,1571.24589655,41
1725062400,1.003,1.009,0.962,0.966,925.20493829,12
1725148800,0.957,0.957,0.917,0.917,1713.19625601,32
1725235200,0.924,0.98,0.924,0.973,2081.29426918,10
1725321600,0.976,0.981,0.915,0.928,620.3272276,13
1725408000,0.927,0.952,0.878,0.951,8892.06299927,71
1725494400,0.952,1.04,0.918,0.918,2579.52261124,28
1725580800,0.923,0.923,0.892,0.892,1211.99930352,15
1725667200,0.948,0.989,0.948,0.989,975.30483,11
1725753600,0.997,1.002,0.943,0.947,2090.23146831,17
1725840000,0.967,0.999,0.914,0.999,9839.43005409,114
1725926400,0.979,1.007,0.955,1.0,3786.54532925,65
1726012800,1.002,1.002,0.93,0.986,7583.80155557,100
1726099200,0.964,1.004,0.921,0.99,2968.28174989,56
1726185600,0.993,1.041,0.947,1.041,3338.06353467,37
1726272000,1.03,1.03,1.001,1.001,1186.83656614,16
1726358400,1.006,1.016,0.96,0.96,2696.44968764,33
1726444800,0.965,0.965,0.916,0.918,937.73457945,15
1726531200,0.937,0.975,0.895,0.965,30299.70615492,515
1726617600,0.954,0.985,0.937,0.985,1491.81701198,28
1726704000,1.023,1.073,1.003,1.062,5750.71296944,42
1726790400,1.082,1.106,1.052,1.071,2543.48616824,16
1726876800,1.079,1.187,1.022,1.131,38188.62492688,308
1726963200,1.122,1.132,1.097,1.116,521.37064617,10
1727049600,1.111,1.148,1.11,1.126,1292.30766459,33
1727136000,1.111,1.133,1.101,1.125,279.06407076,11
1727222400,1.144,1.153,1.113,1.113,73.93807731,7
1727308800,1.12,1.159,1.119,1.144,657.04405251,12
1727395200,1.17,1.188,1.168,1.185,1357.89248746,17
1727481600,1.205,1.205,1.136,1.142,247.33215612,3
1727568000,1.144,1.194,1.133,1.194,1205.82590823,6
1727654400,1.198,1.198,1.12,1.12,774.84931909,8
1727740800,1.102,1.139,0.979,0.979,4173.54366753,171
1727827200,0.99,0.993,0.911,0.928,2145.96295832,20
1727913600,0.904,0.934,0.904,0.924,757.66999289,15
1728000000,0.932,0.955,0.931,0.955,1784.49519311,19
1728086400,0.96,0.966,0.96,0.966,1400.65104857,19
1728172800,0.959,0.991,0.959,0.991,1409.63674917,13
1728259200,1.027,1.027,0.967,1.013,2162.53364289,15
1728345600,1.008,1.013,0.991,0.999,810.8097782,10
1728432000,0.966,0.966,0.965,0.965,15.6184,2
1728518400,0.964,0.964,0.939,0.959,912.02751159,5
1728604800,0.994,0.994,0.994,0.994,851.97018104,3
1728691200,1.046,1.046,1.034,1.044,199.0435991,5
1728777600,1.05,1.05,1.005,1.029,413.40085545,20
1728864000,1.083,1.113,1.07,1.113,133.65252437,3
1728950400,1.124,1.124,1.067,1.088,637.47235012,21
1729036800,1.089,1.089,1.049,1.07,1307.70312353,15
1729123200,1.029,1.049,1.027,1.049,501.20241333,8
1729209600,1.037,1.145,1.037,1.145,15144.24319562,52
1729296000,1.148,1.158,1.079,1.136,1146.13244953,20
1729382400,1.127,1.419,1.127,1.232,3531.81217452,65
1729468800,1.236,1.236,1.202,1.202,546.12762441,12
1729555200,1.184,1.245,1.161,1.245,1004.70905461,10
1729641600,1.242,1.242,1.109,1.109,1228.83175883,22
1729728000,1.14,1.174,1.124,1.134,1332.4976502,22
1729814400,1.111,1.121,0.884,1.008,5226.83946491,85
1729900800,1.0,1.041,0.99,1.0,455.23423256,14
1729987200,1.019,1.042,1.002,1.042,92.52448191,12
1730073600,1.028,1.043,1.001,1.039,3573.75839255,46
1730160000,1.081,1.114,1.081,1.105,1497.19213391,29
1730246400,1.114,1.124,1.056,1.121,837.92919474,41
1730332800,1.094,1.094,1.035,1.044,1137.48148519,27
1730419200,1.008,1.008,1.004,1.006,271.10969153,6
1730505600,1.014,1.014,1.0,1.0,691.88493916,3
1730592000,0.952,0.958,0.898,0.911,1666.5159759,34
1730678400,0.926,0.926,0.88,0.88,1272.31649621,20
1730764800,0.912,1.032,0.912,0.941,2285.54554273,21
1730851200,0.959,1.066,0.959,1.066,1445.45238298,33
1730937600,1.074,1.087,1.046,1.068,4329.94888288,40
1731024000,1.06,1.078,1.052,1.075,1178.48018738,30
1731110400,1.106,1.129,1.096,1.127,1423.73553169,28
1731196800,1.132,1.195,1.099,1.158,2162.01378861,50
1731283200,1.159,1.248,1.144,1.236,3631.7226578,85
1731369600,1.228,1.262,1.005,1.151,6776.87218225,117
1731456000,1.127,1.15,1.049,1.093,4174.38419902,76
1731542400,1.128,1.134,1.062,1.062,989.35223901,20
1731628800,1.06,1.154,1.049,1.154,3336.92985673,36
1731715200,1.155,1.312,1.155,1.312,1306.48907421,31
1731801600,1.305,1.305,1.234,1.234,1660.82473077,25
1731888000,1.27,1.562,1.247,1.3,21936.06654654,206
1731974400,1.29,1.332,1.21,1.215,232.08360592,20
1732060800,1.205,1.452,1.141,1.18,7909.57907129,119
1732147200,1.171,1.248,1.144,1.228,2697.81392187,67
1732233600,1.23,1.281,1.17,1.281,7664.71772372,95
1732320000,1.293,1.426,1.278,1.363,5248.71732163,79
1732406400,1.369,1.594,1.33,1.452,14229.75065082,213
1732492800,1.493,1.609,1.377,1.392,13331.47606769,116
1732579200,1.4,1.45,1.299,1.363,3138.93540552,75
1732665600,1.37,1.472,1.37,1.456,2441.32914854,37
1732752000,1.467,1.509,1.423,1.502,3338.20158492,102
1732838400,1.446,1.609,1.446,1.497,1150.9204055,26
1732924800,1.52,1.65,1.498,1.591,2512.50289719,100
1733011200,1.572,1.679,1.552,1.582,8108.06924826,152
1733097600,1.58,1.687,1.466,1.686,5054.79846139,131
1733184000,1.646,1.8,1.6,1.8,6553.92822062,141
1733270400,1.763,1.917,1.724,1.789,5295.45397466,118
1733356800,1.822,1.845,1.724,1.792,1199.38132266,80
1733443200,1.812,1.876,1.661,1.866,4413.875051,118
1733529600,1.892,1.959,1.8,1.832,1566.88337269,18
1733616000,1.847,1.907,1.83,1.86,2383.24729364,41
1733702400,1.856,1.871,1.28,1.468,11292.06992588,164
1733788800,1.459,1.469,1.319,1.41,10555.91753062,142
1733875200,1.387,1.621,1.371,1.576,3476.25483583,122
1733961600,1.592,1.699,1.588,1.603,690.50080549,34
1734048000,1.586,1.622,1.576,1.603,1593.64419144,69
1734134400,1.6,1.6,1.491,1.491,647.48408813,24
1734220800,1.51,1.575,1.469,1.56,1437.74486388,33
1734307200,1.597,1.621,1.468,1.542,1296.95819314,39
1734393600,1.483,1.485,1.42,1.436,1833.09859675,48
1734480000,1.362,1.411,1.233,1.237,1758.5785408,52
1734566400,1.242,1.249,1.067,1.067,1987.62916583,96
1734652800,1.134,1.17,0.97,1.17,8647.00539565,150
1734739200,1.172,1.223,1.093,1.093,846.04778842,70
1734825600,1.113,1.132,1.083,1.097,1201.0553094,49
1734912000,1.078,1.193,1.078,1.193,1146.53616578,24
1734998400,1.18,1.252,1.18,1.239,516.0586096,7
1735084800,1.208,1.208,1.196,1.196,419.79056641,7
1735171200,1.196,1.196,1.105,1.164,1134.85193075,16
1735257600,1.155,1.182,1.117,1.121,942.96629551,21
1735344000,1.156,1.203,1.148,1.203,283.9551,7
1735430400,1.198,1.2,1.18,1.18,1204,6
1735516800,1.16,1.189,1.11,1.172,1522.73990811,34
1735603200,1.131,1.154,1.12,1.12,756.19402009,18
1735689600,1.088,1.149,1.084,1.149,158.82596471,5
1735776000,1.162,1.192,1.162,1.167,503.26812693,10
1735862400,1.164,1.254,1.164,1.254,1015.33992496,18
1735948800,1.26,1.283,1.258,1.283,638.05699961,10
1736035200,1.276,1.276,1.254,1.254,1058.48341,18
1736121600,1.296,1.327,1.271,1.293,671.330904,24
1736208000,1.302,1.357,1.158,1.168,4745.18303893,99
1736294400,1.119,1.206,1.074,1.15,4460.79700192,63
1736380800,1.149,1.149,1.083,1.094,505.08637334,43
1736467200,1.099,1.12,1.089,1.116,3367.53224348,53
1736553600,1.105,1.12,1.099,1.12,2258.8695264,23
1736640000,1.088,1.106,1.087,1.09,1317.00397715,53
1736726400,1.084,1.084,0.979,1.047,2528.51974836,102
1736812800,1.04,1.108,1.04,1.108,1093.26714172,39
1736899200,1.108,1.169,1.106,1.164,1344.63763308,50
1736985600,1.154,1.191,1.148,1.157,840.56133363,42
1737072000,1.17,1.272,1.17,1.254,2977.32201774,134
1737158400,1.258,1.259,1.129,1.139,1782.88044356,41
1737244800,1.177,1.177,1.033,1.033,6035.56891147,106
1737331200,1.031,1.133,1.015,1.055,5897.81506108,110
1737417600,1.039,1.092,0.994,1.085,1710.14757016,62
1737504000,1.067,1.068,1.036,1.036,23.15978533,3
1737590400,1.023,1.04,0.997,1.021,528.91858662,18
1737676800,1.037,1.044,1.034,1.034,232.72550683,7
1737763200,0.998,1.007,0.989,1.007,614.65542222,30
1737849600,1.021,1.021,1.008,1.008,57.6359778,3
1737936000,0.971,0.971,0.88,0.95,4271.0812126,91
1738022400,0.946,0.948,0.869,0.87,1870.54841305,27
1738108800,0.899,0.94,0.89,0.924,2262.36911842,42
1738195200,0.915,0.974,0.888,0.974,5523.14567037,56
1738281600,0.939,0.979,0.939,0.96,1107.72216065,17
1738368000,0.968,1.254,0.893,0.893,5782.86408652,97
1738454400,0.95,0.951,0.779,0.78,731.0245371,15
1738540800,0.741,0.782,0.557,0.738,2254.90692155,51
1738627200,0.75,0.76,0.664,0.709,4897.39248016,74
1738713600,0.695,0.714,0.695,0.71,2073.39414127,30
1738800000,0.692,0.716,0.647,0.647,5583.21966031,58
1738886400,0.707,0.902,0.652,0.66,25765.56623237,164
1738972800,0.668,0.713,0.668,0.713,1583.84036772,19
1739059200,0.711,0.74,0.669,0.672,1036.62770922,18
1739145600,0.7,0.739,0.663,0.724,3801.24302183,35
1739232000,0.752,0.762,0.711,0.732,1136.99842419,22
1739318400,0.731,0.795,0.711,0.795,1597.90742801,35
1739404800,0.797,0.804,0.742,0.766,2464.34425705,63
1739491200,0.777,0.777,0.736,0.777,1009.57751402,8
1739577600,0.775,0.784,0.753,0.753,546.64473986,7
1739664000,0.753,0.765,0.743,0.743,22.4,5
1739750400,0.765,0.789,0.75,0.75,1064.51022231,20
1739836800,0.743,0.744,0.668,0.705,3750.5273985,48
1739923200,0.695,0.724,0.695,0.699,804.04251773,20
1740009600,0.711,0.739,0.711,0.739,2270.76609155,15
1740096000,0.734,0.773,0.73,0.73,159.71735591,9
1740182400,0.709,0.754,0.702,0.754,1107.65084215,22
1740268800,0.749,0.771,0.722,0.771,440.04026052,19
1740355200,0.701,0.736,0.618,0.618,2049.73479327,28
1740441600,0.59,0.647,0.59,0.625,1815.84768219,30
1740528000,0.651,0.727,0.613,0.652,8137.30923286,81
1740614400,0.669,0.67,0.641,0.646,1800.64943165,20
1740700800,0.649,0.68,0.595,0.649,4815.12017035,44
1740787200,0.646,0.651,0.62,0.627,555.10849252,8
1740873600,0.636,0.739,0.632,0.714,2419.50843458,49
1740960000,0.716,0.723,0.613,0.613,1746.75783374,28
1741046400,0.589,0.595,0.522,0.563,3765.11679865,60
1741132800,0.581,0.649,0.575,0.595,4240.93451752,43
1741219200,0.597,0.597,0.57,0.592,2239.67873793,20
1741305600,0.569,0.605,0.568,0.574,375.69935859,16
1741392000,0.577,0.589,0.563,0.563,429.55260802,5
1741478400,0.564,0.564,0.503,0.505,3474.43588709,38
1741564800,0.505,0.531,0.461,0.492,20400.95586376,115
1741651200,0.469,0.52,0.442,0.52,6228.79679148,72
1741737600,0.495,0.525,0.492,0.525,3397.24913082,34
1741824000,0.525,0.533,0.517,0.52,1050.66440638,20
1741910400,0.532,0.549,0.526,0.549,1858.07275105,18
1741996800,0.563,0.564,0.546,0.554,424.49525607,6
1742083200,0.539,0.541,0.529,0.529,677.20207913,3
1742169600,0.543,0.557,0.539,0.555,541.71308221,10
1742256000,0.522,0.566,0.52,0.539,2211.40407769,26
1742342400,0.54,0.56,0.54,0.56,608.6891141,9
1742515200,0.53,0.533,0.515,0.52,1212.22380569,16
1742601600,0.525,0.525,0.523,0.523,491.10307792,2
1742688000,0.535,0.538,0.516,0.516,918.97346566,12
1742774400,0.538,0.554,0.538,0.542,1074.29642573,23
1742860800,0.55,0.564,0.55,0.564,246.01564545,6
1742947200,0.559,0.559,0.509,0.531,1100.46282904,17
1743033600,0.531,0.541,0.514,0.521,7749.0346111,97
1743120000,0.5,0.5,0.476,0.478,2656.20808018,23
1743206400,0.471,0.471,0.44,0.441,2364.06538888,21
1743292800,0.446,0.467,0.446,0.45,1780.07613381,16
1743379200,0.433,0.466,0.432,0.449,3493.0084147,32
