1628553600,8.264,10.017,7.81,8.6,6736.00529048,179
1628640000,8.6,9.599,7.25,8.19,15178.03409883,231
1628726400,8.35,8.35,7.524,7.814,5745.04601446,84
1628812800,7.907,8.347,7.811,8.301,7407.22616819,91
1628899200,8.28,8.446,8.0,8.18,4812.60527626,53
1628985600,8.05,8.26,7.8,8.18,2263.15291327,52
1629072000,8.251,8.98,8.16,8.488,2988.75450778,113
1629158400,8.381,9.098,7.68,7.84,3522.73724817,122
1629244800,7.85,8.04,7.44,7.77,9317.86232422,120
1629331200,7.745,8.111,7.48,8.11,2447.91285545,25
1629417600,8.2,8.69,8.114,8.49,1451.38654201,31
1629504000,8.65,9.34,8.57,8.896,5365.44147211,118
1629590400,9.009,10.39,8.82,10.013,6270.1339809,161
1629676800,9.819,10.052,9.63,9.82,9876.88973687,79
1629763200,9.79,10.194,8.83,9.039,7140.75496355,60
1629849600,8.987,9.45,8.66,9.401,3048.40199026,43
1629936000,9.438,9.61,8.45,8.493,2661.01459753,63
1630022400,8.409,8.91,8.16,8.91,1371.57704439,54
1630108800,9.1,9.143,8.91,9.061,591.63688451,14
1630195200,8.921,9.525,8.921,9.32,21407.32938813,64
1630281600,9.031,9.184,8.771,9.003,4997.59942751,42
1630368000,8.76,9.65,8.76,9.17,3955.36231301,71
1630454400,9.12,10.0,9.12,9.859,9475.68177311,96
1630540800,9.75,10.461,9.714,9.714,3589.04260972,68
1630627200,9.618,10.63,9.522,10.425,7092.99664856,90
1630713600,10.53,10.91,10.4,10.59,11607.26083104,60
1630800000,10.65,10.71,10.5,10.5,3323.83145603,31
1630886400,10.64,11.41,9.816,10.85,14725.47068636,288
1630972800,10.796,11.263,6.973,8.43,18709.85436259,386
1631059200,8.31,8.62,7.609,8.53,10690.18232743,174
1631145600,8.27,9.35,8.27,8.939,8337.8382735,284
1631232000,9.05,9.441,8.23,8.23,11449.31616324,130
1631318400,8.52,9.03,8.42,8.91,2537.94918572,38
1631404800,8.6,9.45,8.358,9.312,2906.46135222,87
1631491200,8.76,8.787,8.08,8.76,5220.95846878,113
1631577600,8.92,9.332,8.81,9.272,3165.00256213,137
1631664000,9.301,10.113,9.296,9.651,6560.28210456,231
1631750400,9.635,10.186,9.461,9.747,10494.69964251,113
1631836800,9.705,9.705,8.965,8.97,1953.77405213,69
1631923200,8.94,9.445,8.917,9.25,6365.6361841,41
1632009600,9.241,9.263,8.852,8.852,1215.0974012,22
1632096000,8.52,8.52,7.419,7.536,12017.71085842,132
1632182400,7.461,7.854,6.793,6.931,6143.86207696,268
1632268800,6.999,7.822,6.823,7.809,2395.71989975,136
1632355200,7.64,8.049,7.564,8.049,1506.44843333,51
1632441600,8.058,8.26,7.05,7.337,4302.20479581,92
1632528000,7.425,7.548,7.308,7.424,1276.16118319,24
1632614400,7.444,7.519,6.881,7.519,1529.66086546,13
1632700800,7.576,7.731,7.07,7.07,1169.34376329,27
1632787200,7.155,7.227,6.826,6.967,1457.87051072,32
1632873600,7.083,7.227,6.852,6.852,680.81340887,10
1632960000,7.186,7.286,7.059,7.273,555.61389217,10
1633046400,7.193,8.055,7.193,8.055,1488.59154733,36
1633132800,8.052,8.596,7.991,8.21,4059.74406372,52
1633219200,8.214,8.677,8.094,8.279,2405.0689368,51
1633305600,8.269,8.353,7.839,8.234,1599.70535425,28
1633392000,8.199,8.658,8.196,8.454,1820.34356488,28
1633478400,8.318,8.485,7.9,8.25,11972.21434048,40
1633564800,8.236,8.59,8.199,8.379,3709.86800037,31
1633651200,8.492,9.017,8.223,8.223,4638.65138473,66
1633737600,8.288,8.427,8.238,8.293,3370.47722742,29
1633824000,8.087,8.324,7.733,7.733,928.98563159,16
1633910400,7.682,7.974,7.529,7.661,772.94125228,20
1633996800,7.48,7.557,7.11,7.465,1297.13054508,24
1634083200,7.617,7.737,7.359,7.695,2070.90932472,21
1634169600,7.803,8.228,7.803,8.073,6027.47669999,36
1634256000,8.069,8.583,7.847,8.273,5850.89268709,44
1634342400,8.257,9.058,8.257,8.564,6885.97998917,87
1634428800,8.647,8.76,8.166,8.368,3109.53702387,31
1634515200,8.365,8.609,8.212,8.374,2555.66859705,49
1634601600,8.374,8.562,8.314,8.413,1665.16195507,34
1634688000,8.558,9.033,8.53,8.785,4194.21794287,68
1634774400,8.791,9.08,8.468,8.706,8899.86627213,79
1634860800,8.685,9.185,8.685,8.799,3922.42354986,48
1634947200,8.931,9.085,8.771,9.085,1244.90187038,27
1635033600,9.025,9.198,8.515,8.706,2372.6738347,27
1635120000,8.795,9.073,8.795,9.025,8067.79353669,45
1635206400,9.101,9.981,9.019,9.525,12757.96898971,109
1635292800,9.651,9.992,8.484,8.614,7098.66459091,87
1635379200,8.446,8.849,8.229,8.229,3215.2118498,41
1635465600,8.166,8.634,8.166,8.519,3013.04899317,45
1635552000,8.501,8.658,8.285,8.5,11190.28913073,29
1635638400,8.735,9.905,8.735,9.886,24854.2023491,122
1635724800,9.784,10.283,9.162,9.754,9191.548658,86
1635811200,9.652,10.004,9.611,9.64,2484.7448162,40
1635897600,9.495,10.593,9.453,10.311,3628.97057498,67
1635984000,10.375,10.494,9.596,9.827,11304.69195248,50
1636070400,9.701,10.114,9.506,9.506,1968.08651902,28
1636156800,9.524,9.524,9.012,9.296,708.86130361,23
1636243200,9.29,9.366,9.236,9.236,3561.5767717,19
1636329600,9.255,9.714,9.255,9.689,4138.97816566,40
1636416000,9.887,10.065,9.25,9.335,2325.05750631,40
1636502400,9.161,10.448,8.377,8.614,14764.3979248,150
1636588800,8.583,9.11,8.523,8.867,1996.21389029,53
1636675200,8.774,9.003,8.253,8.567,1615.08692061,41
1636761600,8.579,8.912,8.529,8.777,6282.96758241,36
1636848000,8.913,9.084,8.603,8.766,7723.41759462,56
1636934400,8.808,9.167,8.626,8.659,4762.20783972,52
1637020800,8.42,8.42,7.236,7.912,9617.74014602,98
1637107200,7.849,7.87,7.5,7.698,7891.3644047,45
1637193600,7.763,8.809,7.0,7.165,2131.72218174,41
1637280000,7.222,7.844,7.083,7.652,4427.65264573,26
1637366400,7.718,8.129,7.6,7.992,1068.48694259,35
1637452800,7.903,7.903,7.517,7.652,5561.01296529,38
1637539200,7.591,7.591,7.072,7.193,1409.48113462,45
1637625600,7.186,7.63,7.065,7.53,1676.21278899,45
1637712000,7.477,7.477,7.028,7.158,657.47657734,14
1637798400,7.228,7.631,7.228,7.601,943.54214476,23
1637884800,7.625,7.92,6.626,7.251,15593.60570203,170
1637971200,7.577,9.431,7.577,8.376,31273.92940629,315
1638057600,8.582,8.582,7.772,8.08,23753.79616113,98
1638144000,8.092,8.297,7.792,7.878,6568.39999446,49
1638230400,7.908,8.204,7.533,7.754,7304.21483482,65
1638316800,7.772,8.08,7.614,7.614,453.73661632,25
1638403200,7.57,8.5,7.551,8.249,12928.63116501,93
1638489600,8.372,8.5,7.253,7.578,9537.668187,84
1638576000,7.365,7.365,4.852,6.151,42649.3049379,314
1638662400,6.298,6.298,5.506,5.72,3868.57469418,51
1638748800,5.531,6.123,5.2,5.974,4450.45321608,46
1638835200,6.005,6.096,5.85,5.85,544.6990187,21
1638921600,5.882,6.18,5.732,6.11,1833.03523781,27
1639008000,5.955,6.027,5.532,5.532,1282.05405693,15
1639094400,5.499,5.573,5.069,5.071,1814.62604205,55
1639180800,5.025,5.31,5.01,5.31,2490.80547407,50
1639267200,5.319,5.433,5.257,5.404,645.11755843,13
1639353600,5.272,5.272,4.75,4.819,1687.48074443,20
1639440000,4.734,5.121,4.653,5.011,943.70295659,31
1639526400,5.188,5.188,4.692,5.11,2070.76381186,27
1639612800,5.13,5.3,5.01,5.01,677.8450911,32
1639699200,4.982,5.262,4.887,4.936,825.67733869,32
1639785600,4.998,5.356,4.998,5.199,514.84218869,24
1639872000,5.15,5.35,5.124,5.124,1096.6739153,20
1639958400,5.21,5.307,4.876,5.021,1126.22024454,19
1640044800,5.073,5.412,5.073,5.294,1742.245455,26
1640131200,5.295,5.555,5.284,5.36,5567.89683815,32
1640217600,5.431,5.72,5.106,5.683,3122.02779437,33
1640304000,5.715,5.809,5.67,5.698,8039.50581371,23
1640390400,5.703,5.806,5.682,5.771,1016.96846312,10
1640476800,5.716,5.893,5.544,5.834,1374.07754381,29
1640563200,5.88,6.199,5.88,5.923,2242.7063271,59
1640649600,5.834,5.861,5.352,5.404,6598.8434618,42
1640736000,5.436,5.436,5.138,5.138,15143.48271776,26
1640822400,5.0,5.21,5.0,5.1,2906.16054257,26
1640908800,5.077,5.349,4.869,4.996,16464.7345177,37
1640995200,5.062,5.129,5.025,5.129,1297.8056805,14
1641081600,5.158,5.318,5.158,5.24,5426.08278833,25
1641168000,5.266,5.568,5.233,5.568,902.45879234,36
1641254400,5.56,6.11,5.484,5.712,11835.75738364,135
1641340800,5.752,6.973,5.698,6.285,36521.4331615,328
1641427200,6.229,6.229,5.666,5.821,20686.78550108,114
1641513600,5.73,5.73,5.106,5.264,4781.38990135,94
1641600000,5.382,5.52,4.778,4.952,11063.63756082,60
1641686400,4.9,5.518,4.899,5.336,2442.61488138,45
1641772800,5.297,5.36,4.815,5.043,3591.88118352,40
1641859200,5.066,5.183,4.954,5.131,2501.90285176,19
1641945600,5.288,5.769,5.241,5.659,55996.07145199,87
1642032000,5.571,6.098,5.571,5.873,16330.2146291,93
1642118400,5.93,6.0,5.563,5.695,6768.18956079,47
1642204800,5.67,5.74,5.63,5.68,159.05880989,9
1642291200,5.708,5.861,5.642,5.802,2297.32384022,16
1642377600,5.654,5.673,5.229,5.229,1582.7975206,27
1642464000,5.307,5.343,4.968,5.098,2889.57245783,29
1642550400,4.943,5.056,4.858,4.941,576.66672754,13
1642636800,4.927,5.195,4.7,4.7,7819.92987333,22
1642723200,4.64,4.673,3.846,3.949,13948.91953849,67
1642809600,3.97,4.126,3.238,3.476,8253.36100366,108
1642896000,3.58,3.712,3.425,3.605,1761.68939944,23
1642982400,3.561,3.561,3.0,3.339,8660.40215494,60
1643068800,3.353,3.789,3.296,3.489,17938.228579,54
1643155200,3.505,3.7,3.385,3.431,10271.14956323,35
1643241600,3.308,3.51,3.29,3.356,7878.04141169,22
1643328000,3.443,3.468,3.351,3.453,1492.26970249,23
1643414400,3.507,3.573,3.5,3.525,1559.10132138,31
1643500800,3.5,3.578,3.423,3.476,382.53884875,12
1643587200,3.399,3.465,3.228,3.462,4740.83073401,37
1643673600,3.495,3.613,3.495,3.553,353.28287182,33
1643760000,3.492,3.556,3.348,3.356,535.27827244,22
1643846400,3.369,3.387,3.312,3.387,1189.79444581,12
1643932800,3.368,3.794,3.368,3.789,1140.8493424,35
1644019200,3.825,4.036,3.809,3.809,8926.31705626,22
1644105600,3.995,4.028,3.788,3.856,984.36936829,17
1644192000,3.995,4.125,3.941,4.042,1322.8227066,26
1644278400,4.109,4.2,3.843,3.967,8063.77194738,36
1644364800,3.983,4.178,3.912,4.171,7524.6566064,24
1644451200,4.141,4.161,3.954,3.987,94.41135737,10
1644537600,3.804,4.462,3.804,4.251,13571.27723507,122
1644624000,4.297,6.92,4.063,4.288,85036.6280891699,975
1644710400,4.405,4.405,4.034,4.08,3717.56918613,84
1644796800,4.061,4.64,4.06,4.216,11252.09411093,235
1644883200,4.18,4.682,4.18,4.623,8509.50178983,136
1644969600,4.621,4.857,4.41,4.829,2991.3960353,62
1645056000,4.877,5.337,4.414,4.415,12662.57455093,195
1645142400,4.406,4.834,4.406,4.76,4994.77573903,89
1645228800,4.962,4.996,4.58,4.878,5824.33795318,117
1645315200,4.911,4.964,4.366,4.388,6903.03277687,82
1645401600,4.389,4.59,3.788,3.788,8730.96967269,120
1645488000,3.8,3.92,3.684,3.801,10327.39718803,72
1645574400,3.878,3.963,3.714,3.714,2820.81356659,28
1645660800,3.665,3.665,3.115,3.539,6660.24160886,114
1645747200,3.583,3.688,3.464,3.678,2071.3737165,53
1645833600,3.743,3.775,3.581,3.598,1803.25193725,34
1645920000,3.59,3.7,3.434,3.468,43885.6694943,193
1646006400,3.413,3.939,3.413,3.939,13315.77837595,42
1646092800,3.983,4.329,3.0,4.203,10996.62088507,229
1646179200,4.215,4.215,3.951,4.014,53855.88290829,358
1646265600,4.004,4.24,3.867,3.964,86844.88935081,613
1646352000,3.95,4.077,3.687,3.721,49678.05896632,326
1646438400,3.72,3.88,3.585,3.829,107049.14599272,560
1646524800,3.837,3.999,3.7,3.712,93256.9351121599,510
1646611200,3.7,3.823,3.452,3.511,149093.0439386601,789
1646697600,3.475,3.599,3.438,3.457,60552.89026579,407
1646784000,3.476,3.795,3.476,3.731,97764.69431433,477
1646870400,3.722,3.793,3.405,3.471,140533.60044751,709
1646956800,3.461,3.554,3.356,3.44,139755.8568561201,742
1647043200,3.446,3.533,3.376,3.378,42418.16705036,261
1647129600,3.394,3.458,3.286,3.303,43980.36288759,228
1647216000,3.306,3.484,3.267,3.354,44812.30137552,246
1647302400,3.365,3.472,3.287,3.441,35880.02491437,175
1647388800,3.448,3.626,3.418,3.594,19919.16322153,157
1647475200,3.633,3.635,3.53,3.53,5898.90360461,60
1647561600,3.512,3.742,3.473,3.742,17750.29169668,162
1647648000,3.743,3.896,3.708,3.797,10673.81645831,136
1647734400,3.816,3.823,3.563,3.591,13102.89771302,118
1647820800,3.591,3.816,3.511,3.742,13743.19375589,112
1647907200,3.711,3.917,3.711,3.809,5442.80672611,52
1647993600,3.817,4.027,3.817,4.027,11723.90843229,81
1648080000,4.03,4.189,3.996,4.127,82123.5096736,353
1648166400,4.143,4.208,3.933,4.035,62516.98830271,335
1648252800,4.023,4.202,3.995,4.202,52622.4936248,276
1648339200,4.191,4.565,4.137,4.565,62123.98713902,350
1648425600,4.574,4.747,4.283,4.325,132657.8399745999,771
1648512000,4.333,4.719,4.333,4.487,108479.45218462,522
1648598400,4.505,5.025,4.34,4.914,132940.87900827,676
1648684800,4.928,5.241,4.69,4.893,137500.57593705,724
1648771200,4.888,5.349,4.648,5.111,66165.2153144,355
1648857600,5.146,5.636,5.146,5.459,15860.95713966,107
1648944000,5.404,5.51,5.34,5.472,7447.00968063,38
1649030400,5.317,5.397,4.942,5.172,8069.72259427,60
1649116800,5.198,5.518,5.02,5.02,17046.73627017,79
1649203200,4.961,5.01,4.321,4.321,24140.22717382,132
1649289600,4.365,4.462,4.298,4.383,5173.0339823,34
1649376000,4.444,4.444,4.033,4.056,4972.77997246,34
1649462400,4.092,4.16,4.05,4.154,11793.66407871,26
1649548800,4.148,4.169,3.952,3.981,6178.82415406,28
1649635200,3.949,3.949,3.542,3.61,18948.66249125,66
1649721600,3.66,3.9,3.635,3.754,9516.95182573,49
1649808000,3.772,3.925,3.737,3.909,2098.29597125,20
1649894400,3.947,3.947,3.72,3.768,1977.90369942,15
1649980800,3.8,3.834,3.72,3.732,11359.51750521,21
1650067200,3.736,3.804,3.679,3.679,3958.75915874,15
1650153600,3.764,3.805,3.559,3.559,1672.46746931,22
1650240000,3.554,3.814,3.451,3.808,11576.27143502,58
1650326400,3.791,3.962,3.791,3.962,3473.73992185,25
1650412800,3.95,4.126,3.863,3.876,5650.82590899,43
1650499200,4.023,4.027,3.587,3.665,5202.43728617,53
1650585600,3.729,3.808,3.701,3.729,7122.60183675,50
1650672000,3.755,3.755,3.637,3.671,5193.93520795,31
1650758400,3.73,3.753,3.574,3.653,2412.01611144,30
1650844800,3.487,3.62,3.354,3.603,15290.2183806,78
1650931200,3.66,3.682,3.246,3.301,8456.49442283,56
1651017600,3.322,3.487,3.31,3.381,8592.0513144,24
1651104000,3.434,3.585,3.412,3.505,4377.90994203,35
1651190400,3.54,3.544,3.2,3.2,7313.54482759,38
1651276800,3.271,3.351,2.793,2.96,13560.18514066,91
1651363200,2.954,3.116,2.914,3.074,13461.48340304,71
1651449600,3.161,3.161,2.899,3.045,3901.6739417,35
1651536000,3.055,3.186,2.91,2.951,23188.29360915,83
1651622400,2.978,3.346,2.978,3.345,9776.8301543,43
1651708800,3.345,3.356,2.841,2.952,17643.51474973,93
1651795200,2.902,2.974,2.821,2.934,13824.22778978,53
1651881600,2.952,2.952,2.721,2.788,5551.51971742,41
1651968000,2.715,2.819,2.681,2.819,6300.16554576,35
1652054400,2.797,2.797,2.189,2.204,25338.63999632,120
1652140800,2.235,2.48,2.109,2.234,30294.65983732,121
1652227200,2.326,2.326,1.674,1.776,159129.77766495,450
1652313600,1.771,1.882,1.251,1.512,104512.00727405,291
1652400000,1.528,1.872,1.516,1.709,31847.46523564,102
1652486400,1.71,1.801,1.544,1.714,11124.49438598,61
1652572800,1.723,1.793,1.657,1.776,12499.577614,53
1652659200,1.753,1.753,1.58,1.586,4895.17929732,32
1652745600,1.655,1.772,1.632,1.772,3888.06947088,32
1652832000,1.773,1.782,1.557,1.584,12666.47954793,41
1652918400,1.607,1.808,1.546,1.784,19415.92225158,77
1653004800,1.727,1.793,1.632,1.67,7990.59070587,38
1653091200,1.695,1.819,1.679,1.747,6853.36775293,35
1653177600,1.761,1.889,1.73,1.864,22563.02957219,53
1653264000,1.844,1.927,1.689,1.694,18867.70914399,55
1653350400,1.715,1.751,1.637,1.7,11778.58209337,35
1653436800,1.76,1.776,1.671,1.707,6205.25862401,23
1653523200,1.724,1.724,1.495,1.536,10030.05654002,49
1653609600,1.538,1.538,1.433,1.439,53514.72479529,94
1653696000,1.493,1.495,1.448,1.471,1013.98165237,11
1653782400,1.494,1.537,1.439,1.537,4973.86632491,22
1653868800,1.546,1.836,1.546,1.808,27283.99143861,70
1653955200,1.827,1.842,1.681,1.816,13927.03424886,60
1654041600,1.785,1.819,1.6,1.619,4633.08794996,29
1654128000,1.613,1.696,1.61,1.696,8554.18179108,20
1654214400,1.667,1.667,1.585,1.61,1078.25678771,10
1654300800,1.598,1.688,1.586,1.652,10198.74658208,37
1654387200,1.661,1.661,1.632,1.634,3402.22284685,10
1654473600,1.712,1.79,1.703,1.716,5962.03061648,22
1654560000,1.725,1.92,1.582,1.736,39576.12185156,150
1654646400,1.72,1.761,1.672,1.672,21079.4724201,64
1654732800,1.67,2.664,1.65,2.022,180950.0236310198,741
1654819200,2.004,2.13,1.844,1.91,134923.9732122,378
1654905600,1.915,2.147,1.748,1.748,86832.58326075,306
1654992000,1.789,1.789,1.431,1.431,88652.77503024,220
1655078400,1.403,1.432,1.219,1.318,31542.67930522,84
1655164800,1.305,1.513,1.217,1.474,59137.5960799,155
1655251200,1.423,4.5,1.256,1.569,80908.17147343,228
1655337600,1.596,1.596,1.342,1.343,42710.78868655,112
1655424000,1.375,1.409,1.349,1.39,9396.10180575,23
1655510400,1.323,1.341,1.195,1.29,47007.08371926,74
1655596800,1.292,1.397,1.242,1.373,16401.85475113,54
1655683200,1.368,1.522,1.335,1.409,25325.83466017,55
1655769600,1.437,1.561,1.43,1.462,17304.47545027,49
1655856000,1.418,1.459,1.365,1.38,17330.27640819,52
1655942400,1.401,1.457,1.368,1.436,12300.53905234,36
1656028800,1.446,1.532,1.436,1.524,14344.33524279,44
1656115200,1.509,1.652,1.484,1.542,16803.27506281,94
1656201600,1.54,1.606,1.437,1.437,84053.56958071,149
1656288000,1.44,1.51,1.413,1.488,14418.75462683,37
1656374400,1.447,1.449,1.373,1.381,16624.68039138,44
1656460800,1.354,1.404,1.336,1.336,4946.97811876,16
1656547200,1.344,1.344,1.226,1.308,11310.85058353,25
1656633600,1.323,1.338,1.248,1.292,16585.53283081,34
1656720000,1.276,1.331,1.248,1.308,22478.52410175,61
1656806400,1.299,1.307,1.262,1.289,4389.90139439,24
1656892800,1.296,1.326,1.259,1.326,2415.96544293,23
1656979200,1.354,1.494,1.289,1.342,14245.18696246,57
1657065600,1.345,1.359,1.344,1.354,5994.88346787,9
1657152000,1.36,1.427,1.357,1.422,12267.95090705,43
1657238400,1.434,1.454,1.36,1.433,3722.08276996,26
1657324800,1.451,1.522,1.439,1.487,5380.2912107,28
1657411200,1.482,1.5,1.406,1.434,13040.0488923,41
1657497600,1.406,1.467,1.326,1.326,17001.62505905,57
1657584000,1.345,1.345,1.241,1.249,10044.03254784,62
1657670400,1.221,1.282,1.19,1.282,21996.82593826,75
1657756800,1.288,1.372,1.288,1.356,19981.65785862,105
1657843200,1.362,1.414,1.319,1.365,27989.35883243,77
1657929600,1.373,1.426,1.332,1.412,7302.18270088,22
1658016000,1.431,1.462,1.391,1.416,20845.8243226,96
1658102400,1.416,1.528,1.416,1.51,72089.36294841,229
1658188800,1.527,1.65,1.484,1.615,65430.54019398,144
1658275200,1.619,1.656,1.486,1.51,36291.40707359,79
1658361600,1.526,1.526,1.44,1.516,11646.39881362,76
1658448000,1.533,1.594,1.476,1.5,14971.57652296,36
1658534400,1.52,1.581,1.493,1.581,17891.76606925,53
1658620800,1.585,1.627,1.566,1.566,12703.73256962,44
1658707200,1.54,1.54,1.398,1.398,23145.88104438,54
1658793600,1.388,1.411,1.35,1.379,16487.97402711,47
1658880000,1.377,1.508,1.377,1.508,32327.76531365,80
1658966400,1.528,2.118,1.479,1.744,31765.59647264,209
1659052800,1.774,1.81,1.641,1.702,19431.62277695,57
1659139200,1.714,1.864,1.684,1.766,22671.11097819,61
1659225600,1.814,1.862,1.669,1.694,29338.29979277,82
1659312000,1.711,1.754,1.646,1.716,34367.35032782,85
1659398400,1.651,1.674,1.578,1.651,14093.69435184,33
1659484800,1.591,1.729,1.591,1.69,17159.10199146,54
1659571200,1.717,1.745,1.68,1.744,14670.17067437,38
1659657600,1.759,1.859,1.759,1.826,28253.1558996,67
1659744000,1.816,1.912,1.811,1.83,30754.25396688,79
1659830400,1.824,1.866,1.808,1.808,5514.61902855,22
1659916800,1.825,1.987,1.815,1.865,32211.72976562,71
1660003200,1.892,1.91,1.723,1.788,20731.71371736,57
1660089600,1.769,1.877,1.751,1.853,8452.30018318,32
1660176000,1.872,1.893,1.762,1.768,31754.6808672,97
1660262400,1.736,1.814,1.736,1.808,24252.29159354,54
1660348800,1.813,1.86,1.807,1.821,14389.65969728,40
1660435200,1.799,1.846,1.682,1.729,36507.77045942,81
1660521600,1.723,1.768,1.688,1.707,12270.99193399,51
1660608000,1.711,1.733,1.671,1.671,12281.12217198,40
1660694400,1.701,1.706,1.56,1.561,21576.90362563,34
1660780800,1.563,1.604,1.44,1.475,21209.13816727,58
1660867200,1.462,1.462,1.303,1.328,28617.90637941,75
1660953600,1.337,1.346,1.26,1.295,5231.81865672,25
1661040000,1.298,1.361,1.298,1.353,15773.10264513,39
1661126400,1.335,1.336,1.277,1.336,10763.63316054,17
1661212800,1.363,1.429,1.343,1.375,13364.62985954,310
1661299200,1.377,1.4,1.336,1.366,3351.73510516,305
1661385600,1.369,1.421,1.369,1.386,8514.5570227,309
1661472000,1.385,1.388,1.216,1.223,18009.09602196,346
1661558400,1.217,1.255,1.205,1.222,6436.3214704,344
1661644800,1.218,1.247,1.188,1.191,1483.51498319,338
1661731200,1.189,1.268,1.167,1.268,1303.30884202,334
1661817600,1.267,1.288,1.206,1.238,759.34074209,324
1661904000,1.24,1.338,1.24,1.279,13900.17379293,346
1661990400,1.283,1.296,1.232,1.292,1457.37705554,327
1662076800,1.291,1.339,1.274,1.312,2413.04370902,323
1662163200,1.311,1.337,1.297,1.322,10244.18587822,337
1662249600,1.323,1.344,1.302,1.336,5759.06811516,322
1662336000,1.34,1.35,1.276,1.309,1838.86216124,319
1662422400,1.313,1.337,1.183,1.183,14406.11686787,351
1662508800,1.183,1.283,1.168,1.277,10506.84060999,368
1662595200,1.283,1.317,1.24,1.275,10789.92614855,372
1662681600,1.276,1.387,1.276,1.382,10849.34825185,345
1662768000,1.386,1.43,1.354,1.374,8548.18199002,340
1662854400,1.381,1.408,1.345,1.371,2464.63379689,340
1662940800,1.366,1.42,1.327,1.355,6907.36387711,328
1663027200,1.355,1.373,1.242,1.246,13711.07273331,366
1663113600,1.246,1.266,1.22,1.257,25525.26299637,358
1663200000,1.255,1.264,1.195,1.206,15972.99881367,392
1663286400,1.208,1.244,1.191,1.235,1572.27089263,362
1663372800,1.233,1.308,1.233,1.298,3455.90157882,350
1663459200,1.296,1.306,1.112,1.167,2828.7544764,350
1663545600,1.169,1.18,1.119,1.171,4383.03349934,255
1663632000,1.168,1.179,1.125,1.146,1042.47974717,351
1663718400,1.142,1.199,1.074,1.099,31371.41979302,422
1663804800,1.099,1.189,1.099,1.182,7515.4984231,387
1663891200,1.184,1.206,1.123,1.173,8499.3086811,386
1663977600,1.172,1.225,1.16,1.195,27843.22703412,434
1664064000,1.192,1.289,1.164,1.218,50847.85209237,499
1664150400,1.219,1.229,1.178,1.214,15651.8018627,400
1664236800,1.216,1.261,1.203,1.21,5897.02466278,370
1664323200,1.213,1.257,1.161,1.218,21928.23025834,404
1664409600,1.218,1.234,1.187,1.232,5212.40680319,361
1664496000,1.229,1.252,1.214,1.226,1290.94841606,332
1664582400,1.227,1.272,1.225,1.244,4074.85414577,338
1664668800,1.245,1.263,1.177,1.184,4563.11479975,356
1664755200,1.176,1.236,1.173,1.232,1977.92149183,340
1664841600,1.233,1.282,1.233,1.251,15178.17551054,372
1664928000,1.252,1.258,1.205,1.229,1396.51737085,352
1665014400,1.229,1.266,1.22,1.227,7488.07301728,422
1665100800,1.228,1.236,1.199,1.216,11004.81930125,472
1665187200,1.217,1.225,1.19,1.201,10031.95423503,467
1665273600,1.201,1.222,1.197,1.218,7289.76855963,345
1665360000,1.217,1.228,1.121,1.121,4711.06091483,378
1665446400,1.116,1.132,1.086,1.116,2244.7577374,368
1665532800,1.115,1.124,1.095,1.102,4149.16106991,377
1665619200,1.102,1.104,0.985,1.069,39772.92411227,453
1665705600,1.07,1.106,1.04,1.056,3757.90095614,393
1665792000,1.056,1.074,1.044,1.074,11145.73292676,401
1665878400,1.076,1.232,1.057,1.078,237962.49871959,1537
1665964800,1.077,1.123,1.066,1.112,61715.53409574,556
1666051200,1.114,1.12,1.072,1.099,23921.24250345,555
1666137600,1.102,1.103,1.025,1.036,10146.50172559,412
1666224000,1.038,1.058,1.016,1.025,3842.39470353,406
1666310400,1.023,1.045,0.988,1.04,6538.85790002,422
1666396800,1.042,1.054,1.029,1.043,7413.20606377,399
1666483200,1.045,1.072,1.03,1.068,1966.62084853,407
1666569600,1.067,1.08,1.049,1.053,14101.13724155,530
1666656000,1.054,1.12,1.047,1.105,11720.27882515,415
1666742400,1.106,1.141,1.103,1.135,5645.22479392,378
1666828800,1.133,1.17,1.109,1.115,2103.23026329,364
1666915200,1.112,1.182,1.105,1.165,19400.10098924,391
1667001600,1.163,1.212,1.156,1.199,11778.38980647,388
1667088000,1.2,1.234,1.158,1.183,5994.46253341,374
1667174400,1.181,1.194,1.146,1.186,8370.86218523,360
1667260800,1.183,1.195,1.156,1.159,2136.72577733,356
1667347200,1.159,1.177,1.106,1.134,10384.75375517,373
1667433600,1.135,2.959,1.132,2.574,515941.3860218709,2872
1667520000,2.579,4.66,2.531,2.753,524688.0050288999,3516
1667606400,2.735,3.27,2.666,2.788,348095.4420595195,1559
1667692800,2.796,2.945,2.576,2.669,187490.41191117,1092
1667779200,2.666,2.857,2.379,2.417,132814.1987492,1023
1667865600,2.407,3.022,1.935,2.151,305538.5977554402,1213
1667952000,2.131,2.256,1.36,1.455,179663.20026159,753
1668038400,1.441,3.397,1.434,2.393,213113.7233439798,1508
1668124800,2.385,2.807,2.101,2.245,93255.3740468399,849
1668211200,2.237,2.324,2.017,2.211,48294.54836493,415
1668297600,2.181,2.28,1.955,1.999,34145.23987459,338
1668384000,1.995,2.106,1.846,1.95,58292.90659563,438
1668470400,1.952,2.03,1.89,1.937,45868.7451451,356
1668556800,1.937,2.293,1.911,1.997,109531.84171835,542
1668643200,1.994,2.129,1.934,2.002,30714.92475529,304
1668729600,2.0,2.059,1.918,1.951,9740.51624704,255
1668816000,1.955,1.959,1.833,1.891,16445.46865947,283
1668902400,1.885,1.909,1.654,1.667,14653.27850768,301
1668988800,1.665,1.88,1.6,1.686,25236.94629439,465
1669075200,1.684,1.713,1.559,1.664,31981.35759866,474
1669161600,1.664,1.737,1.607,1.683,10402.3659986,349
1669248000,1.679,1.863,1.641,1.717,37373.33922609,562
1669334400,1.724,1.745,1.639,1.737,22406.06354986,397
1669420800,1.725,1.879,1.718,1.871,22280.82466071,455
1669507200,1.856,2.013,1.829,1.854,35010.99635418,503
1669593600,1.853,2.09,1.751,1.942,39007.71545927,527
1669680000,1.936,2.007,1.817,1.828,7993.61243689,322
1669766400,1.844,1.96,1.829,1.956,15800.32807684,370
1669852800,1.941,2.65,1.858,2.181,106131.54139261,1090
1669939200,2.17,2.251,2.085,2.146,49570.69427285,467
1670025600,2.138,2.288,2.09,2.155,23172.22802959,324
1670112000,2.153,2.178,2.086,2.141,8487.57109979,292
1670198400,2.125,2.171,1.988,2.026,11484.79017947,290
1670284800,2.044,2.111,2.0,2.037,3513.39463461,273
1670371200,2.034,2.044,1.911,1.942,20348.32106014,342
1670457600,1.942,2.48,1.942,2.096,21846.14391294,377
1670544000,2.071,2.131,2.039,2.052,1623.07293781,128
1670630400,2.057,2.062,2.006,2.033,2656.26813387,135
1670716800,2.033,2.05,1.914,1.937,9536.55761104,179
1670803200,1.941,1.987,1.84,1.958,14612.15345245,168
1670889600,1.961,1.971,1.865,1.928,8298.9677577,83
1670976000,1.934,2.052,1.893,1.944,19055.65505866,126
1671062400,1.949,2.017,1.893,1.893,21567.60315164,118
1671148800,1.921,1.934,1.694,1.694,16834.92187387,165
1671235200,1.7,1.905,1.692,1.729,42732.44972139,112
1671321600,1.746,1.746,1.704,1.715,658.20091048,6
1671408000,1.766,1.794,1.605,1.608,20154.50255074,124
1671494400,1.608,1.721,1.608,1.689,18611.23056159,136
1671580800,1.68,1.68,1.575,1.6,3195.20460318,68
1671667200,1.608,1.617,1.549,1.608,11167.6653808,75
1671753600,1.611,1.63,1.576,1.578,15981.03594377,106
1671840000,1.575,1.576,1.54,1.549,1579.55178443,47
1671926400,1.55,1.553,1.479,1.495,3351.03059917,82
1672012800,1.49,1.503,1.463,1.491,11748.582347,147
1672099200,1.496,1.501,1.416,1.433,5541.43933581,57
1672185600,1.447,1.447,1.343,1.358,15915.03059122,75
1672272000,1.34,1.538,1.34,1.428,77063.3747183201,314
1672358400,1.43,1.447,1.38,1.428,4742.31002353,34
1672444800,1.416,1.429,1.406,1.409,10492.60285339,36
1672531200,1.402,1.409,1.383,1.404,9453.74797751,47
1672617600,1.382,1.439,1.368,1.425,5526.60348095,49
1672704000,1.427,1.444,1.391,1.429,10303.87714031,47
1672790400,1.447,1.526,1.439,1.479,13086.91452395,108
1672876800,1.49,1.498,1.438,1.438,2037.08520659,26
1672963200,1.438,1.47,1.392,1.462,4205.67463308,39
1673049600,1.466,1.477,1.454,1.468,10724.07246426,26
1673136000,1.464,1.532,1.464,1.518,9435.09158824,32
1673222400,1.545,1.683,1.537,1.619,9413.61762529,57
1673308800,1.647,1.66,1.576,1.619,8665.79520879,74
1673395200,1.632,1.643,1.531,1.618,17412.71942407,73
1673481600,1.635,1.673,1.567,1.667,10429.95414019,78
1673568000,1.673,1.737,1.647,1.729,4622.35528361,17
1673654400,1.751,2.049,1.751,1.88,64992.52019228,259
1673740800,1.9,1.9,1.816,1.86,25172.99557625,79
1673827200,1.876,2.004,1.811,1.881,17088.71048584,93
1673913600,1.889,1.902,1.82,1.82,21643.43944549,68
1674000000,1.83,1.89,1.678,1.678,20753.43031891,89
1674086400,1.702,1.736,1.696,1.728,14078.79057038,32
1674172800,1.738,1.923,1.721,1.923,9822.03474439,49
1674259200,1.942,1.987,1.872,1.91,37447.73057642,158
1674345600,1.91,2.091,1.897,1.915,113152.6963824101,367
1674432000,1.955,2.006,1.933,1.952,10200.932816,41
1674518400,1.945,2.054,1.794,1.796,51153.12077621,210
1674604800,1.822,1.975,1.8,1.932,20990.80989863,118
1674691200,1.933,2.263,1.88,2.223,95196.5459388901,372
1674777600,2.191,2.191,2.02,2.09,92724.40214347,299
1674864000,2.1,2.1,1.979,2.0,25494.56345209,116
1674950400,2.016,2.078,2.011,2.075,8096.94743078,59
1675036800,2.072,2.132,1.885,2.081,47725.49609678,252
1675123200,2.031,2.383,2.031,2.151,196059.05442259,1024
1675209600,2.151,2.22,1.999,2.215,41474.61458309,199
1675296000,2.206,2.338,2.177,2.179,95586.9737697401,416
1675382400,2.176,2.204,2.136,2.199,41707.25562004,195
1675468800,2.206,2.346,2.175,2.243,65609.37756279,341
1675555200,2.244,2.318,2.07,2.125,47196.25480626,227
1675641600,2.133,2.137,2.028,2.057,20116.05407436,97
1675728000,2.066,2.261,2.066,2.247,26124.25723037,137
1675814400,2.237,2.31,2.168,2.202,17528.20688741,94
1675900800,2.205,2.293,1.844,1.879,107469.9593024001,443
1675987200,1.872,1.943,1.847,1.874,39977.4435179,201
1676073600,1.889,1.94,1.85,1.911,12475.28257469,36
1676160000,1.94,1.949,1.84,1.865,6048.22493833,57
1676246400,1.825,1.856,1.737,1.849,35185.76553419,127
1676332800,1.84,1.888,1.79,1.888,14726.63039626,70
1676419200,1.893,2.018,1.862,2.015,24394.13491423,147
1676505600,2.031,2.086,1.912,1.912,27814.73917541,136
1676592000,1.932,2.073,1.932,2.055,12188.89511609,53
1676678400,2.071,2.177,2.042,2.108,48234.39900818,217
1676764800,2.109,2.162,2.075,2.076,21879.84722665,108
1676851200,2.093,2.32,2.068,2.257,44751.19246852,225
1676937600,2.266,2.286,2.116,2.199,29854.68585762,179
1677024000,2.208,2.242,2.04,2.118,13760.18570706,122
1677110400,2.118,2.244,2.113,2.174,18179.67212275,117
1677196800,2.151,2.186,1.964,2.001,20946.22701025,109
1677283200,1.995,2.004,1.927,1.986,12736.28897851,44
1677369600,2.008,2.47,1.99,2.009,25399.88776612,84
1677456000,2.007,2.05,1.948,2.011,17395.36091286,80
1677542400,2.031,2.032,1.651,1.934,18601.63471783,60
1677628800,1.965,2.073,1.965,2.052,2763.96813512,36
1677715200,2.072,2.088,1.965,1.989,63713.38997873,250
1677801600,1.975,1.975,1.65,1.802,23660.57192689,126
1677888000,1.829,1.829,1.703,1.729,744.18574729,20
1677974400,1.725,1.79,1.725,1.727,14866.62898278,79
1678060800,1.738,1.759,1.681,1.735,26121.61348688,154
1678147200,1.731,1.773,1.629,1.655,13027.73633142,52
1678233600,1.678,1.678,1.55,1.55,5866.72119249,35
1678320000,1.59,1.647,1.433,1.433,43717.00889328,126
1678406400,1.453,1.477,1.369,1.473,20412.21753906,66
1678492800,1.472,1.512,1.405,1.465,20438.3452623,64
1678579200,1.467,1.585,1.446,1.585,9928.51329632,31
1678665600,1.608,1.703,1.573,1.679,11262.81959156,45
1678752000,1.679,1.834,1.661,1.771,42443.0414461,117
1678838400,1.771,1.803,1.6,1.628,14762.37540422,61
1678924800,1.622,1.635,1.586,1.635,7317.97470617,51
1679011200,1.62,1.804,1.609,1.802,18736.11924499,147
1679097600,1.804,1.935,1.775,1.775,39503.08095817,255
1679184000,1.792,1.954,1.792,1.835,12913.6024935,159
1679270400,1.846,1.864,1.705,1.715,18420.63678443,169
1679356800,1.731,1.776,1.683,1.767,6324.06131934,84
1679443200,1.755,1.767,1.615,1.642,25483.50263211,136
1679529600,1.655,1.755,1.655,1.731,2157.413958,29
1679616000,1.734,1.804,1.658,1.804,26484.52334963,170
1679702400,1.787,1.852,1.714,1.714,22604.58326819,166
1679788800,1.707,1.767,1.683,1.757,389.2903964,30
1679875200,1.751,1.751,1.61,1.651,2640.95072877,27
1679961600,1.643,1.721,1.637,1.705,11800.34858009,33
1680048000,1.721,1.941,1.721,1.912,29285.84876079,121
1680134400,1.897,1.942,1.809,1.816,7883.80488481,72
1680220800,1.819,1.875,1.785,1.875,11776.32933364,100
1680307200,1.867,1.927,1.798,1.836,13776.77175251,145
1680393600,1.833,1.875,1.756,1.778,8339.97733965,152
1680480000,1.776,1.833,1.722,1.825,7274.71662461,229
1680566400,1.828,1.844,1.79,1.809,1975.35722343,84
1680652800,1.806,1.872,1.79,1.833,8051.92322889,101
1680739200,1.825,1.833,1.769,1.825,6340.09103402,130
1680825600,1.833,1.858,1.79,1.853,2346.51927215,109
1680912000,1.845,1.914,1.825,1.847,14742.36518159,189
1680998400,1.85,1.872,1.782,1.864,4850.57538597,90
1681084800,1.872,2.11,1.847,1.959,73779.02626728,622
1681171200,1.962,2.004,1.921,1.924,9817.77396267,148
1681257600,1.921,1.921,1.825,1.886,4199.25513389,158
1681344000,1.878,1.91,1.853,1.906,9544.00275389,101
1681430400,1.909,1.989,1.895,1.972,25484.30005533,196
1681516800,1.959,2.031,1.935,2.01,3734.41663445,115
1681603200,2.001,2.093,1.97,2.068,5486.50329497,161
1681689600,2.065,2.067,1.95,1.995,5780.68477137,138
1681776000,1.986,2.082,1.968,2.042,10139.89491483,120
1681862400,2.035,2.059,1.792,1.836,21716.88509891,377
1681948800,1.834,1.856,1.751,1.757,6896.12385431,110
1682035200,1.768,1.768,1.641,1.645,10379.70971494,43
1682121600,1.649,1.716,1.649,1.716,396.37222794,10
1682208000,1.708,1.711,1.64,1.664,7444.76835219,58
1682294400,1.65,1.722,1.638,1.672,5165.89700071,38
1682380800,1.655,1.684,1.608,1.683,11145.01830233,48
1682467200,1.693,1.98,1.665,1.743,58377.1200681299,505
1682553600,1.74,1.778,1.713,1.756,12077.94011247,77
1682640000,1.752,1.752,1.688,1.717,3244.59852029,20
1682726400,1.71,1.763,1.71,1.734,13444.74017553,53
1682812800,1.733,1.733,1.69,1.709,4037.35608475,20
1682899200,1.658,1.685,1.651,1.654,4271.61451794,21
1682985600,1.668,1.711,1.664,1.705,2374.86966898,13
1683072000,1.691,1.726,1.659,1.726,2874.22735399,15
1683158400,1.708,1.718,1.672,1.672,6513.10889813,15
1683244800,1.667,1.717,1.641,1.717,5398.32026104,26
1683331200,1.707,1.707,1.645,1.658,560.76083724,9
1683417600,1.656,1.678,1.613,1.615,6974.61939786,21
1683504000,1.632,1.632,1.409,1.428,23018.11913448,107
1683590400,1.442,1.459,1.44,1.456,5753.81544079,24
1683676800,1.43,1.509,1.4,1.478,6653.33343561,44
1683763200,1.466,1.466,1.368,1.382,15869.3052332,45
1683849600,1.38,1.477,1.346,1.461,9174.46233625,36
1683936000,1.447,1.447,1.426,1.43,2590.79372404,15
1684022400,1.418,1.453,1.418,1.44,1541.44108512,17
1684108800,1.443,1.472,1.443,1.449,2752.70858657,26
1684195200,1.434,1.457,1.426,1.454,523.29704003,10
1684281600,1.466,1.52,1.445,1.517,26758.57077411,64
1684368000,1.512,1.516,1.439,1.488,16753.38026912,60
1684454400,1.489,1.5,1.489,1.5,367.34405021,4
1684540800,1.49,1.53,1.49,1.529,365.66585163,7
1684627200,1.511,1.518,1.455,1.457,4478.08482461,18
1684713600,1.426,1.442,1.426,1.442,31.12283137,2
1684800000,1.43,1.478,1.43,1.471,1014.97154212,9
1684886400,1.441,1.445,1.4,1.429,2905.11227727,13
1684972800,1.424,1.425,1.414,1.414,1634.20179735,15
1685059200,1.422,1.422,1.416,1.416,104.74630967,3
1685145600,1.425,1.425,1.425,1.425,102.99229509,2
1685232000,1.437,1.458,1.437,1.447,3987.21492715,14
1685318400,1.472,1.477,1.448,1.456,12532.81376324,28
1685404800,1.446,1.449,1.433,1.448,991.96740688,11
1685491200,1.445,1.445,1.37,1.37,1671.14745943,20
1685577600,1.375,1.415,1.368,1.415,784.20271123,11
1685664000,1.414,1.451,1.414,1.451,304.25680628,3
1685750400,1.456,1.532,1.456,1.479,11849.65349832,41
1685836800,1.47,1.475,1.44,1.44,1616.00897527,10
1685923200,1.437,1.437,1.256,1.281,59367.63482147,112
1686009600,1.295,1.331,1.262,1.314,13623.93122375,51
1686096000,1.29,1.29,1.199,1.199,2063.64309183,25
1686182400,1.207,1.245,1.207,1.245,27847.28412951,55
1686268800,1.22,1.242,1.198,1.198,3639.18410187,12
1686355200,1.19,1.19,0.934,0.987,116004.2195064201,206
1686441600,1.001,1.039,0.987,1.018,7827.26384981,41
1686528000,0.988,1.062,0.988,1.019,11793.03889852,25
1686614400,1.025,1.048,1.016,1.016,5724.56717525,26
1686700800,1.012,1.038,0.962,0.979,23884.22166351,67
1686787200,0.986,1.124,0.986,1.1,47469.76440713,115
1686873600,1.091,1.107,1.036,1.074,5676.64967628,32
1686960000,1.077,1.107,1.064,1.075,32497.98097214,116
1687046400,1.066,1.165,1.066,1.083,11968.74127839,50
1687132800,1.079,1.129,1.079,1.092,19990.32084968,48
1687219200,1.094,1.119,1.08,1.11,5749.91758235,17
1687305600,1.186,1.219,1.169,1.204,17194.46040597,54
1687392000,1.229,1.233,1.149,1.183,19106.0201918,87
1687478400,1.178,1.259,1.177,1.245,15014.01496402,44
1687564800,1.257,1.275,1.188,1.236,26880.53891505,77
1687651200,1.261,1.345,1.261,1.31,12863.59879383,40
1687737600,1.301,1.32,1.247,1.255,9255.30094159,40
1687824000,1.274,1.296,1.26,1.263,37972.06915164,44
1687910400,1.246,1.248,1.157,1.183,11159.72778403,44
1687996800,1.187,1.214,1.182,1.188,6389.10315683,16
1688083200,1.25,1.269,1.16,1.269,6134.86191216,38
1688169600,1.277,1.284,1.242,1.284,12469.8758512,42
1688256000,1.28,1.283,1.258,1.283,6868.80037408,24
1688342400,1.274,1.318,1.274,1.318,70137.42573835,127
1688428800,1.318,1.323,1.264,1.299,18275.47809258,57
1688515200,1.294,1.339,1.234,1.248,36953.60862641,93
1688601600,1.241,1.302,1.205,1.224,15954.21764943,45
1688688000,1.199,1.204,1.186,1.199,20124.87468567,46
1688774400,1.209,1.222,1.185,1.188,9874.77651723,28
1688860800,1.212,1.212,1.195,1.195,1430.36237527,11
1688947200,1.17,1.23,1.165,1.23,2826.76191812,13
1689033600,1.214,1.224,1.195,1.207,1370.09955247,10
1689120000,1.205,1.218,1.17,1.183,9234.61142102,33
1689206400,1.182,1.268,1.182,1.268,7241.64573858,36
1689292800,1.285,1.305,1.209,1.214,30632.04489771,100
1689379200,1.223,1.274,1.223,1.242,2509.42795431,28
1689465600,1.241,1.243,1.2,1.2,2058.92283998,22
1689552000,1.197,1.25,1.197,1.245,3386.30934457,30
1689638400,1.243,1.243,1.18,1.182,1468.37530203,16
1689724800,1.218,1.22,1.196,1.21,1769.96821563,21
1689811200,1.209,1.512,1.209,1.35,138409.0192504299,564
1689897600,1.328,1.391,1.27,1.31,20283.14224197,113
1689984000,1.291,1.315,1.257,1.264,18522.87638027,38
1690070400,1.26,1.271,1.251,1.267,1529.49344298,11
1690156800,1.252,1.292,1.167,1.172,21100.40354253,74
1690243200,1.188,1.188,1.161,1.172,1098.479762,16
1690329600,1.154,1.22,1.154,1.204,7727.40239549,30
1690416000,1.195,1.229,1.152,1.206,3859.21180642,30
1690502400,1.204,1.205,1.187,1.195,669.14168688,10
1690588800,1.205,1.206,1.195,1.201,1307.19292113,12
1690675200,1.19,1.19,1.16,1.175,3524.31465633,17
1690761600,1.174,1.199,1.172,1.185,769.4432785,12
1690848000,1.184,1.222,1.163,1.222,4129.08969583,38
1690934400,1.22,1.223,1.189,1.21,12675.89784503,64
1691020800,1.215,1.224,1.185,1.188,9222.99545165,79
1691107200,1.191,1.2,1.171,1.186,11001.27679509,86
1691193600,1.184,1.2,1.176,1.198,19888.51395135,153
1691280000,1.198,1.237,1.197,1.22,26610.59811194,196
1691366400,1.224,1.243,1.191,1.223,26897.49772011,199
1691452800,1.226,1.25,1.216,1.224,29070.91987447,237
1691539200,1.226,1.234,1.2,1.204,32286.90216015,243
1691625600,1.204,1.207,1.18,1.185,21965.45612835,86
1691712000,1.181,1.202,1.174,1.177,23115.31028108,86
1691798400,1.182,1.189,1.164,1.165,27630.76189463,90
1691884800,1.164,1.193,1.155,1.176,19559.36710679,67
1691971200,1.171,1.193,1.165,1.184,46506.94840956,166
1692057600,1.18,1.202,1.044,1.099,69490.6069866,291
1692144000,1.1,1.1,1.017,1.052,69449.48745625,337
1692230400,1.046,1.065,0.855,0.965,141817.20383549,508
1692316800,0.962,1.011,0.957,1.01,194552.8337082898,1191
1692403200,1.006,1.038,1.005,1.034,146666.7124046402,1410
1692489600,1.033,1.044,1.025,1.031,68923.27781547,786
1692576000,1.03,1.033,0.982,1.014,109534.03327702,1225
1692662400,1.017,1.02,0.954,0.988,103654.7216354301,1250
1692748800,0.988,1.04,0.988,1.026,72440.17042406,741
1692835200,1.028,1.092,1.013,1.017,60284.00947581,603
1692921600,1.019,1.031,0.994,1.031,26232.98357042,373
1693008000,1.026,1.079,1.025,1.027,26656.96151693,264
1693094400,1.026,1.039,1.006,1.039,21459.26898549,196
1693180800,1.04,1.151,1.013,1.087,133382.2985110098,964
1693267200,1.085,1.142,1.049,1.108,89843.4129700801,745
1693353600,1.108,1.142,1.084,1.11,37380.98758299,332
1693440000,1.111,1.171,1.051,1.081,37905.52439659,361
1693526400,1.079,1.106,1.032,1.038,56782.01250131,264
1693612800,1.034,1.049,1.008,1.045,9222.64627042,135
1693699200,1.045,1.083,1.03,1.04,13238.71619031,130
1693785600,1.046,1.078,1.023,1.038,91240.0165343901,427
1693872000,1.038,1.062,1.015,1.046,29853.38744914,243
1693958400,1.045,1.052,1.022,1.039,21079.93826281,185
1694044800,1.039,1.049,1.018,1.044,35834.13667918,177
1694131200,1.041,1.054,1.024,1.045,33696.36101349,207
1694217600,1.047,1.073,1.029,1.043,19734.45907167,182
1694304000,1.037,1.037,0.964,1.008,29338.04135809,258
1694390400,1.008,1.012,0.955,0.978,73222.55381016,394
1694476800,0.979,1.019,0.974,0.981,55488.39144497,257
1694563200,0.976,1.011,0.974,0.995,16626.41490113,147
1694649600,0.994,1.012,0.985,0.986,11153.17557224,186
1694736000,0.988,1.043,0.982,1.037,31168.574398,172
1694822400,1.038,1.058,1.028,1.035,16442.05398623,127
1694908800,1.031,1.046,1.002,1.015,6363.57017212,143
1694995200,1.015,1.099,1.007,1.053,49760.95793564,215
1695081600,1.045,1.087,1.04,1.077,23003.00161557,120
1695168000,1.077,1.079,1.055,1.076,5408.52709626,121
1695254400,1.076,1.103,1.045,1.063,5854.84221324,137
1695340800,1.062,1.083,1.054,1.081,3523.2145506,63
1695427200,1.082,1.094,1.043,1.056,2689.90466558,49
1695513600,1.06,1.06,1.031,1.032,812.08505169,36
1695600000,1.031,1.06,1.024,1.052,8499.23250091,51
1695686400,1.055,1.057,1.015,1.035,6438.43990762,73
1695772800,1.044,1.077,1.042,1.062,5060.80276049,66
1695859200,1.066,1.191,1.064,1.143,35635.38140937,212
1695945600,1.151,1.16,1.105,1.148,27668.07977645,102
1696032000,1.144,1.172,1.128,1.135,3449.82290545,34
1696118400,1.136,1.222,1.136,1.207,23823.25235371,86
1696204800,1.201,1.204,1.123,1.136,27842.42583154,117
1696291200,1.143,1.153,1.106,1.111,2198.91260926,55
1696377600,1.108,1.127,1.066,1.121,2610.27407858,66
1696464000,1.122,1.122,1.096,1.098,5356.15721905,20
1696550400,1.09,1.105,1.076,1.105,4432.0829457,10
1696636800,1.106,1.106,1.081,1.084,141.49870062,5
1696723200,1.064,1.092,1.064,1.091,151.84510053,10
1696809600,1.067,1.069,1.033,1.048,4031.93133482,27
1696896000,1.045,1.057,1.042,1.042,153.33647542,10
1696982400,1.024,1.053,1.019,1.033,3914.5398288,14
1697068800,1.012,1.038,1.006,1.006,822.08856262,16
1697155200,1.01,1.024,1.01,1.015,2129.63032493,12
1697241600,1.022,1.027,1.022,1.027,303.00220918,7
1697328000,1.035,1.501,1.033,1.46,178291.4902621497,812
1697414400,1.448,1.538,1.308,1.41,185228.6282744298,723
1697500800,1.41,1.448,1.25,1.344,44305.57288744,207
1697587200,1.335,1.546,1.335,1.421,83334.3030503001,338
1697673600,1.407,1.467,1.369,1.419,69976.0865206801,236
1697760000,1.412,1.478,1.369,1.461,55219.21297402,188
1697846400,1.46,1.46,1.374,1.385,23857.17632737,111
1697932800,1.381,1.403,1.327,1.363,16304.14849779,87
1698019200,1.367,1.536,1.315,1.382,26850.32313393,156
1698105600,1.389,1.635,1.389,1.509,54702.05878573,321
1698192000,1.5,1.648,1.5,1.622,38551.86547051,302
1698278400,1.613,1.669,1.517,1.601,26646.82987924,194
1698364800,1.625,1.625,1.535,1.544,21347.91327858,97
1698451200,1.545,1.549,1.485,1.486,33437.41698662,138
1698537600,1.496,1.496,1.474,1.48,9320.53676433,61
1698624000,1.473,1.507,1.438,1.494,26743.88417142,135
1698710400,1.505,1.572,1.375,1.418,49804.58027296,175
1698796800,1.427,1.472,1.359,1.449,24781.3857174,96
1698883200,1.452,1.484,1.39,1.408,24690.72432119,56
1698969600,1.393,1.413,1.349,1.412,74307.90276246,252
1699056000,1.411,1.435,1.398,1.428,7860.08434172,49
1699142400,1.433,1.582,1.433,1.531,112358.63574793,291
1699228800,1.523,1.557,1.492,1.55,51852.63685696,176
1699315200,1.541,1.586,1.45,1.521,55520.27938392,179
1699401600,1.525,1.621,1.514,1.615,79429.64057492,220
1699488000,1.609,1.68,1.29,1.513,193622.7913761202,572
1699574400,1.514,1.569,1.458,1.569,81298.98498373,331
1699660800,1.575,1.616,1.513,1.575,73304.2593842,261
1699747200,1.58,1.581,1.495,1.555,86481.53585393,318
1699833600,1.54,1.62,1.458,1.464,98119.63348869,273
1699920000,1.462,1.494,1.375,1.451,53669.7161641899,364
1700006400,1.451,1.549,1.445,1.529,86859.84643489,385
1700092800,1.53,1.593,1.455,1.471,123084.4945524903,428
1700179200,1.483,1.559,1.42,1.501,61262.8120297898,325
1700265600,1.496,1.508,1.388,1.444,68050.3806009598,313
1700352000,1.432,1.496,1.407,1.492,47141.75855,199
1700438400,1.492,1.561,1.482,1.498,73790.41595598,253
1700524800,1.521,1.538,1.333,1.34,63998.10315554,236
1700611200,1.336,1.419,1.336,1.402,62556.78194024,211
1700697600,1.407,1.416,1.374,1.404,47782.74695032,110
1700784000,1.404,1.44,1.402,1.424,68297.71017722,168
1700870400,1.434,1.46,1.414,1.46,42502.30587267,201
1700956800,1.463,1.475,1.415,1.44,54447.58682417,264
1701043200,1.443,1.455,1.364,1.404,63496.01980743,304
1701129600,1.405,1.427,1.364,1.409,78198.69446533,348
1701216000,1.41,1.446,1.4,1.422,65287.42568447,266
1701302400,1.428,1.521,1.386,1.387,43388.83705643,234
1701388800,1.389,1.453,1.383,1.446,16097.73007296,63
1701475200,1.447,1.496,1.447,1.48,18130.98051239,61
1701561600,1.484,1.515,1.442,1.492,50679.45804785,148
1701648000,1.494,1.523,1.409,1.514,29488.52924053,190
1701734400,1.516,1.584,1.494,1.555,20989.82565938,187
1701820800,1.56,1.579,1.496,1.5,18496.31718572,101
1701907200,1.509,1.639,1.508,1.574,36017.70205253,115
1701993600,1.573,1.681,1.57,1.673,157592.89549609,336
1702080000,1.671,1.74,1.639,1.661,35523.24067856,166
1702166400,1.674,1.702,1.609,1.702,11936.13651911,61
1702252800,1.707,1.708,1.36,1.534,39835.59332528,189
1702339200,1.536,1.63,1.533,1.578,47689.71789003,169
1702425600,1.581,1.62,1.474,1.601,28074.25344183,134
1702512000,1.614,1.925,1.611,1.743,82361.11604544,503
1702598400,1.747,1.747,1.611,1.64,66752.71800716,219
1702684800,1.65,1.666,1.615,1.634,16611.26504843,73
1702771200,1.637,1.74,1.594,1.684,85799.1826328299,270
1702857600,1.689,1.694,1.523,1.633,29938.15961125,129
1702944000,1.637,1.761,1.637,1.693,74884.90474024,198
1703030400,1.691,1.718,1.65,1.664,17249.83795777,74
1703116800,1.663,1.685,1.634,1.677,11131.19626932,82
1703203200,1.681,1.759,1.68,1.753,30179.48829408,145
1703289600,1.752,1.913,1.717,1.853,58091.22616528,227
1703376000,1.863,1.872,1.735,1.761,55458.51763587,196
1703462400,1.763,1.94,1.763,1.914,53554.7696623,194
1703548800,1.911,1.971,1.809,1.952,44115.09743798,162
1703635200,1.955,1.955,1.872,1.888,18494.69206859,62
1703721600,1.886,1.978,1.836,1.842,57383.45094873,143
1703808000,1.85,2.177,1.819,1.95,150791.1974264,407
1703894400,1.956,1.988,1.889,1.952,21845.89705666,88
1703980800,1.947,2.49,1.944,2.2,130436.57291844,729
1704067200,2.168,2.185,2.0,2.093,76955.11011048,261
1704153600,2.092,2.48,2.08,2.214,122226.63042376,451
1704240000,2.211,2.347,1.669,2.179,248322.31187832,803
1704326400,2.199,2.272,2.057,2.087,63192.16554976,280
1704412800,2.079,2.079,1.901,1.958,102037.76429291,419
1704499200,1.951,1.951,1.799,1.832,22955.63410386,92
1704585600,1.847,1.897,1.704,1.71,12018.19751619,73
1704672000,1.72,1.923,1.578,1.745,82088.3152241999,411
1704758400,1.711,1.711,1.563,1.617,43489.09327792,186
1704844800,1.622,1.773,1.583,1.741,52930.12365657,200
1704931200,1.738,1.817,1.716,1.805,32307.14886303,100
1705017600,1.795,1.828,1.64,1.699,41905.24350448,142
1705104000,1.703,1.748,1.673,1.735,4531.21479417,21
1705190400,1.702,1.735,1.645,1.645,5163.37245441,32
1705276800,1.66,1.698,1.657,1.674,5202.60101215,27
1705363200,1.67,1.716,1.67,1.701,4500.7730635,26
1705449600,1.704,1.718,1.666,1.666,8189.75934081,31
1705536000,1.679,1.704,1.543,1.564,12671.91125585,50
1705622400,1.541,1.593,1.462,1.578,44276.77276055,135
1705708800,1.58,2.03,1.578,1.693,292549.5742002913,1814
1705795200,1.728,1.768,1.655,1.663,17214.99159873,121
1705881600,1.679,1.694,1.582,1.623,45844.22983608,162
1705968000,1.627,1.695,1.503,1.596,65333.56208606,191
1706054400,1.605,1.627,1.594,1.626,5766.6483345,34
1706140800,1.613,1.615,1.56,1.603,11761.33848267,43
1706227200,1.608,1.68,1.6,1.663,11097.72711549,49
1706313600,1.664,1.772,1.657,1.752,22661.47760864,88
1706400000,1.742,1.743,1.66,1.671,8106.42894177,42
1706486400,1.68,1.725,1.673,1.712,11524.7670139,50
1706572800,1.693,1.735,1.692,1.722,5054.64964203,33
1706659200,1.671,1.694,1.625,1.635,8424.30284345,29
1706745600,1.655,1.712,1.638,1.708,4561.885585,36
1706832000,1.747,1.847,1.727,1.805,104147.69809308,244
1706918400,1.797,1.851,1.786,1.821,32591.83903272,82
1707004800,1.806,1.918,1.589,1.835,32746.66917802,111
1707091200,1.831,1.901,1.808,1.812,38441.06817794,89
1707177600,1.833,1.864,1.813,1.827,16015.03514187,48
1707264000,1.838,1.9,1.837,1.891,17894.19660379,54
1707350400,1.883,1.946,1.864,1.896,22285.20583649,92
1707436800,1.906,1.93,1.886,1.926,10610.52474049,41
1707523200,1.939,1.948,1.87,1.897,13881.90131301,57
1707609600,1.914,1.968,1.905,1.905,16653.22783178,53
1707696000,1.91,1.954,1.881,1.95,36979.11211003,106
1707782400,1.951,1.955,1.843,1.885,28735.85775313,147
1707868800,1.884,2.012,1.866,2.012,31267.53325496,120
1707955200,2.02,2.1,1.998,2.045,65135.92846802,205
1708041600,2.042,2.093,1.995,2.076,21366.48392614,70
1708128000,2.07,2.079,1.984,2.042,11264.45227988,40
1708214400,2.032,2.142,2.032,2.072,21237.17471923,92
1708300800,2.078,2.169,2.076,2.147,28708.11610713,77
1708387200,2.151,2.17,1.972,2.096,31795.35566314,125
1708473600,2.098,2.12,1.946,2.015,16547.28206354,58
1708560000,2.018,2.044,1.981,2.002,21648.07642292,65
1708646400,2.007,2.045,1.973,1.996,18219.17835638,70
1708732800,1.996,2.126,1.99,2.077,53193.79363206,152
1708819200,2.063,2.092,2.047,2.078,24062.30692702,60
1708905600,2.08,2.149,2.05,2.148,23488.71519381,115
1708992000,2.149,2.257,2.144,2.189,43238.10404918,197
1709078400,2.196,2.287,2.001,2.16,96009.19471406,377
1709164800,2.17,2.235,2.086,2.153,41421.58808024,140
1709251200,2.179,2.335,2.179,2.325,27594.68066843,136
1709337600,2.376,2.534,2.331,2.465,71504.43158547,321
1709424000,2.451,2.484,2.181,2.406,37370.7895334,171
1709510400,2.422,2.531,2.37,2.475,38040.89319089,151
1709596800,2.464,2.544,1.939,2.202,90234.26749247,400
1709683200,2.212,2.364,2.115,2.359,17282.34005263,98
1709769600,2.365,2.718,2.316,2.57,40392.85453627,225
1709856000,2.56,2.573,2.396,2.569,33324.49977397,169
1709942400,2.568,2.649,2.505,2.607,31648.44068155,139
1710028800,2.618,2.789,2.528,2.756,16956.17061937,144
1710115200,2.765,2.853,2.487,2.66,139767.82141903,671
1710201600,2.667,2.67,2.374,2.565,62653.68516993,307
1710288000,2.566,2.685,2.559,2.668,37004.88669374,209
1710374400,2.676,2.71,2.473,2.638,22681.51287191,136
1710460800,2.653,2.681,2.265,2.43,45216.09559858,186
1710547200,2.442,2.455,2.137,2.166,38551.40536141,114
1710633600,2.202,2.267,2.081,2.241,19964.00603574,92
1710720000,2.237,2.277,2.081,2.116,21624.79261523,70
1710806400,2.125,2.125,1.851,1.867,30876.72879857,146
1710892800,1.916,2.099,1.812,2.089,22630.91855863,85
1710979200,2.07,2.113,2.027,2.07,15394.74096691,60
1711065600,2.082,2.137,1.968,2.048,5775.31381864,50
1711152000,2.062,2.105,2.054,2.054,5876.93935522,39
1711238400,2.052,2.107,2.01,2.1,28231.69273443,122
1711324800,2.097,2.217,2.097,2.203,23431.36517987,114
1711411200,2.21,2.289,2.21,2.255,6841.61343337,58
1711497600,2.251,2.308,2.16,2.207,16270.91402996,95
1711584000,2.218,2.255,2.183,2.216,19542.99022876,63
1711670400,2.219,2.33,2.192,2.256,9298.93521682,38
1711756800,2.256,2.327,2.237,2.254,14636.83648752,61
1711843200,2.239,2.263,2.228,2.241,4198.65710586,37
1711929600,2.267,2.294,2.058,2.127,9894.17674958,72
1712016000,2.117,2.117,1.931,1.99,13929.34026116,74
1712102400,1.977,2.054,1.951,1.998,8336.5001612,39
1712188800,1.993,2.095,1.96,2.033,4199.56534759,44
1712275200,2.008,2.028,1.948,2.006,2462.46188255,27
1712361600,2.001,2.045,2.001,2.037,8988.91226784,35
1712448000,2.037,2.188,2.037,2.156,21304.9853138,105
1712534400,2.168,2.226,2.15,2.218,17592.89803878,62
1712620800,2.224,2.299,2.14,2.16,11075.1367705,78
1712707200,2.154,2.2,2.071,2.2,28186.93211664,90
1712793600,2.208,2.234,2.136,2.211,9050.8732489,45
1712880000,2.237,2.237,1.606,1.793,56347.16011918,206
1712966400,1.78,1.792,1.244,1.428,54564.8763530999,294
1713052800,1.43,1.512,1.381,1.512,38595.76330131,129
1713139200,1.475,1.55,1.34,1.408,39936.19748488,104
1713225600,1.428,1.456,1.364,1.451,24070.63103801,67
1713312000,1.433,1.456,1.374,1.446,27700.76344831,42
1713398400,1.414,1.491,1.399,1.484,5443.4883693,23
1713484800,1.477,1.522,1.356,1.484,3840.48608887,35
1713571200,1.48,1.614,1.468,1.614,9738.7253633,31
1713657600,1.597,1.622,1.56,1.599,4865.25591384,22
1713744000,1.614,1.66,1.596,1.646,19962.09087172,39
1713830400,1.658,1.672,1.632,1.658,13620.94547216,33
1713916800,1.659,1.704,1.537,1.539,11777.74908251,39
1714003200,1.557,1.579,1.498,1.549,7058.20456874,25
1714089600,1.524,1.564,1.519,1.536,6515.21792486,29
1714176000,1.516,1.536,1.469,1.533,6986.81239291,25
1714262400,1.534,1.555,1.5,1.5,17945.37528106,43
1714348800,1.494,1.494,1.196,1.473,26962.00323557,55
1714435200,1.471,1.494,1.373,1.411,15628.79057818,49
1714521600,1.417,1.464,1.348,1.451,6296.75912845,42
1714608000,1.439,1.519,1.417,1.519,7316.97928754,29
1714694400,1.488,1.526,1.462,1.514,11901.90561757,28
1714780800,1.516,1.526,1.502,1.517,20267.57467883,38
1714867200,1.494,1.524,1.473,1.497,4075.41170498,17
1714953600,1.527,1.564,1.493,1.494,19110.67153586,43
1715040000,1.494,1.52,1.471,1.471,6939.82993411,21
1715126400,1.467,1.604,1.437,1.519,67186.16338839,138
1715212800,1.519,1.58,1.496,1.575,37435.01813841,94
1715299200,1.56,1.575,1.474,1.478,25906.73028394,59
1715385600,1.479,1.505,1.479,1.486,9175.05752583,18
1715472000,1.495,1.512,1.473,1.475,18862.59698941,31
1715558400,1.469,1.469,1.373,1.381,12730.39978168,50
1715644800,1.37,1.396,1.35,1.351,11545.74464612,36
1715731200,1.341,1.464,1.341,1.464,9940.96322651,28
1715817600,1.461,1.496,1.455,1.462,9090.75282034,19
1715904000,1.474,1.533,1.468,1.529,18086.17768311,34
1715990400,1.518,1.52,1.494,1.513,3392.76151735,18
1716076800,1.517,1.517,1.481,1.499,1456.39921,7
1716163200,1.494,1.585,1.494,1.585,28530.94058034,64
1716249600,1.595,1.65,1.579,1.625,4222.76956794,26
1716336000,1.619,1.662,1.584,1.626,12817.42047361,34
1716422400,1.657,1.665,1.526,1.607,14392.30208557,53
1716508800,1.612,1.717,1.59,1.717,10672.72465822,33
1716595200,1.736,1.79,1.729,1.729,18010.03341954,41
1716681600,1.734,1.751,1.705,1.751,7458.7712769,16
1716768000,1.731,1.826,1.696,1.794,16425.33582771,68
1716854400,1.794,1.81,1.731,1.75,23114.67559864,68
1716940800,1.737,1.855,1.736,1.761,29889.90999643,95
1717027200,1.751,1.811,1.679,1.713,20358.33423603,79
1717113600,1.734,1.755,1.702,1.715,17307.30785896,38
1717200000,1.715,1.778,1.715,1.771,8398.06856181,33
1717286400,1.776,1.806,1.716,1.722,17750.45704557,73
1717372800,1.709,1.753,1.705,1.706,13135.86519583,43
1717459200,1.715,1.78,1.681,1.77,26558.6327109,66
1717545600,1.784,1.805,1.735,1.769,16609.08343631,52
1717632000,1.767,1.814,1.737,1.771,17330.14232052,50
1717718400,1.761,1.777,1.471,1.596,62728.09020402,176
1717804800,1.595,1.617,1.477,1.487,20958.63356655,62
1717891200,1.496,1.503,1.481,1.499,4716.61375372,19
1717977600,1.492,1.497,1.456,1.46,24765.36652213,61
1718064000,1.468,1.469,1.367,1.4,18068.60725816,72
1718150400,1.392,1.491,1.373,1.449,7630.02927354,65
1718236800,1.46,1.466,1.379,1.385,8608.08542898,52
1718323200,1.386,1.402,1.302,1.314,14375.07013165,44
1718409600,1.336,1.349,1.326,1.349,181.11200307,5
1718496000,1.335,1.352,1.308,1.352,553.85762169,8
1718582400,1.343,1.357,1.229,1.266,4589.97886039,41
1718668800,1.268,1.268,1.103,1.125,37364.00912884,110
1718755200,1.131,1.153,1.131,1.136,10823.85384615,15
1718841600,1.104,1.167,1.103,1.139,3903.32455708,20
1718928000,1.128,1.159,1.122,1.122,3781.65536159,31
1719014400,1.113,1.128,1.105,1.124,9818.00281034,22
1719100800,1.124,1.204,1.068,1.068,27028.49381399,63
1719187200,1.055,1.121,1.026,1.121,48950.93559215,76
1719273600,1.134,1.16,1.121,1.125,9896.52099224,15
1719360000,1.147,1.147,1.129,1.134,7775.93782323,20
1719446400,1.133,1.179,1.12,1.159,36275.17025634,65
1719532800,1.17,1.17,1.137,1.137,1814.3233896,17
1719619200,1.162,1.184,1.156,1.156,2988.8442016,11
1719705600,1.147,1.244,1.141,1.231,9035.53117799,21
1719792000,1.233,1.262,1.227,1.246,14136.39543023,26
1719878400,1.248,1.283,1.238,1.283,4276.62808071,9
1719964800,1.254,1.269,1.202,1.225,16042.61824217,28
1720051200,1.227,1.231,1.068,1.072,19484.6972983,59
1720137600,1.045,1.047,0.912,0.934,59633.25629112,146
1720224000,0.949,1.136,0.949,1.087,51133.7234743,76
1720310400,1.066,1.066,1.002,1.002,2438.97593419,28
1720396800,0.958,1.069,0.958,1.03,6979.40584874,25
1720483200,1.027,1.056,1.027,1.048,619.5144922,7
1720569600,1.053,1.093,1.053,1.069,437.67218051,9
1720656000,1.06,1.1,1.02,1.02,9538.4787986,20
1720742400,1.038,1.088,1.037,1.081,5882.65810052,7
1720828800,1.086,1.103,1.059,1.08,2621.74012009,16
1720915200,1.101,1.142,1.077,1.142,8178.69282402,19
1721001600,1.148,1.204,1.142,1.204,6753.7236665,27
1721088000,1.212,1.244,1.155,1.232,9413.76514264,45
1721174400,1.25,1.253,1.209,1.209,9210.91410204,27
1721260800,1.222,1.25,1.187,1.218,8739.81824553,44
1721347200,1.231,1.336,1.225,1.336,16137.95575944,49
1721433600,1.336,1.485,1.324,1.4,58118.56793366,124
1721520000,1.431,1.472,1.332,1.46,51272.11860919,106
1721606400,1.479,1.484,1.388,1.39,29528.85523187,61
1721692800,1.41,1.417,1.327,1.346,10276.49347616,41
1721779200,1.351,1.408,1.346,1.357,13226.28060047,24
1721865600,1.361,1.361,1.252,1.308,26850.71990355,51
1721952000,1.322,1.557,1.322,1.557,16275.60665799,69
1722038400,1.566,1.592,1.517,1.555,97666.6563511,131
1722124800,1.54,1.58,1.515,1.515,17104.0302111,33
1722211200,1.544,1.556,1.481,1.489,9066.77331248,48
1722297600,1.507,1.531,1.413,1.424,16021.47630223,44
1722384000,1.427,1.44,1.386,1.391,11334.03163351,31
1722470400,1.396,1.403,1.285,1.35,9708.01370617,31
1722556800,1.34,1.34,1.167,1.17,28135.65536957,69
1722643200,1.163,1.201,1.079,1.092,25742.65157549,38
1722729600,1.095,1.116,1.044,1.116,4670.94267771,16
1722816000,1.101,1.101,0.898,1.018,42500.89097098,134
1722902400,1.058,1.084,1.031,1.031,21051.99833817,37
1722988800,1.037,1.069,0.983,0.989,6851.72407888,18
1723075200,0.976,1.145,0.976,1.145,17501.28255178,44
1723161600,1.142,1.148,1.11,1.126,20093.13570943,32
1723248000,1.131,1.153,1.101,1.15,6225.31175261,25
1723334400,1.155,1.16,1.078,1.087,19709.70068734,31
1723420800,1.089,1.136,1.068,1.082,2203.38134393,25
1723507200,1.091,1.263,1.054,1.184,21972.99278192,69
1723593600,1.18,1.18,1.075,1.093,39894.97053106,129
1723680000,1.114,1.166,1.04,1.054,13974.58332265,54
1723766400,1.059,1.069,1.027,1.069,7963.02445923,30
1723852800,1.051,1.064,1.049,1.064,4270.83931552,14
1723939200,1.062,1.105,1.059,1.101,2151.69090432,15
1724025600,1.077,1.09,1.068,1.086,5413.10012701,32
1724112000,1.118,1.131,1.097,1.131,3456.60656117,10
1724198400,1.131,1.176,1.131,1.167,4717.51503648,23
1724284800,1.167,1.196,1.166,1.196,16438.72997399,31
1724371200,1.199,1.26,1.199,1.26,8611.66315657,31
1724457600,1.257,1.304,1.234,1.277,15025.77046329,131
1724544000,1.219,1.262,1.219,1.259,3129.43487501,11
1724630400,1.251,1.254,1.203,1.214,11988.33170625,22
1724716800,1.216,1.252,1.094,1.106,10711.40408237,31
1724803200,1.099,1.121,1.067,1.077,2385.83247439,10
1724889600,1.096,1.122,1.076,1.076,3178.87934023,12
1724976000,1.086,1.107,1.077,1.077,7972.65411172,21
1725062400,1.086,1.086,1.05,1.058,2244.97645119,8
1725148800,1.053,1.053,0.994,1.0,8439.04107709,20
1725235200,1.008,1.063,1.008,1.062,597.15911081,10
1725321600,1.081,1.096,1.056,1.059,309.17802118,7
1725408000,1.031,1.078,0.998,1.053,8279.26630373,19
1725494400,1.063,1.065,1.042,1.052,1108.62534329,5
1725580800,1.042,1.049,0.96,0.986,4786.67456834,26
1725667200,0.989,1.012,0.982,0.993,2626.97163557,14
1725753600,1.018,1.022,1.007,1.022,5206.61224256,10
1725840000,1.026,1.07,1.026,1.07,3004.61929483,11
1725926400,1.083,1.105,1.083,1.103,850.71915791,6
1726012800,1.09,1.09,1.056,1.068,15029.74627278,46
1726099200,1.068,1.113,1.068,1.112,9556.59420697,38
1726185600,1.114,1.128,1.091,1.128,1151.19701187,8
1726272000,1.125,1.125,1.084,1.101,1395.98659282,9
1726358400,1.109,1.109,1.109,1.109,135.99274705,1
1726444800,1.084,1.084,1.031,1.031,938.64294865,11
1726531200,1.042,1.121,1.042,1.118,2989.16633638,13
1726617600,1.131,1.163,1.102,1.163,6210.43752765,13
1726704000,1.181,1.212,1.178,1.203,2373.98536778,40
1726790400,1.182,1.238,1.182,1.238,7727.3559702,22
1726876800,1.248,1.278,1.236,1.262,3565.76032554,13
1726963200,1.239,1.239,1.213,1.213,1037.7604335,8
1727049600,1.269,1.278,1.261,1.266,560.85354277,12
1727136000,1.27,1.274,1.234,1.267,3364.21475766,25
1727222400,1.276,1.333,1.276,1.276,31865.58600962,74
1727308800,1.273,1.336,1.264,1.303,11849.45338236,30
1727395200,1.319,1.342,1.319,1.326,960.69057694,9
1727481600,1.336,1.336,1.307,1.309,1884.20478296,13
1727568000,1.316,1.34,1.294,1.34,10610.15300869,22
1727654400,1.324,1.324,1.214,1.226,15449.83428508,49
1727740800,1.216,1.264,1.088,1.103,10904.08299205,43
1727827200,1.113,1.147,1.082,1.093,5927.7912064,21
1727913600,1.112,1.112,1.045,1.075,11094.84893415,23
1728000000,1.112,1.144,1.098,1.144,11855.22659152,16
1728086400,1.144,1.18,1.124,1.131,3065.20833221,16
1728172800,1.142,1.166,1.142,1.166,64.41018781,4
1728259200,1.168,1.187,1.133,1.145,12799.28321911,31
1728345600,1.141,1.154,1.099,1.1,4034.52473154,16
1728432000,1.109,1.126,1.089,1.089,1984.75086697,11
1728518400,1.083,1.097,1.055,1.055,2480.91201166,13
1728604800,1.089,1.133,1.086,1.13,2407.60442868,11
1728691200,1.129,1.158,1.129,1.154,1769.78955418,10
1728777600,1.156,1.156,1.096,1.115,561.22664873,14
1728864000,1.124,1.183,1.117,1.182,3689.47679939,35
1728950400,1.179,1.184,1.114,1.144,10205.87200961,51
1729036800,1.155,1.155,1.125,1.14,1034.57755804,9
1729123200,1.134,1.134,1.08,1.107,393.90242449,12
1729209600,1.105,1.138,1.105,1.138,3710.88095201,14
1729296000,1.153,1.189,1.15,1.166,8691.09863002,39
1729382400,1.159,1.228,1.156,1.226,6699.16165585,42
1729468800,1.23,1.254,1.182,1.192,11607.07294986,36
1729555200,1.192,1.196,1.161,1.188,7209.74787536,21
1729641600,1.165,1.173,1.116,1.142,4989.51118532,30
1729728000,1.163,1.174,1.124,1.168,11206.96301492,36
1729814400,1.163,1.171,1.004,1.039,14828.413314,28
1729900800,1.03,1.064,1.029,1.042,5178.95292929,14
1729987200,1.041,1.092,1.038,1.089,5818.29848378,24
1730073600,1.067,1.074,1.046,1.073,3376.3513282,22
1730160000,1.12,1.158,1.101,1.154,1598.5633937,22
1730246400,1.17,1.273,1.152,1.237,19687.2206212,92
1730332800,1.252,1.256,1.115,1.127,34799.08781341,80
1730419200,1.115,1.115,1.053,1.053,8874.08394262,45
1730505600,1.066,1.075,1.034,1.04,3296.39134885,15
1730592000,1.029,1.029,0.954,0.994,6439.84195103,127
1730678400,0.987,1.006,0.964,0.97,5851.74724064,15
1730764800,0.979,1.037,0.975,1.017,5362.95219043,46
1730851200,1.024,1.156,1.023,1.152,9671.80053434,81
1730937600,1.159,1.18,1.149,1.171,6266.60702782,30
1731024000,1.174,1.174,1.142,1.156,3604.02667278,30
1731110400,1.176,1.219,1.175,1.219,7985.22560851,79
1731196800,1.212,1.296,1.196,1.244,24099.28238242,120
1731283200,1.265,1.327,1.23,1.321,18845.16691483,91
1731369600,1.306,1.384,1.23,1.304,76376.42942107,156
1731456000,1.301,1.311,1.167,1.206,13109.96872799,56
1731542400,1.227,1.263,1.178,1.178,31496.63257861,56
1731628800,1.207,1.255,1.16,1.25,26852.86732118,33
1731715200,1.248,1.361,1.248,1.361,21830.38213528,69
1731801600,1.373,1.375,1.282,1.285,13798.06580302,58
1731888000,1.281,1.389,1.185,1.359,46119.73228543,113
1731974400,1.377,1.382,1.29,1.315,16726.919863,61
1732060800,1.311,1.311,1.221,1.241,15185.95312841,48
1732147200,1.239,1.338,1.215,1.338,10192.63436949,41
1732233600,1.336,1.381,1.3,1.381,11753.85851457,57
1732320000,1.379,1.472,1.365,1.431,35033.30802854,138
1732406400,1.444,1.542,1.384,1.542,61228.80859356,196
1732492800,1.537,1.636,1.473,1.527,47536.33989992,141
1732579200,1.54,1.598,1.443,1.576,11038.0794652,76
1732665600,1.558,1.71,1.557,1.663,34104.71291915,225
1732752000,1.659,1.695,1.612,1.695,16456.62432901,119
1732838400,1.687,1.816,1.684,1.774,18871.91294727,148
1732924800,1.77,2.159,1.756,1.902,15478.89019397,215
1733011200,1.865,1.917,1.815,1.889,8971.736373,65
1733097600,1.901,2.006,1.763,1.929,64507.74998735,432
1733184000,1.944,2.154,1.872,2.154,65330.1308316,345
1733270400,2.138,2.286,2.106,2.17,43561.38405697,258
1733356800,2.187,2.6,2.08,2.185,76177.51645198,744
1733443200,2.203,2.254,1.8,2.219,39411.32692356,160
1733529600,2.202,2.268,2.167,2.201,8108.22919794,60
1733616000,2.18,2.289,2.122,2.289,7149.37238,50
1733702400,2.285,2.297,1.5,1.763,44428.07093319,218
1733788800,1.756,1.827,1.531,1.672,45594.23171056,224
1733875200,1.635,2.475,1.622,1.839,16146.25953065,166
1733961600,1.824,2.231,1.813,2.075,46438.1948441,420
1734048000,2.079,2.09,1.961,2.001,9189.49552598,104
1734134400,2.029,2.037,1.82,1.853,13235.54572259,67
1734220800,1.838,1.925,1.801,1.911,2289.84350557,29
1734307200,1.942,1.981,1.814,1.891,10797.34124742,64
1734393600,1.861,1.893,1.748,1.748,28771.08921529,103
1734480000,1.763,1.763,1.576,1.585,14259.81780788,75
1734566400,1.577,1.6,1.396,1.442,20066.65957535,113
1734652800,1.45,1.525,1.24,1.48,26596.8499742,231
1734739200,1.488,1.581,1.376,1.391,19421.71927642,158
1734825600,1.392,1.434,1.356,1.414,2023.93843008,25
1734912000,1.39,1.574,1.384,1.509,10993.63482741,145
1734998400,1.502,1.578,1.485,1.564,12603.88803736,228
1735084800,1.564,1.584,1.522,1.54,13701.79583803,169
1735171200,1.538,1.538,1.403,1.42,3406.44786145,25
1735257600,1.427,1.508,1.414,1.443,1292.7187894,24
1735344000,1.441,1.526,1.439,1.51,5820.38471517,34
1735430400,1.512,1.512,1.454,1.454,767.77374271,18
1735516800,1.447,1.496,1.401,1.459,2349.85745689,15
1735603200,1.422,1.556,1.408,1.409,2077.11103761,38
1735689600,1.411,1.455,1.38,1.455,3380.33687927,22
1735776000,1.46,1.53,1.457,1.49,8084.01875821,35
1735862400,1.51,1.581,1.479,1.581,7875.90476047,38
1735948800,1.593,1.594,1.552,1.578,3479.99453739,35
1736035200,1.56,1.591,1.558,1.59,8457.02422125,36
1736121600,1.568,1.642,1.56,1.6,62894.75626036,298
1736208000,1.579,1.588,1.445,1.445,4651.09956618,34
1736294400,1.454,1.526,1.338,1.373,19947.59574896,134
1736380800,1.386,1.399,1.296,1.331,4487.83752757,47
1736467200,1.338,1.382,1.329,1.373,15231.93452802,53
1736553600,1.35,1.381,1.345,1.359,2633.9747252,18
1736640000,1.364,1.371,1.318,1.332,3736.12792502,18
1736726400,1.349,1.365,1.183,1.279,67275.74297247,88
1736812800,1.274,1.331,1.274,1.325,8839.77343735,42
1736899200,1.323,1.399,1.29,1.399,10521.43804363,56
1736985600,1.403,1.42,1.358,1.389,4664.61777819,34
1737072000,1.398,1.52,1.398,1.503,12611.65702574,67
1737158400,1.509,1.513,1.372,1.387,4618.76422019,35
1737244800,1.437,1.442,1.274,1.305,25429.02226381,126
1737331200,1.289,1.34,1.204,1.215,12258.80698556,125
1737417600,1.179,1.269,1.167,1.239,20348.76237274,110
1737504000,1.238,1.278,1.221,1.221,20345.93148224,126
1737590400,1.227,1.23,1.174,1.183,6227.72973753,80
1737676800,1.208,1.253,1.174,1.174,36551.64070817,121
1737763200,1.158,1.209,1.158,1.208,5369.38812529,38
1737849600,1.213,1.385,1.213,1.266,58876.05110753,250
1737936000,1.266,1.269,1.134,1.199,12975.80939399,57
1738022400,1.197,1.197,1.1,1.1,7029.10763177,42
1738108800,1.104,1.165,1.101,1.144,20472.57811741,64
1738195200,1.139,1.217,1.139,1.199,6149.87526735,27
1738281600,1.178,1.223,1.166,1.185,5491.32975532,17
1738368000,1.18,1.198,1.07,1.073,5284.64800533,35
1738454400,1.072,1.084,0.949,0.988,29881.62612156,81
1738540800,1.008,1.04,0.676,1.031,62721.78610459,201
1738627200,1.007,1.007,0.896,0.924,46821.91133375,106
1738713600,0.923,0.948,0.896,0.896,13548.5798274,31
1738800000,0.922,0.922,0.847,0.853,10890.67775607,29
1738886400,0.876,0.918,0.871,0.871,10140.51877893,22
1738972800,0.879,0.917,0.856,0.917,7575.07517306,23
1739059200,0.935,0.953,0.863,0.904,7099.03559325,31
1739145600,0.917,0.956,0.917,0.947,6965.05464924,92
1739232000,0.956,1.002,0.948,0.953,9424.2540123,249
1739318400,0.966,1.014,0.918,1.0,20180.76385074,324
1739404800,0.997,0.997,0.961,0.994,23390.24317184,52
1739491200,0.987,1.018,0.973,0.99,16511.2371249,33
1739577600,1.002,1.006,0.968,0.968,4456.52557745,14
1739664000,0.975,1.001,0.957,0.962,7903.36298262,26
1739750400,0.971,1.045,0.965,0.988,10062.50358253,36
1739836800,0.956,0.96,0.908,0.943,9805.15537522,206
1739923200,0.948,0.979,0.948,0.979,950.07538671,19
1740009600,0.994,1.049,0.994,1.049,5243.01122124,22
1740096000,1.056,1.176,1.056,1.095,17379.73759783,120
1740182400,1.083,1.115,1.071,1.115,5317.24704806,15
1740268800,1.118,1.121,1.076,1.076,11676.92482948,27
1740355200,1.092,1.092,0.885,0.896,26139.72135531,50
1740441600,0.909,0.936,0.836,0.935,26119.77640994,71
1740528000,0.928,0.993,0.927,0.98,20953.6733482,43
1740614400,0.985,1.018,0.963,0.972,19314.67224158,27
1740700800,0.96,0.971,0.891,0.96,48420.21835643,89
1740787200,0.951,0.985,0.912,0.985,12663.08073332,173
1740873600,0.977,1.052,0.957,1.052,35075.23975481,158
1740960000,1.051,1.051,0.899,0.918,16216.42100827,85
1741046400,0.896,0.899,0.824,0.864,24463.97929598,283
1741132800,0.87,0.92,0.868,0.915,1232.39305308,18
1741219200,0.919,0.934,0.876,0.898,3828.87446763,60
1741305600,0.899,0.937,0.849,0.902,19034.48927798,163
1741392000,0.873,0.883,0.868,0.868,5015.98217335,11
1741478400,0.877,0.878,0.763,0.765,1805.02110111,84
1741564800,0.764,0.816,0.708,0.734,24049.8304738,58
1741651200,0.715,0.76,0.682,0.75,22932.66981206,71
1741737600,0.748,0.774,0.718,0.756,8225.74196555,36
1741824000,0.758,0.76,0.724,0.725,12744.93377893,26
1741910400,0.755,0.787,0.751,0.774,8405.78604483,36
1741996800,0.771,0.792,0.771,0.792,1170.31528001,8
1742083200,0.779,0.792,0.738,0.738,1099.14734228,16
1742169600,0.744,0.832,0.744,0.797,26820.77142026,63
1742256000,0.797,0.799,0.753,0.784,13148.84790692,27
1742342400,0.791,0.813,0.784,0.802,6815.4692146,46
1742428800,0.814,0.814,0.771,0.771,45058.38667062,44
1742515200,0.778,0.784,0.753,0.774,11089.13806933,27
1742601600,0.795,0.826,0.795,0.804,34572.2365143,101
1742688000,0.804,0.819,0.778,0.797,15443.19520092,34
1742774400,0.805,0.849,0.795,0.842,4134.01314633,34
1742860800,0.846,0.874,0.833,0.862,28601.02865417,70
1742947200,0.861,0.863,0.828,0.841,5501.4544791,81
1743033600,0.847,0.853,0.824,0.833,3988.75757074,20
1743120000,0.829,0.831,0.752,0.752,4532.45911682,29
1743206400,0.77,0.77,0.718,0.719,1130.30821124,11
1743292800,0.735,0.739,0.725,0.725,15430.44779989,27
1743379200,0.727,0.731,0.697,0.722,2916.42136271,16
