1652918400,0.1755,0.195,0.1573,0.1607,1742.28493403,48
1653004800,0.175,0.33,0.1601,0.1609,16133.88792801,41
1653091200,0.19,0.27,0.1786,0.1845,27280.0463843,28
1653177600,0.1804,0.1963,0.1803,0.1895,84418.8495692,69
1653264000,0.1895,0.195,0.18,0.18,28710.18875005,54
1653350400,0.1791,0.1798,0.164,0.1768,7813.33669332,21
1653436800,0.1702,0.1743,0.1682,0.1724,8592.53564776,17
1653523200,0.1746,0.1906,0.1564,0.1646,91875.84481794,87
1653609600,0.1646,0.1773,0.1513,0.1547,54587.98970663,38
1653696000,0.1554,0.1567,0.1541,0.1567,719.05031,9
1653782400,0.1558,0.1628,0.1558,0.1628,3417.82117968,12
1653868800,0.1729,0.1767,0.1667,0.1767,10340.46037362,13
1653955200,0.1773,0.1796,0.1672,0.1766,90654.60454722,44
1654041600,0.1744,0.1808,0.1672,0.169,7743.3355688,21
1654128000,0.173,0.191,0.1717,0.1819,7633.20682443,30
1654214400,0.1795,0.1829,0.1682,0.1744,26268.47887858,18
1654300800,0.1745,0.1781,0.1699,0.1781,1910.92273236,8
1654387200,0.1773,0.1829,0.1749,0.1815,15278.80656615,27
1654473600,0.1862,0.1933,0.1856,0.1933,3514.51717441,20
1654560000,0.185,0.2013,0.1777,0.2013,13601.4199878,24
1654646400,0.2003,0.2003,0.1863,0.1866,2548.93994267,12
1654732800,0.186,0.1864,0.1808,0.1816,2044.10048501,12
1654819200,0.1852,0.1885,0.1669,0.1703,19893.98386027,24
1654905600,0.1726,0.1735,0.1578,0.1613,900.24077266,8
1654992000,0.1469,0.1536,0.1456,0.1469,6692.7808411,9
1655078400,0.1393,0.1393,0.1252,0.1365,9174.70050326,17
1655164800,0.1188,0.1303,0.1188,0.1262,15647.91686962,29
1655251200,0.1253,0.1338,0.1153,0.1322,4583.15668047,20
1655337600,0.1324,0.1347,0.1254,0.128,2100.18267603,14
1655424000,0.1297,0.1325,0.1292,0.1325,2108.35909725,7
1655510400,0.1342,0.1342,0.1183,0.1201,742.81386359,4
1655596800,0.1225,0.1251,0.1186,0.1251,556.19178364,4
1655683200,0.1284,0.138,0.1279,0.1341,7120.27111151,10
1655769600,0.1444,0.1471,0.1419,0.1421,4764.18505972,6
1655856000,0.1363,0.1365,0.1315,0.1356,6835.47922532,11
1655942400,0.1385,0.1423,0.1374,0.1423,2727.58532392,6
1656028800,0.146,0.1474,0.1437,0.1474,5377.81502067,9
1656115200,0.1507,0.1522,0.1451,0.1498,20354.33033252,14
1656201600,0.1497,0.1517,0.1432,0.1464,18426.9343469,13
1656288000,0.1435,0.1486,0.1435,0.1486,1535.2616238,4
1656374400,0.1487,0.1564,0.1459,0.1463,36757.08621953,15
1656460800,0.1417,0.1444,0.137,0.1398,2564.70537863,21
1656547200,0.1388,0.1388,0.1251,0.1282,4395.45680314,14
1656633600,0.1332,0.1378,0.1328,0.1361,4208.98680901,11
1656720000,0.1363,0.1412,0.1331,0.1406,13731.17500886,14
1656806400,0.1357,0.1389,0.1349,0.1389,1159.68468912,6
1656892800,0.1382,0.1501,0.1382,0.1465,14806.84332145,16
1656979200,0.1463,0.1463,0.1401,0.143,20164.34107424,25
1657065600,0.1425,0.1425,0.1411,0.1412,84.65058609,3
1657152000,0.1414,0.1476,0.1414,0.1476,4410.92673393,9
1657238400,0.1476,0.1527,0.1462,0.1485,30737.58185564,49
1657324800,0.1491,0.1528,0.1485,0.1508,1459.29100326,11
1657411200,0.1462,0.1551,0.1462,0.149,10685.18389086,18
1657497600,0.1483,0.1483,0.1397,0.1397,10552.49036571,8
1657584000,0.136,0.1363,0.1342,0.1345,32339.09882322,11
1657670400,0.1346,0.1346,0.1273,0.1343,16411.16184571,12
1657756800,0.1342,0.1362,0.1293,0.1362,2249.07861604,17
1657843200,0.1368,0.1394,0.1368,0.1394,270.55462387,4
1657929600,0.1415,0.1427,0.1415,0.1417,810.21359,4
1658016000,0.1422,0.1422,0.1407,0.1407,102.00650877,3
1658102400,0.1432,0.1502,0.1432,0.1481,1621.5007126,7
1658188800,0.1497,0.1575,0.1497,0.1561,7371.9008708,10
1658275200,0.1587,0.1592,0.1459,0.1463,49465.77837746,29
1658361600,0.1467,0.147,0.1417,0.1417,14083.48586533,11
1658448000,0.1454,0.1483,0.1389,0.1389,14552.01355429,25
1658534400,0.142,0.1432,0.1388,0.1407,2367.80598151,9
1658620800,0.1425,0.145,0.1425,0.145,2294.64674804,13
1658707200,0.1424,0.1424,0.1357,0.1365,11599.77638309,9
1658793600,0.1325,0.1327,0.1302,0.1304,737.87953971,6
1658880000,0.1412,0.1431,0.1412,0.1431,1347.74844392,4
1658966400,0.1439,0.1519,0.142,0.1519,2046.41243022,6
1659052800,0.1537,0.1538,0.1456,0.1514,37092.72221791,13
1659139200,0.1572,0.1572,0.1465,0.1476,7662.02859031,6
1659225600,0.1499,0.1606,0.1484,0.1488,6405.05772535,20
1659312000,0.1551,0.1682,0.1551,0.1608,201397.33074301,75
1659398400,0.1607,0.1607,0.1498,0.1594,3215.43452335,11
1659484800,0.1634,0.1635,0.1619,0.1619,1014.52999347,10
1659571200,0.1593,0.1593,0.154,0.154,1500.03857353,8
1659657600,0.1551,0.1637,0.1551,0.1632,5130.64900101,10
1659744000,0.1634,0.1646,0.1623,0.163,31830.19206238,13
1659830400,0.1625,0.1649,0.1606,0.1627,24821.02014278,13
1659916800,0.1628,0.1677,0.1622,0.1628,4500.20829357,13
1660003200,0.1627,0.1633,0.1539,0.1539,33523.63921003,14
1660089600,0.1533,0.1658,0.1527,0.1658,23492.19424761,14
1660176000,0.1683,0.1838,0.1683,0.169,44122.35310048,40
1660262400,0.1709,0.1733,0.1687,0.1724,6824.39856974,13
1660348800,0.1727,0.1738,0.1721,0.1729,526.72503376,5
1660521600,0.1727,0.2303,0.1727,0.2042,231287.6589497199,217
1660608000,0.2042,0.2062,0.1833,0.1833,112000.70757745,94
1660694400,0.1864,0.1864,0.1729,0.1755,27847.28706714,54
1660780800,0.1756,0.1799,0.1674,0.1694,28444.24090524,25
1660867200,0.1656,0.1656,0.1481,0.1492,18381.86078492,28
1660953600,0.1526,0.1527,0.1431,0.144,22092.1314627,34
1661040000,0.1481,0.1522,0.1477,0.1522,2304.64495684,10
1661126400,0.1478,0.1478,0.1415,0.1437,28346.6191723,5
1661212800,0.146,0.1474,0.145,0.1466,1938.76732682,8
1661299200,0.1474,0.1509,0.1442,0.1508,2693.85609215,10
1661385600,0.1515,0.1606,0.1515,0.1548,44663.41171813,27
1661472000,0.1562,0.1562,0.1448,0.1448,37086.00651874,27
1661558400,0.143,0.143,0.1401,0.1414,4568.17546,6
1661644800,0.143,0.1799,0.141,0.141,38944.76280608,44
1661731200,0.1411,0.1411,0.1411,0.1411,694.75235,1
1661817600,0.147,0.1496,0.1442,0.1464,12180.53644237,12
1661904000,0.1493,0.1493,0.1445,0.1468,1954.68895126,6
1661990400,0.1423,0.1423,0.1399,0.14,19700.08897687,21
1662076800,0.1428,0.1451,0.1392,0.1392,17108.12636755,23
1662163200,0.1416,0.1421,0.1416,0.1421,2746.45220237,2
1662249600,0.1415,0.143,0.1403,0.143,12346.29559648,5
1662336000,0.143,0.1431,0.1416,0.1416,10511.48867122,9
1662422400,0.1456,0.1481,0.1324,0.1325,43703.26867147,40
1662508800,0.1294,0.1365,0.1279,0.1365,22288.24425878,11
1662595200,0.1347,0.1435,0.1347,0.1381,166710.70515777,67
1662681600,0.1407,0.1495,0.1224,0.148,74682.08589851,53
1662768000,0.1502,0.1507,0.1471,0.1478,19099.58433696,13
1662854400,0.1497,0.1534,0.1485,0.1507,65540.93731701,33
1662940800,0.1499,0.1546,0.1498,0.1501,31410.45935095,27
1663027200,0.1489,0.1511,0.1408,0.1408,22376.11257653,43
1663113600,0.1403,0.1403,0.1395,0.1396,6205.78765281,4
1663200000,0.1371,0.1376,0.1335,0.1335,4223.4,5
1663286400,0.1335,0.1359,0.1332,0.1359,15602.0393333,19
1663372800,0.1388,0.1412,0.1387,0.1412,4952.8142814,4
1663459200,0.1397,0.1397,0.1271,0.1295,7744.018691,13
1663545600,0.1302,0.1302,0.1259,0.1286,12223.8,5
1663632000,0.1305,0.1305,0.1305,0.1305,165.26056,1
1663718400,0.1278,0.1331,0.1276,0.1276,8572.87933948,12
1663804800,0.1235,0.1296,0.1235,0.1294,325.04894591,3
1663891200,0.1344,0.1344,0.1318,0.132,11269.50654,5
1663977600,0.1322,0.1322,0.1322,0.1322,45.23041,1
1664064000,0.1311,0.1311,0.1286,0.1286,8057.92571333,4
1664150400,0.1285,0.1295,0.1252,0.1279,13417.3111778,10
1664236800,0.1321,0.1349,0.1321,0.1325,12186.10951,8
1664323200,0.124,0.1279,0.124,0.1272,20134.35144983,8
1664409600,0.1263,0.1278,0.1247,0.1278,19476.93990199,7
1664496000,0.1298,0.1298,0.1273,0.1273,11558,4
1664582400,0.1287,0.1287,0.1277,0.1279,10069.34291,3
1664668800,0.1274,0.1274,0.1274,0.1274,1518.82943484,2
1664755200,0.1225,0.127,0.1225,0.127,19787.06660952,6
1664841600,0.1279,0.1321,0.1279,0.1293,10446.20760001,11
1664928000,0.1272,0.1272,0.1262,0.1268,4792.03631,4
1665014400,0.1308,0.131,0.128,0.1285,10274.71607638,8
1665100800,0.1289,0.1289,0.1277,0.1283,1042.53323,3
1665187200,0.1296,0.1327,0.1296,0.1327,6417.63471887,3
1665273600,0.1315,0.1315,0.1291,0.1309,8427.34028835,8
1665360000,0.1303,0.1303,0.1294,0.1294,113.3183,2
1665446400,0.123,0.1236,0.123,0.1236,4265,3
1665532800,0.1232,0.1232,0.1226,0.1226,24.4492,2
1665619200,0.12,0.12,0.1104,0.1159,6428.69929172,14
1665705600,0.1197,0.1204,0.1143,0.1148,21051.05867531,13
1665792000,0.1156,0.1156,0.1141,0.1147,1265.54079582,7
1665878400,0.119,0.119,0.119,0.119,41.39587,1
1665964800,0.1186,0.309,0.1184,0.1205,387816.30051042,77
1666051200,0.1194,0.121,0.1191,0.1191,60039.94226763,16
1666137600,0.1167,0.1167,0.1158,0.1158,17724.93955094,3
1666224000,0.1166,0.1169,0.1144,0.1144,365.81663125,3
1666310400,0.1116,0.1141,0.1116,0.1141,1128.22424593,6
1666396800,0.1162,0.1162,0.1156,0.1159,173.74233,3
1666483200,0.1164,0.118,0.1155,0.118,1910.91065292,3
1666569600,0.1179,0.1179,0.1168,0.1178,3920.60344692,5
1666656000,0.1181,0.1225,0.118,0.1225,9053.21365314,11
1666742400,0.1243,0.1243,0.1234,0.1237,6085.85491283,5
1666828800,0.1268,0.128,0.1234,0.1234,17642.10262839,9
1667001600,0.1259,0.1296,0.1259,0.1275,3724.22372462,5
1667088000,0.1277,0.1277,0.1238,0.1238,9730.67065151,22
1667174400,0.1217,0.124,0.1217,0.1229,252.94717354,3
1667260800,0.1223,0.1232,0.122,0.122,28829.40042522,7
1667347200,0.1219,0.122,0.1176,0.1177,55098.01297461,89
1667433600,0.1248,0.1264,0.1242,0.1242,12198.30195305,22
1667520000,0.1265,0.1315,0.1265,0.1286,9568.72190959,16
1667606400,0.1332,0.1419,0.1332,0.1388,97349.90763535,50
1667692800,0.1319,0.1319,0.1275,0.1275,455.73187198,4
1667779200,0.1297,0.1358,0.122,0.122,19091.29100495,22
1667865600,0.1343,0.309,0.0854,0.1087,72037.12141997,51
1667952000,0.1053,0.2767,0.0748,0.076,31509.69220882,43
1668038400,0.1056,0.2699,0.076,0.1019,50619.38131659,56
1668124800,0.1019,0.1494,0.0823,0.083,23329.73584852,78
1668211200,0.083,0.0873,0.0821,0.0872,865.79605963,14
1668297600,0.1057,0.1057,0.0814,0.0935,851.58806459,5
1668384000,0.085,0.102,0.085,0.102,3687.26400207,12
1668470400,0.102,0.102,0.0836,0.0836,529.89475186,3
1668556800,0.102,0.102,0.0853,0.0853,2620.68078376,17
1668643200,0.0856,0.0889,0.0836,0.0889,830.9392425,5
1668729600,0.0838,0.1004,0.0838,0.0852,2573.56791865,12
1668816000,0.0857,0.0857,0.0857,0.0857,36,1
1668902400,0.0895,0.0895,0.0884,0.0884,1413.49474123,2
1668988800,0.0949,0.1039,0.0895,0.0895,574.141728,4
1669075200,0.0907,0.0942,0.0907,0.0942,2250.86106876,4
1669161600,0.11,0.11,0.0982,0.1054,24280.07385379,24
1669248000,0.102,0.1055,0.0995,0.1055,10879.63552493,24
1669334400,0.104,0.1055,0.0984,0.0984,10923.77689026,10
1669420800,0.1039,0.1055,0.1003,0.1003,2841.72741248,9
1669507200,0.1055,0.1055,0.1055,0.1055,106.19620853,1
1669593600,0.0956,0.1139,0.0939,0.1036,14523.15877762,20
1669680000,0.1005,0.1139,0.1003,0.1004,1154.1077446,10
1669766400,0.1137,0.1139,0.103,0.1139,4631.74530943,24
1669852800,0.104,0.1165,0.1038,0.1165,1109.79680768,11
1669939200,0.1051,0.1483,0.1011,0.102,430583.7068738702,86
1670025600,0.1021,0.1086,0.101,0.1035,24965.95935943,48
1670112000,0.1035,0.2445,0.1,0.1033,630301.0710821799,203
1670198400,0.1033,0.1073,0.1,0.101,26379.18795583,66
1670284800,0.1003,0.1045,0.0996,0.1,70473.09968386,27
1670371200,0.1039,0.21,0.0883,0.0957,3491000.532959859,460
1670457600,0.0964,0.1021,0.0949,0.0958,6793.66788647,31
1670544000,0.0976,0.0977,0.0956,0.0956,3782.85174075,11
1670630400,0.0956,0.1199,0.0956,0.097,36651.42568491,60
1670716800,0.1046,0.12,0.0992,0.1081,25795.61655259,39
1670803200,0.1037,0.1037,0.0944,0.0944,35064.65101771,53
1670889600,0.0945,0.0998,0.0944,0.097,3301.93305386,15
1670976000,0.097,0.1014,0.0821,0.0954,55192.40922262,150
1671062400,0.0984,0.0999,0.0901,0.0999,20818.81526772,44
1671148800,0.0987,0.105,0.0968,0.0968,22249.25924418,60
1671235200,0.0954,0.096,0.0852,0.096,8399.77974296,18
1671321600,0.096,0.096,0.0773,0.0807,32361.15710358,27
1671408000,0.0891,0.0891,0.0804,0.0866,6754.48332567,9
1671494400,0.0883,0.0911,0.0824,0.0911,6373.68350078,22
1671580800,0.0911,0.0911,0.0794,0.08,2671.40630984,14
1671667200,0.08,0.09,0.08,0.0841,4048.38991134,45
1671753600,0.0859,0.0899,0.0793,0.0837,36540.20940436,76
1671840000,0.0837,0.0899,0.0819,0.0855,4762.3279431,31
1671926400,0.0877,0.0877,0.0818,0.0842,567.16458879,14
1672012800,0.0824,0.091,0.0814,0.0841,7116.62530543,48
1672099200,0.0863,0.0863,0.0793,0.0793,10222.64178752,25
1672185600,0.0793,0.0882,0.0735,0.0774,25468.22007644,86
1672272000,0.0751,0.0787,0.0706,0.0732,15022.48761186,68
1672358400,0.0732,0.0758,0.0712,0.0712,18216.15317502,43
1672444800,0.0711,0.0911,0.0581,0.0758,54472.73283192,106
1672531200,0.075,0.0819,0.0667,0.0784,26218.11937636,30
1672617600,0.0783,0.0835,0.0702,0.0807,18530.92528527,43
1672704000,0.0866,0.0874,0.0759,0.0864,8036.46055781,19
1672790400,0.0774,0.0857,0.0767,0.0808,38335.22771916,68
1672876800,0.0794,0.0804,0.0776,0.0804,11349.29385447,11
1672963200,0.0776,0.0798,0.0751,0.0751,18682.23716937,28
1673049600,0.0787,0.0805,0.076,0.0804,10958.41285203,19
1673136000,0.0805,0.0805,0.0764,0.08,1569.97237198,6
1673222400,0.0799,0.0831,0.0794,0.0826,35464.4102694,36
1673308800,0.0828,0.096,0.0828,0.0877,46208.8736242,49
1673395200,0.0858,0.0874,0.0808,0.0874,6232.13960863,19
1673481600,0.0859,0.1047,0.0821,0.0877,31643.82875446,49
1673568000,0.0877,0.1,0.0861,0.0883,10361.8384728,21
1673654400,0.0996,0.0999,0.0904,0.0949,42981.39732255,42
1673740800,0.0878,0.1448,0.0878,0.12,104946.86095874,123
1673827200,0.12,0.12,0.0978,0.1026,97227.37322618,109
1673913600,0.1015,0.1179,0.0991,0.1048,31424.68964872,37
1674000000,0.1024,0.1085,0.0992,0.0992,33836.44015103,72
1674086400,0.1,0.1004,0.0956,0.1004,17492.98983429,17
1674172800,0.0985,0.1101,0.0954,0.1058,32767.38913101,29
1674259200,0.1066,0.12,0.0994,0.1053,44470.17544926,56
1674345600,0.1047,0.125,0.1013,0.1063,66387.45929266,57
1674432000,0.1065,0.1081,0.1058,0.1081,5600.47304134,15
1674518400,0.11,0.1175,0.0923,0.1035,82950.92930476,118
1674604800,0.1,0.1083,0.0985,0.1052,6215.83763529,16
1674691200,0.1079,0.1082,0.107,0.1082,23455.23860641,9
1674777600,0.1082,0.1167,0.1038,0.114,37847.26968338,56
1674864000,0.1144,0.1199,0.111,0.1111,22492.32838301,40
1674950400,0.1142,0.1163,0.1056,0.1108,28409.87175552,71
1675036800,0.1134,0.1135,0.1023,0.1066,10966.31629772,51
1675123200,0.1035,0.1105,0.1024,0.1071,1590.37480774,19
1675209600,0.1093,0.1119,0.0848,0.1105,35327.1827744,71
1675296000,0.1103,0.1114,0.1011,0.1076,10768.30261371,37
1675382400,0.1077,0.1122,0.1077,0.1122,6301.47698747,35
1675468800,0.1122,0.12,0.1009,0.1157,55597.22209523,127
1675555200,0.1194,0.1257,0.1099,0.1208,46014.65247629,113
1675641600,0.1154,0.1242,0.1146,0.1146,1924.01190331,10
1675728000,0.1147,0.1312,0.1147,0.1167,6805.26462354,24
1675814400,0.1314,0.1315,0.1167,0.1278,104516.6821019,85
1675900800,0.1285,0.1509,0.1111,0.1111,151214.0712381401,204
1675987200,0.1111,0.1183,0.1111,0.1111,149316.15815557,84
1676073600,0.1115,0.1115,0.1106,0.1113,33754.19125176,108
1676160000,0.1122,0.1122,0.109,0.109,1233.27806013,14
1676246400,0.109,0.109,0.0997,0.0997,52971.70999651,81
1676332800,0.1038,0.1087,0.1001,0.1067,8057.2142872,25
1676419200,0.1048,0.125,0.1043,0.1146,32683.54324522,46
1676505600,0.1158,0.1211,0.1078,0.1159,52590.03860795,71
1676592000,0.1165,0.1207,0.1153,0.1207,5317.10820749,18
1676678400,0.119,0.1199,0.1184,0.1199,1695.47245775,5
1676764800,0.1194,0.1206,0.1174,0.1192,6968.56710195,45
1676851200,0.1198,0.1277,0.1173,0.1268,13370.78635014,60
1676937600,0.1268,0.127,0.1198,0.1198,22050.36140349,40
1677024000,0.1202,0.1231,0.1135,0.1154,14490.81110032,24
1677110400,0.1215,0.1237,0.1187,0.1237,19403.16577301,21
1677196800,0.126,0.1451,0.126,0.1296,103115.70386844,162
1677283200,0.1247,0.1249,0.1159,0.1191,43375.19343379,55
1677369600,0.1191,0.1211,0.1191,0.1211,8441.77793727,9
1677456000,0.1196,0.1199,0.1136,0.1177,11249.0971135,15
1677542400,0.1204,0.1361,0.119,0.1265,17519.57157111,26
1677628800,0.1265,0.1344,0.1207,0.1321,14826.89502036,22
1677715200,0.1267,0.1267,0.1167,0.1244,7249.26668767,19
1677801600,0.1243,0.1243,0.1133,0.114,25238.62805362,37
1677888000,0.116,0.1169,0.1093,0.1139,34953.29092463,36
1677974400,0.1127,0.1142,0.1093,0.1133,9420.5021613,20
1678060800,0.1123,0.1123,0.1071,0.1112,52022.10306545,45
1678147200,0.1077,0.109,0.1028,0.1034,16032.87618825,34
1678233600,0.1051,0.1051,0.0968,0.0982,42121.94415426,48
1678320000,0.0987,0.0987,0.087,0.0894,33289.99985789,65
1678406400,0.0878,0.0909,0.086,0.0909,12111.97936337,22
1678492800,0.092,0.0922,0.0881,0.089,16803.3025776,11
1678579200,0.0892,0.0961,0.0881,0.0961,16654.81428807,33
1678665600,0.0966,0.1061,0.0963,0.1061,30893.2568428,33
1678752000,0.1058,0.1118,0.1036,0.1073,23949.09717307,49
1678838400,0.1099,0.1101,0.0995,0.1009,17195.23617289,29
1678924800,0.102,0.1073,0.102,0.1051,13861.36018214,18
1679011200,0.1051,0.1091,0.1044,0.1091,40031.82204966,27
1679097600,0.1091,0.1123,0.0949,0.1075,18767.40892109,37
1679184000,0.1092,0.1123,0.1084,0.1109,5218.34983933,14
1679270400,0.1091,0.1233,0.1022,0.105,28184.12082471,86
1679356800,0.1045,0.1111,0.1031,0.1111,9756.62671607,21
1679443200,0.1112,0.1121,0.1029,0.1046,45792.77745845,37
1679529600,0.1059,0.1096,0.1011,0.1096,10716.29537914,21
1679616000,0.1084,0.1109,0.1027,0.1029,3101.66409295,29
1679702400,0.1048,0.1048,0.1013,0.1013,1662.26835039,6
1679788800,0.1027,0.1081,0.1013,0.1081,259.3519786,8
1679875200,0.1079,0.1079,0.0949,0.0975,21223.55418018,33
1679961600,0.0982,0.0989,0.0946,0.0989,4537.71025655,5
1680048000,0.0994,0.1043,0.0994,0.1031,5914.05448458,17
1680134400,0.1042,0.1105,0.104,0.1053,15481.86153733,50
1680220800,0.1068,0.1068,0.1032,0.1068,4458.36303776,15
1680307200,0.1083,0.1126,0.1083,0.1113,17771.7403914,29
1680393600,0.108,0.1081,0.1048,0.1063,31513.72475321,43
1680480000,0.1049,0.1059,0.1026,0.1026,19246.24954606,26
1680566400,0.1042,0.1073,0.103,0.1073,2009.5211722,20
1680652800,0.1083,0.1133,0.1048,0.1133,9783.82094692,32
1680739200,0.1123,0.1282,0.1095,0.1134,136251.30563308,222
1680825600,0.1116,0.1195,0.1002,0.1123,47347.64304518,94
1680912000,0.1086,0.111,0.1054,0.1078,8078.86162433,29
1680998400,0.1075,0.1084,0.1058,0.1082,1107.68319684,10
1681084800,0.1084,0.1111,0.1077,0.1111,10467.48453936,22
1681171200,0.1111,0.112,0.1088,0.1105,8510.85879574,32
1681257600,0.1122,0.1164,0.1065,0.1065,20617.31061501,43
1681344000,0.1064,0.1114,0.1064,0.111,10305.10497278,18
1681430400,0.1119,0.1206,0.105,0.1135,26051.39946062,38
1681516800,0.1109,0.113,0.1095,0.1129,2907.17639,7
1681603200,0.1131,0.1194,0.108,0.1146,27479.48341212,52
1681689600,0.113,0.115,0.1068,0.1146,9581.65149132,36
1681776000,0.1113,0.1153,0.1112,0.1153,8019.76079595,11
1681862400,0.1063,0.1119,0.1041,0.1041,15696.60338858,34
1681948800,0.1054,0.1248,0.105,0.109,221502.20342782,213
1682035200,0.1127,0.127,0.1124,0.1178,82736.3648300101,183
1682121600,0.1145,0.1159,0.1075,0.1089,57292.27629549,128
1682208000,0.11,0.11,0.1008,0.1063,12235.45963586,50
1682294400,0.1059,0.1083,0.1008,0.1033,21926.07715384,28
1682380800,0.1036,0.1036,0.1,0.1036,8030.23029157,19
1682467200,0.1028,0.1064,0.0984,0.1041,6416.13892966,17
1682553600,0.1021,0.1041,0.1013,0.1033,21365.37735525,26
1682640000,0.1029,0.1031,0.1013,0.1024,1634.46377357,6
1682726400,0.1034,0.104,0.1034,0.104,954.93300328,2
1682812800,0.1033,0.1033,0.1019,0.1019,5952.96532328,6
1682899200,0.1029,0.1029,0.0992,0.1005,3125.46496173,5
1682985600,0.0987,0.0987,0.0984,0.0986,2076.59696368,4
1683072000,0.1,0.101,0.0988,0.101,1669.08655,5
1683158400,0.1013,0.1013,0.0986,0.0999,1780.36661889,5
1683244800,0.1004,0.1004,0.1003,0.1003,2072.02974,2
1683331200,0.1001,0.101,0.0983,0.0983,515.66579113,4
1683417600,0.0991,0.0993,0.0991,0.0993,1995.02527002,2
1683504000,0.0979,0.0986,0.0892,0.0917,11525.76318112,22
1683590400,0.0905,0.0955,0.0902,0.0955,5717.86350894,8
1683676800,0.0912,0.0965,0.0908,0.0965,4397.10621688,7
1683763200,0.0971,0.1113,0.0898,0.0975,56109.85678634,101
1683849600,0.0892,0.0919,0.0854,0.0876,10721.46429104,37
1683936000,0.0884,0.0884,0.0873,0.0881,8704.87387012,8
1684022400,0.0873,0.0888,0.0847,0.0886,22964.13398522,21
1684108800,0.089,0.09,0.0885,0.0887,36749.35798185,28
1684195200,0.0891,0.0901,0.088,0.0901,1937.70450903,5
1684281600,0.0895,0.0949,0.0884,0.0897,35531.53114388,41
1684368000,0.0902,0.0944,0.0893,0.0934,18745.09855614,23
1684454400,0.0898,0.0908,0.0888,0.0901,7162.31702124,10
1684540800,0.0895,0.0909,0.0895,0.0908,1039.96105,6
1684627200,0.0909,0.0909,0.0885,0.0885,18052.3761807,29
1684713600,0.0872,0.1046,0.0859,0.0873,102500.58940724,125
1684800000,0.0876,0.0884,0.0848,0.0877,9973.6959675,21
1684886400,0.0877,0.0877,0.0847,0.0847,7329.72960067,14
1684972800,0.083,0.0851,0.0827,0.0851,15273.8792806,19
1685059200,0.0849,0.0849,0.0833,0.0842,2293.77273327,7
1685145600,0.0845,0.0854,0.0845,0.0854,1175.36074,3
1685232000,0.0866,0.0877,0.0866,0.0877,4778.87990407,7
1685318400,0.0855,0.0868,0.0855,0.0865,1400.2182566,5
1685404800,0.0864,0.0864,0.0855,0.0855,1447.3647357,2
1685491200,0.086,0.086,0.0832,0.0834,5063.86972095,9
1685577600,0.0827,0.085,0.0824,0.0837,11411.8174107,21
1685664000,0.0837,0.0837,0.0837,0.0837,8821.3740707,18
1685750400,0.0854,0.0854,0.0854,0.0854,174.81628,1
1685836800,0.085,0.0851,0.085,0.0851,344.17375,2
1685923200,0.0836,0.0849,0.0784,0.0785,22100.40473434,34
1686009600,0.0798,0.0835,0.0784,0.0823,5365.27064251,16
1686096000,0.0801,0.081,0.0763,0.0771,21776.16467235,24
1686182400,0.0809,0.081,0.0766,0.081,11777.75156908,19
1686268800,0.0766,0.0801,0.0765,0.0791,2558.68974883,7
1686355200,0.0786,0.0786,0.0677,0.0703,10482.6757914,22
1686441600,0.0716,0.0724,0.0701,0.0712,5183.95814717,6
1686528000,0.0695,0.071,0.0692,0.071,10686.82476913,8
1686614400,0.0727,0.0733,0.0708,0.0709,20978.15616649,20
1686700800,0.0717,0.0717,0.0688,0.0688,5479.75952979,7
1686787200,0.0697,0.0708,0.0676,0.0708,21057.49330934,18
1686873600,0.0694,0.071,0.0681,0.0701,5618.25528979,13
1686960000,0.0699,0.0726,0.0699,0.0725,4613.99219659,11
1687046400,0.0711,0.0712,0.0711,0.0712,446.89652,3
1687132800,0.0721,0.0737,0.0683,0.0713,44443.70823097,37
1687219200,0.0705,0.0729,0.0705,0.0727,14477.19150084,20
1687305600,0.0737,0.0766,0.0714,0.0759,58966.08253712,81
1687392000,0.0763,0.0784,0.0762,0.0763,6913.64002992,16
1687478400,0.0786,0.0815,0.0786,0.0804,1832.02361704,5
1687564800,0.0798,0.0838,0.0798,0.0826,6130.97081418,21
1687651200,0.0844,0.0848,0.0812,0.0812,13022.09096641,28
1687737600,0.0812,0.085,0.0804,0.0804,3450.40283688,12
1687824000,0.0811,0.0854,0.0811,0.0846,14041.02043004,13
1687910400,0.0834,0.0869,0.079,0.079,6929.56017653,17
1687996800,0.081,0.0817,0.08,0.081,1412.60966392,7
1688083200,0.0797,0.0839,0.0782,0.0839,6469.03785265,13
1688169600,0.0833,0.228,0.0801,0.0838,295330.5401803198,259
1688256000,0.0843,0.0859,0.083,0.0847,12868.46333655,26
1688342400,0.0846,0.0864,0.0844,0.0864,4759.09812766,10
1688428800,0.0844,0.0957,0.0839,0.0867,47944.07913914,75
1688515200,0.0879,0.0921,0.0847,0.0847,6528.77316044,18
1688601600,0.0842,0.0851,0.0822,0.0822,10154.85068387,26
1688688000,0.0817,0.084,0.0806,0.0836,2488.3332995,13
1688774400,0.0825,0.0826,0.0807,0.0818,9941.58924017,8
1688860800,0.083,0.0905,0.083,0.0837,17624.09219265,23
1688947200,0.0811,0.0823,0.0788,0.0823,16067.77026827,26
1689033600,0.0834,0.1378,0.0834,0.0919,249789.5797200102,566
1689120000,0.0922,0.0981,0.0866,0.0879,53599.4407146,120
1689206400,0.0868,0.0945,0.0854,0.0883,35167.79203615,40
1689292800,0.0888,0.0949,0.0866,0.0885,15822.99185904,25
1689379200,0.0871,0.0956,0.0871,0.0927,14893.83267534,43
1689465600,0.0927,0.0934,0.0893,0.0893,16946.06821604,25
1689552000,0.0898,0.09,0.088,0.0886,1630.06234185,7
1689638400,0.09,0.09,0.0857,0.0857,2029.76496585,10
1689724800,0.0883,0.0889,0.0866,0.0889,970.98727181,4
1689811200,0.0871,0.0882,0.0855,0.0873,13085.2805107,24
1689897600,0.0855,0.0866,0.0855,0.0865,578.82649151,4
1689984000,0.0866,0.0914,0.0866,0.0886,12607.21492558,23
1690070400,0.0915,0.0915,0.0891,0.0891,7566.15924682,11
1690156800,0.0864,0.0907,0.0845,0.0845,6597.31329308,9
1690243200,0.086,0.0869,0.086,0.0864,4470.45504354,7
1690329600,0.0861,0.0869,0.086,0.0869,20742.09846708,18
1690416000,0.0874,0.0919,0.0853,0.0868,1758.65659301,9
1690502400,0.0869,0.0883,0.0864,0.0879,937.85869254,7
1690588800,0.0888,0.0904,0.0888,0.0902,2487.95127494,8
1690675200,0.0901,0.0901,0.0866,0.0866,10029.64695707,13
1690761600,0.0882,0.0882,0.086,0.0863,4625.85698,13
1690848000,0.0857,0.0862,0.0842,0.0854,1057.09250222,7
1691020800,0.0856,0.0969,0.0856,0.0882,31314.76009492,41
1691107200,0.0861,0.0863,0.0851,0.0851,4065.4545854,7
1691193600,0.0851,0.0871,0.0851,0.0871,564.5720294,2
1691280000,0.0855,0.0862,0.0847,0.0855,764.01391091,4
1691366400,0.0864,0.0864,0.0832,0.0842,714.94584122,4
1691452800,0.0852,0.0974,0.0845,0.0891,30663.95933388,70
1691539200,0.0866,0.0879,0.0866,0.0868,4220.54442,6
1691625600,0.0867,0.0884,0.0865,0.0868,2946.62594028,9
1691712000,0.0875,0.0875,0.0864,0.0864,5182.05883977,4
1691798400,0.0866,0.0889,0.0824,0.0857,27411.57410562,40
1691884800,0.0862,0.0872,0.0862,0.0872,5562.52139383,8
1691971200,0.0859,0.089,0.0859,0.0878,2911.28801781,10
1692057600,0.0865,0.0865,0.0818,0.0818,5609.66435842,12
1692144000,0.0843,0.0843,0.0762,0.0767,12496.09795248,23
1692230400,0.0759,0.0794,0.0691,0.0741,17609.03653468,57
1692316800,0.0709,0.0762,0.0696,0.0714,17667.94274077,29
1692403200,0.0725,0.0757,0.0713,0.0757,8178.46988488,9
1692489600,0.0721,0.0744,0.0718,0.0723,3922.12335977,7
1692576000,0.0731,0.0731,0.0712,0.0712,909.88567011,2
1692662400,0.0716,0.0716,0.0695,0.0702,217.34741,3
1692748800,0.0703,0.0722,0.0703,0.0719,2005.71446368,15
1692835200,0.0713,0.0718,0.0699,0.0699,1808.79239183,3
1692921600,0.0701,0.0751,0.0695,0.0704,95571.35282049,91
1693008000,0.0721,0.0721,0.0691,0.0717,1726.77439494,6
1693094400,0.072,0.0726,0.072,0.0726,2019.46506191,6
1693180800,0.0703,0.071,0.0703,0.0705,1333.1222656,5
1693267200,0.0702,0.0724,0.068,0.072,2783.46523601,14
1693353600,0.0712,0.0713,0.0703,0.0705,1096.81605828,7
1693440000,0.0713,0.0745,0.0688,0.0697,37054.59217759,41
1693526400,0.0691,0.0696,0.0675,0.0685,678.17573305,5
1693612800,0.0695,0.0697,0.0682,0.0689,6277.38485001,11
1693699200,0.0698,0.071,0.0689,0.069,8490.99144098,11
1693785600,0.0685,0.0691,0.068,0.068,883.58294451,4
1693872000,0.0696,0.0696,0.0687,0.0687,3811.11351,3
1693958400,0.0693,0.0693,0.0693,0.0693,1235.75602274,2
1694044800,0.0701,0.0701,0.0694,0.0696,1223.68720106,4
1694131200,0.0695,0.0697,0.0695,0.0697,1814.78055095,4
1694217600,0.0697,0.0711,0.0696,0.0696,15958.71811617,15
1694390400,0.0676,0.068,0.0647,0.0647,8021.34198726,13
1694476800,0.0652,0.0666,0.0651,0.0666,2714.90645408,7
1694563200,0.0682,0.0684,0.0682,0.0683,1220.77102,3
1694649600,0.0685,0.0713,0.0684,0.0696,2241.96216945,10
1694736000,0.0717,0.0717,0.0717,0.0717,294.10422945,2
1694822400,0.0725,0.0745,0.0725,0.0745,11172.69072966,14
1694908800,0.0741,0.0741,0.0711,0.0711,26157.82881125,23
1694995200,0.0725,0.0725,0.0725,0.0725,1161.8169,6
1695081600,0.0715,0.0732,0.0715,0.0732,3006.97486755,4
1695168000,0.074,0.0795,0.074,0.0771,18070.03088352,26
1695254400,0.0764,0.0764,0.0736,0.075,8862.05394633,11
1695340800,0.0748,0.0809,0.0748,0.077,14144.13857002,28
1695427200,0.0787,0.0787,0.0787,0.0787,577.87806,2
1695513600,0.076,0.076,0.0753,0.0753,230.24336225,2
1695600000,0.0752,0.0767,0.0752,0.0757,1434.13406702,5
1695686400,0.0751,0.0755,0.0745,0.0755,764.88711775,4
1695859200,0.0762,0.0782,0.0749,0.0773,14715.54230387,17
1695945600,0.0777,0.0777,0.0751,0.0774,22228.47486142,26
1696032000,0.0774,0.0781,0.0774,0.0781,4282.19373225,12
1696118400,0.0778,0.079,0.0775,0.079,4129.38093497,11
1696204800,0.077,0.077,0.0764,0.0764,565.304709,2
1696291200,0.076,0.0919,0.076,0.0792,142368.4933176799,231
1696377600,0.0787,0.079,0.0767,0.0769,18177.83373569,16
1696464000,0.0761,0.08,0.0754,0.0754,7703.75877148,7
1696550400,0.0759,0.0767,0.0727,0.0761,30473.53607534,40
1696636800,0.0765,0.0786,0.0755,0.0761,6748.06219019,16
1696723200,0.0761,0.0763,0.075,0.075,1938.96920344,10
1696809600,0.0753,0.0767,0.0714,0.0735,15158.67582305,19
1696896000,0.0735,0.0735,0.073,0.0733,286.74331176,5
1696982400,0.073,0.0733,0.0715,0.0721,2099.81717959,9
1697068800,0.0723,0.0739,0.0723,0.0731,2334.3282509,6
1697155200,0.074,0.0747,0.0723,0.0741,7872.20703355,11
1697241600,0.0741,0.0749,0.0741,0.0749,838.01740441,5
1697328000,0.0749,0.0829,0.0749,0.0798,17339.44045139,45
1697414400,0.0803,0.0817,0.0787,0.0797,3795.92185324,19
1697500800,0.0802,0.1078,0.0792,0.0841,303456.15781725,551
1697587200,0.084,0.0902,0.0823,0.0858,16585.0935505,36
1697673600,0.0831,0.0849,0.0794,0.0809,21457.2329052,42
1697760000,0.0806,0.0873,0.08,0.0846,10658.85877907,23
1697846400,0.0868,0.0981,0.0867,0.0913,134980.41541529,141
1697932800,0.0904,0.095,0.0868,0.0911,26172.08571013,49
1698019200,0.0889,0.094,0.0878,0.0919,42170.5604618,63
1698105600,0.0911,0.0995,0.0891,0.0928,68811.133475,59
1698192000,0.0928,0.1029,0.0901,0.0954,102274.45627856,110
1698278400,0.0953,0.0953,0.0901,0.0916,209081.2028391699,142
1698364800,0.0921,0.0921,0.0891,0.0898,104719.20466912,121
1698451200,0.0886,0.0958,0.0854,0.0901,99019.1071788299,157
1698537600,0.0909,0.0926,0.0901,0.0926,116577.58490075,100
1698624000,0.0917,0.0971,0.0917,0.0971,20759.1382925,42
1698710400,0.0971,0.0974,0.0901,0.0948,22157.93240482,66
1698796800,0.0931,0.0967,0.0924,0.096,7151.17328825,22
1698883200,0.0967,0.1095,0.0939,0.096,68775.37858555,118
1698969600,0.0955,0.0992,0.0931,0.0973,3465.23955854,27
1699056000,0.0965,0.0995,0.0965,0.0986,1241.97945534,7
1699142400,0.1001,0.1001,0.0956,0.0993,6999.72706028,29
1699228800,0.0981,0.1011,0.0946,0.1011,137992.36394908,145
1699315200,0.0998,0.1115,0.0952,0.105,410687.8515353197,292
1699401600,0.1049,0.1155,0.1049,0.1065,64747.71808812,105
1699488000,0.1073,0.11,0.0985,0.1045,51273.66960378,100
1699574400,0.109,0.1098,0.1015,0.1094,19283.56644743,50
1699660800,0.1099,0.1102,0.1026,0.1085,21554.48933449,41
1699747200,0.1082,0.1145,0.1057,0.108,38420.25273954,81
1699833600,0.1093,0.1127,0.1042,0.1117,48764.12317326,103
1699920000,0.1103,0.1321,0.1093,0.1291,79538.26304778,199
1700006400,0.1242,0.1292,0.1183,0.1291,147623.42406842,194
1700092800,0.1298,0.1777,0.1291,0.1367,160663.2364224799,338
1700179200,0.1348,0.2445,0.1348,0.1998,807006.0849664604,1500
1700265600,0.2003,0.2026,0.1353,0.1426,891930.5904093,1329
1700352000,0.1384,0.1405,0.116,0.1299,569541.0695115601,537
1700438400,0.1299,0.1317,0.1106,0.1235,566064.8499345205,399
1700524800,0.1249,0.1289,0.1082,0.1093,77452.05116636,132
1700611200,0.1093,0.1182,0.1061,0.1147,190262.00247777,139
1700697600,0.114,0.1147,0.1078,0.1137,25187.53515302,34
1700784000,0.1126,0.1151,0.1097,0.1142,23502.12875531,35
1700870400,0.114,0.1156,0.1128,0.1141,369672.2251795699,118
1700956800,0.1146,0.1168,0.1111,0.1126,51446.66760281,75
1701043200,0.1128,0.1136,0.1064,0.108,27824.15610904,43
1701129600,0.1087,0.1122,0.1066,0.1098,26531.61434267,40
1701216000,0.1117,0.1168,0.1081,0.1109,44197.67934239,42
1701302400,0.1112,0.1115,0.104,0.1081,19533.17723809,31
1701388800,0.1082,0.1169,0.1042,0.1101,23317.9479556,38
1701475200,0.1102,0.1166,0.1053,0.1119,50877.08944922,67
1701561600,0.1124,0.1125,0.1078,0.1101,30883.49303561,48
1701648000,0.1105,0.1118,0.1088,0.1095,26082.84920233,54
1701734400,0.1095,0.1117,0.1092,0.1117,5581.71784371,16
1701820800,0.1118,0.114,0.109,0.11,36175.87760456,87
1701907200,0.1103,0.1142,0.1072,0.1142,34280.10211624,58
1701993600,0.1143,0.129,0.1127,0.1158,243436.74030412,158
1702080000,0.1162,0.1253,0.1121,0.1158,62740.67121272,88
1702166400,0.1169,0.1181,0.1138,0.1165,18008.08140178,35
1702252800,0.1147,0.1185,0.0967,0.1074,123248.92694694,180
1702339200,0.1071,0.1106,0.1052,0.1078,9478.59760721,28
1702425600,0.1065,0.11,0.1044,0.1092,8588.78018168,22
1702512000,0.1096,0.1196,0.1079,0.1104,43750.16905289,79
1702598400,0.1102,0.1102,0.105,0.1068,12127.72221573,31
1702684800,0.1067,0.1096,0.1047,0.1084,43468.00829984,39
1702771200,0.1091,0.1157,0.1063,0.1086,27186.94468384,51
1702857600,0.1077,0.1077,0.0978,0.1054,47742.99638419,50
1702944000,0.1061,0.1074,0.1044,0.1051,3477.40028068,6
1703030400,0.104,0.1074,0.1015,0.1067,16293.19026354,29
1703116800,0.106,0.1196,0.1025,0.1064,330058.6719689598,144
1703203200,0.1089,0.1101,0.1076,0.11,19423.04210578,26
1703289600,0.1098,0.1107,0.1084,0.1099,26145.8865459,21
1703376000,0.1099,0.11,0.1069,0.1084,20838.00820972,52
1703462400,0.1082,0.111,0.1037,0.111,35176.86337511,32
1703548800,0.1102,0.1102,0.1043,0.1067,28827.72332997,33
1703635200,0.1071,0.1106,0.105,0.1096,29608.22437523,43
1703721600,0.1104,0.1109,0.105,0.1073,91950.0526169,54
1703808000,0.1075,0.1101,0.1041,0.1052,71842.2301598,42
1703894400,0.1051,0.1078,0.1018,0.1049,22142.78395045,22
1703980800,0.1049,0.1071,0.0998,0.1041,72335.92595174,59
1704067200,0.1048,0.1071,0.103,0.1038,33566.93765818,27
1704153600,0.1075,0.1096,0.1055,0.1068,42106.78973232,53
1704240000,0.108,0.1087,0.0981,0.1028,68225.02283704,93
1704326400,0.1019,0.1128,0.0983,0.1036,49349.61291979,77
1704412800,0.1044,0.1047,0.1006,0.103,50221.95670087,47
1704499200,0.1058,0.1082,0.1019,0.1044,150208.82750006,144
1704585600,0.1052,0.1052,0.0977,0.0988,244664.0109537701,174
1704672000,0.0984,0.1077,0.0905,0.099,198941.3938199999,186
1704758400,0.0983,0.1022,0.0909,0.0964,248608.4309270198,164
1704844800,0.097,0.1002,0.0922,0.1002,10735.19191728,17
1704931200,0.1009,0.1046,0.0977,0.102,95771.354393,69
1705017600,0.1035,0.1043,0.0917,0.0969,62899.02021728,65
1705104000,0.0982,0.1015,0.0974,0.1009,11553.85260548,47
1705190400,0.0998,0.1009,0.0975,0.0976,16791.24048233,27
1705276800,0.098,0.1,0.0968,0.0992,22991.77864783,31
1705363200,0.1004,0.1011,0.0971,0.1006,15504.9891881,22
1705449600,0.1007,0.1016,0.0974,0.1008,30217.68769245,26
1705536000,0.101,0.1044,0.0966,0.0976,106028.1046085901,114
1705622400,0.0973,0.1175,0.097,0.1011,440565.59627115,460
1705708800,0.0988,0.1009,0.0946,0.0983,235802.1218145299,158
1705795200,0.0981,0.0995,0.0962,0.0962,34624.35993882,37
1705881600,0.0971,0.0971,0.0911,0.0916,164390.49145998,109
1705968000,0.0918,0.0926,0.0844,0.0875,172774.79018907,129
1706054400,0.0885,0.0992,0.0872,0.0938,48283.63843125,67
1706140800,0.0949,0.1027,0.0915,0.0966,70290.33382996,105
1706227200,0.0966,0.0993,0.0962,0.0969,12506.56826917,17
1706313600,0.096,0.0966,0.095,0.0954,30676.27899494,18
1706400000,0.0957,0.0974,0.0945,0.0949,7330.15275499,5
1706486400,0.0947,0.0957,0.0935,0.0956,12172.29005171,14
1706572800,0.0954,0.0965,0.0938,0.0946,8370.11182383,14
1706659200,0.0938,0.0938,0.0897,0.0907,14406.1593641,19
1706745600,0.09,0.0906,0.087,0.0906,8164.92723745,16
1706832000,0.0917,0.0918,0.0905,0.0918,4138.50548,3
1706918400,0.0915,0.0915,0.0913,0.0915,3574.30601164,4
1707004800,0.0905,0.0905,0.0899,0.0899,1031.21517017,4
1707091200,0.0906,0.0922,0.0861,0.0922,12896.09332762,18
1707177600,0.0901,0.0914,0.0897,0.09,10596.16826033,13
1707264000,0.0903,0.0909,0.0861,0.0907,36371.81339518,36
1707350400,0.0909,0.0924,0.0892,0.0915,10177.8564123,15
1707436800,0.0925,0.0999,0.0925,0.094,30690.34297269,30
1707523200,0.0937,0.0956,0.0937,0.0956,7275.48368824,8
1707609600,0.0956,0.1009,0.0956,0.0981,32811.71444688,39
1707696000,0.0972,0.1033,0.0958,0.0977,156254.69389997,157
1707782400,0.0977,0.0984,0.094,0.0968,44594.19959182,55
1707868800,0.0967,0.099,0.0817,0.0982,70879.83098296,83
1707955200,0.0982,0.101,0.0977,0.1006,38721.74223967,74
1708041600,0.1006,0.1034,0.0986,0.1031,32028.27188415,70
1708128000,0.1031,0.1057,0.099,0.1015,37202.10663992,64
1708214400,0.1015,0.1124,0.1015,0.1082,90628.72781927,107
1708300800,0.1079,0.1207,0.1067,0.1127,148690.37574408,264
1708387200,0.1123,0.1124,0.0817,0.1112,111312.24733265,147
1708473600,0.109,0.109,0.1047,0.1069,13022.52464065,21
1708560000,0.1057,0.1115,0.1052,0.1065,63111.19169246,46
1708646400,0.1069,0.1166,0.1063,0.1145,88917.3144032,103
1708732800,0.1149,0.115,0.1091,0.112,42379.16278731,133
1708819200,0.1101,0.113,0.105,0.111,71895.36587535,115
1708905600,0.1098,0.1119,0.1069,0.1113,56130.88995388,146
1708992000,0.1125,0.1242,0.1123,0.1176,192845.5829348201,229
1709078400,0.1179,0.1201,0.1106,0.1188,141125.7798025002,209
1709164800,0.1157,0.1266,0.1155,0.121,87502.47072375,164
1709251200,0.1219,0.1281,0.119,0.1281,99851.53118915,178
1709337600,0.1285,0.1334,0.1256,0.1318,90691.99514684,112
1709424000,0.1317,0.1366,0.121,0.1358,111355.7384979901,184
1709510400,0.1354,0.1427,0.1311,0.1403,230615.70086323,260
1709596800,0.1395,0.1418,0.1013,0.125,260196.2787514,319
1709683200,0.1252,0.1342,0.1189,0.1335,128005.36905073,258
1709769600,0.1336,0.1729,0.1336,0.1394,832321.2813544793,980
1709856000,0.1383,0.1511,0.1361,0.1421,87505.37873824,153
1709942400,0.142,0.1454,0.1348,0.1428,108199.85170727,126
1710028800,0.1424,0.1449,0.1406,0.1439,39393.68094489,71
1710115200,0.1445,0.1652,0.1404,0.1624,233062.5632634301,349
1710201600,0.158,0.1674,0.1444,0.1531,89256.92245157,188
1710288000,0.1528,0.1555,0.1496,0.1541,48461.07323111,156
1710374400,0.1541,0.1896,0.1512,0.1652,615683.0738211396,776
1710460800,0.1653,0.1656,0.1314,0.1499,167303.4974984801,344
1710547200,0.1494,0.1511,0.1307,0.1317,94290.73789817,157
1710633600,0.13,0.1375,0.1243,0.1375,140220.48292375,85
1710720000,0.1393,0.1419,0.1285,0.1319,39371.56751112,59
1710806400,0.1292,0.1292,0.1162,0.1182,58588.46869759,102
1710892800,0.1204,0.1352,0.1136,0.1352,100522.38980791,69
1710979200,0.1351,0.1526,0.1351,0.1485,234474.57225493,151
1711065600,0.1465,0.1642,0.1381,0.1398,189450.33873272,209
1711152000,0.142,0.1499,0.1405,0.1455,109849.70944534,101
1711238400,0.1474,0.1611,0.1459,0.1584,195979.4358128299,134
1711324800,0.1551,0.235,0.1544,0.2215,629062.6107032304,580
1711411200,0.2204,0.34,0.2202,0.2612,3125584.4884045324,4135
1711497600,0.2581,0.2599,0.2308,0.2352,846879.3970692098,748
1711584000,0.232,0.232,0.2144,0.2196,364046.5294959301,345
1711670400,0.2169,0.2169,0.203,0.2058,169432.68627037,173
1711756800,0.2094,0.2442,0.2094,0.2258,483232.7558425296,614
1711843200,0.2277,0.2549,0.2277,0.2411,453579.2712961698,447
1711929600,0.2412,0.2417,0.2076,0.219,228654.38757382,283
1712016000,0.2191,0.2191,0.1991,0.2001,115345.30289747,141
1712102400,0.2034,0.2186,0.1997,0.2055,177207.54122945,155
1712188800,0.2086,0.214,0.1978,0.212,106429.39174777,82
1712275200,0.2096,0.2096,0.1972,0.2037,36439.09454355,48
1712361600,0.204,0.2106,0.1991,0.2066,23206.17394492,44
1712448000,0.2105,0.2131,0.2047,0.211,24531.00835637,43
1712534400,0.2117,0.2142,0.2029,0.2129,47342.83727471,57
1712620800,0.2134,0.2134,0.2004,0.2024,42488.18013801,41
1712707200,0.1991,0.1996,0.1887,0.1975,32127.1049206,48
1712793600,0.1964,0.1976,0.1881,0.1909,38628.65628931,36
1712880000,0.1941,0.2349,0.1844,0.1897,698957.92110279,1375
1712966400,0.1878,0.1878,0.1373,0.156,562035.1330423701,581
1713052800,0.1548,0.1666,0.1483,0.1666,64783.17191528,95
1713139200,0.1683,0.179,0.1536,0.162,148257.7479411401,181
1713225600,0.1638,0.1638,0.1522,0.1601,28046.04483178,44
1713312000,0.1617,0.1685,0.155,0.1581,111566.11521824,240
1713398400,0.1586,0.1654,0.1525,0.1654,66903.9134245,63
1713484800,0.1622,0.1647,0.15,0.1623,132401.36275949,99
1713571200,0.1652,0.1752,0.1599,0.1739,42533.78999125,64
1713657600,0.1724,0.1748,0.1678,0.1712,26235.81412714,18
1713744000,0.171,0.1777,0.1696,0.1769,30836.65388534,17
1713830400,0.1772,0.1779,0.1718,0.1723,45746.43279048,51
1713916800,0.1751,0.1751,0.1599,0.1599,20575.63380288,51
1714003200,0.1605,0.1626,0.1549,0.1619,22267.51566289,33
1714089600,0.1621,0.209,0.1621,0.1916,644576.2439676693,1421
1714176000,0.1915,0.1915,0.1667,0.1711,149045.55872807,215
1714262400,0.1682,0.1691,0.1641,0.1648,76425.46608828,100
1714348800,0.1648,0.1648,0.1573,0.1644,34043.47486734,56
1714435200,0.1661,0.1757,0.1481,0.1528,136105.04615425,252
1714521600,0.1543,0.1679,0.1528,0.1578,126255.671486,205
1714608000,0.1547,0.1594,0.1522,0.1569,18210.45002073,62
1714694400,0.1556,0.1637,0.153,0.1637,17721.72484817,44
1714780800,0.1648,0.1668,0.1617,0.1653,16315.62238362,35
1714867200,0.1642,0.1683,0.1618,0.1667,6999.49175019,20
1714953600,0.1703,0.18,0.1659,0.1659,67227.4591986,68
1715040000,0.1652,0.1703,0.1636,0.1639,28757.85402827,46
1715126400,0.1628,0.1632,0.1574,0.1579,14412.20958469,23
1715212800,0.1605,0.1672,0.1585,0.1672,49101.47344016,29
1715299200,0.1683,0.183,0.1625,0.1625,85938.647568,185
1715385600,0.1638,0.165,0.1598,0.165,10424.76270264,37
1715472000,0.1618,0.1784,0.1618,0.166,34773.43112159,81
1715558400,0.1626,0.1679,0.1601,0.1612,1877.55907883,15
1715644800,0.1649,0.1649,0.1578,0.1585,14084.46540693,30
1715731200,0.1585,0.1694,0.1585,0.1691,3885.70050816,18
1715817600,0.167,0.1684,0.166,0.167,13498.5109967,38
1715904000,0.168,0.1747,0.165,0.1712,7161.31776624,38
1715990400,0.1722,0.1747,0.1682,0.17,2406.35246884,15
1716076800,0.1705,0.1705,0.1626,0.1627,6998.2269098,14
1716163200,0.1646,0.1746,0.1638,0.1746,15092.82119197,42
1716249600,0.1749,0.1749,0.1677,0.1691,24009.79131639,38
1716336000,0.1687,0.1687,0.1667,0.168,5575.30672373,7
1716422400,0.1679,0.1684,0.1599,0.1635,9611.4538599,37
1716508800,0.1644,0.1683,0.1617,0.1658,14695.3794288,27
1716595200,0.1655,0.1668,0.1648,0.1668,4947.66004115,9
1716681600,0.165,0.1683,0.1633,0.1634,16695.90929842,21
1716768000,0.1661,0.1747,0.1634,0.1656,36054.75186051,101
1716854400,0.1655,0.1656,0.1608,0.1626,41453.35815088,24
1716940800,0.1643,0.1645,0.1607,0.1607,13932.14480647,25
1717027200,0.1598,0.1609,0.1545,0.1554,54350.02439513,28
1717113600,0.1546,0.1546,0.1514,0.1542,21118.99718913,37
1717200000,0.1545,0.1558,0.1527,0.1544,20808.95702969,24
1717286400,0.1535,0.154,0.1514,0.1516,11239.04800128,19
1717372800,0.1506,0.1522,0.1439,0.1439,55500.94082102,77
1717459200,0.1451,0.1503,0.1437,0.1473,57770.88509694,68
1717545600,0.1484,0.1505,0.1471,0.1491,34495.89541542,30
1717632000,0.1493,0.1493,0.146,0.1462,28019.20574609,22
1717718400,0.1474,0.1502,0.1366,0.1376,75455.95358884,105
1717804800,0.1376,0.1376,0.1294,0.1297,22489.32750281,40
1717891200,0.1309,0.137,0.1309,0.1341,6353.23095093,11
1717977600,0.1327,0.1327,0.1299,0.1313,2767.47196877,12
1718064000,0.1336,0.1336,0.1214,0.1234,28513.79161301,57
1718150400,0.1245,0.1378,0.1224,0.1298,79437.29380633,123
1718236800,0.1311,0.1329,0.1239,0.1247,43209.76498646,61
1718323200,0.1277,0.1339,0.122,0.1237,14821.80363243,40
1718409600,0.1244,0.1255,0.1243,0.1254,5382.04635798,7
1718496000,0.1249,0.1265,0.1246,0.1265,5195.46833768,7
1718582400,0.1255,0.1255,0.1124,0.1126,39865.06963914,66
1718668800,0.112,0.112,0.1011,0.1045,12981.15734813,47
1718755200,0.106,0.1111,0.106,0.1103,7532.47200112,23
1718841600,0.1105,0.1136,0.1084,0.1084,36275.35792882,25
1718928000,0.111,0.1114,0.1096,0.1096,4519.19419018,11
1719014400,0.1098,0.1114,0.1069,0.1069,33026.56559592,38
1719100800,0.1089,0.1089,0.1035,0.1035,1580.62270248,15
1719187200,0.1031,0.1051,0.1,0.1051,9274.79193001,20
1719273600,0.1057,0.1087,0.1054,0.1086,4927.02325854,9
1719360000,0.1076,0.1076,0.1046,0.1046,19205.2041,9
1719446400,0.1047,0.1077,0.1047,0.1077,2748.1,2
1719532800,0.1066,0.1071,0.1057,0.1057,11079.7451094,5
1719619200,0.1065,0.1072,0.1059,0.106,9539.80319387,4
1719705600,0.109,0.1124,0.1054,0.1066,16481.5689015,35
1719792000,0.1061,0.1061,0.1049,0.1051,1754.76223675,4
1719878400,0.1039,0.1052,0.1034,0.1052,931.16649342,5
1719964800,0.1034,0.107,0.0998,0.0998,38650.18954615,31
1720051200,0.1013,0.1013,0.0886,0.0886,20093.49766663,19
1720137600,0.0856,0.09,0.0807,0.0885,18123.93052967,27
1720224000,0.0884,0.0948,0.0884,0.0948,5904.59742422,13
1720310400,0.0925,0.0925,0.0891,0.0891,1199.74290927,5
1720396800,0.0882,0.0948,0.0875,0.0924,2129.93961531,9
1720483200,0.0957,0.0966,0.0935,0.096,6024.74912579,14
1720569600,0.0969,0.0993,0.0969,0.0993,2732.11964166,6
1720656000,0.0987,0.0994,0.097,0.097,8855.05506303,7
1720742400,0.0965,0.0981,0.0956,0.0975,7514.89348988,4
1720828800,0.0986,0.1013,0.0986,0.1013,3560.22562945,9
1720915200,0.1013,0.1025,0.1001,0.1025,4296.71104547,8
1721001600,0.1035,0.1079,0.1031,0.1079,63269.53683992,16
1721088000,0.1072,0.1095,0.1035,0.1089,4721.08302939,22
1721174400,0.1098,0.1098,0.1071,0.1071,2838.40498706,15
1721260800,0.1066,0.1075,0.104,0.1047,13363.42927933,13
1721347200,0.1064,0.1182,0.1061,0.1091,79987.65981027,76
1721433600,0.1107,0.115,0.1097,0.1114,5269.1085009,30
1721520000,0.1098,0.1114,0.106,0.1114,6008.89049007,17
1721606400,0.1105,0.1105,0.1053,0.1053,1483.228397,9
1721692800,0.1057,0.1067,0.0999,0.1004,7638.32447559,18
1721779200,0.1009,0.1028,0.1009,0.1021,1875.75099644,5
1721865600,0.1025,0.104,0.0974,0.1011,7507.66855606,22
1721952000,0.1003,0.1058,0.1003,0.1058,7362.3536965,16
1722038400,0.106,0.1124,0.106,0.1124,12679.98667664,24
1722124800,0.1093,0.1106,0.1069,0.1098,2896.39617825,13
1722211200,0.1099,0.1128,0.109,0.1093,4674.4027988,22
1722297600,0.1084,0.1089,0.1038,0.1038,1571.32560122,7
1722384000,0.107,0.107,0.1017,0.1017,6871.29612632,8
1722470400,0.0999,0.101,0.095,0.0998,8900.27030918,7
1722556800,0.0996,0.1023,0.0927,0.0931,26576.38361715,52
1722643200,0.0909,0.0943,0.0886,0.0909,1566.29280345,12
1722729600,0.0935,0.0935,0.0868,0.0909,2195.36896666,7
1722816000,0.0826,0.0826,0.0719,0.0788,23753.73841458,77
1722902400,0.0813,0.083,0.0794,0.0824,7994.32422055,19
1722988800,0.0826,0.0842,0.08,0.08,16172.72464908,30
1723075200,0.081,0.0908,0.081,0.0894,9832.11474346,60
1723161600,0.0908,0.0923,0.0875,0.0888,29118.72372762,161
1723248000,0.0902,0.0928,0.0893,0.0928,1852.1460303,13
1723334400,0.0924,0.0927,0.0884,0.0884,2952.74741836,20
1723420800,0.0874,0.0909,0.0873,0.0895,3924.36673571,20
1723507200,0.0888,0.0924,0.0887,0.0915,49520.06655208,19
1723593600,0.0912,0.0922,0.0891,0.0896,8675.84374564,37
1723680000,0.0882,0.0897,0.0859,0.0859,6399.9846137,17
1723766400,0.0879,0.0879,0.0857,0.0873,2775.15948816,18
1723852800,0.0887,0.0888,0.0885,0.0885,6460.22414921,4
1723939200,0.0888,0.0912,0.088,0.0912,15275.13687226,18
1724025600,0.0892,0.1047,0.0892,0.0946,67609.3879755,83
1724112000,0.0954,0.0963,0.0925,0.094,27213.92912325,148
1724198400,0.0926,0.0988,0.0926,0.0984,8262.75213037,30
1724284800,0.0978,0.0983,0.0954,0.0975,8180.95147123,13
1724371200,0.0969,0.1033,0.0969,0.1032,10842.09874983,48
1724457600,0.102,0.105,0.102,0.1031,4958.71841657,17
1724544000,0.0999,0.1015,0.0993,0.1003,13537.34077505,8
1724630400,0.0988,0.099,0.0971,0.0976,2673.06693808,30
1724716800,0.0978,0.0978,0.0929,0.0929,4946.89158426,12
1724803200,0.0919,0.0946,0.089,0.0918,6384.4913208,24
1724889600,0.091,0.094,0.091,0.0922,2542.00595211,9
1724976000,0.0911,0.0929,0.0891,0.0924,4212.2353145,9
1725062400,0.0917,0.0927,0.0917,0.0927,130.50667435,2
1725148800,0.0913,0.0913,0.0882,0.0882,5939.77243025,13
1725235200,0.0887,0.0924,0.0872,0.092,4605.32410357,20
1725321600,0.0924,0.0951,0.0892,0.0892,3184.58298731,12
1725408000,0.0872,0.0912,0.0851,0.0899,9518.68886597,31
1725580800,0.0901,0.0937,0.0867,0.0867,3238.4850308,17
1725667200,0.0894,0.0899,0.0888,0.0888,4955.68093922,8
1725753600,0.0901,0.114,0.0901,0.104,184353.03946748,224
1725840000,0.1036,0.1069,0.0985,0.104,191376.25433242,169
1725926400,0.1026,0.1065,0.1013,0.1028,11367.52686366,25
1726012800,0.1022,0.1308,0.1018,0.1109,219712.96212188,225
1726099200,0.1118,0.1298,0.107,0.1134,70060.79443211,84
1726185600,0.1145,0.1165,0.107,0.1083,24491.56590305,26
1726272000,0.1083,0.1097,0.1069,0.107,15423.76059724,18
1726358400,0.1067,0.108,0.1051,0.1051,2999.39940399,11
1726444800,0.1103,0.1246,0.1027,0.1089,90623.77320397,98
1726531200,0.1109,0.1221,0.1088,0.1115,89027.51665036,167
1726617600,0.1078,0.1109,0.1041,0.1105,20895.91636306,62
1726704000,0.1104,0.1221,0.1063,0.1106,53963.96477068,79
1726790400,0.1113,0.1268,0.1087,0.1167,74659.06955732,128
1726876800,0.1179,0.1334,0.1175,0.1245,374801.0028021801,272
1726963200,0.1228,0.1375,0.1166,0.1261,211873.2330564,235
1727049600,0.1257,0.1299,0.1223,0.1299,11967.56672925,31
1727136000,0.128,0.1284,0.1218,0.1284,12711.22796158,36
1727222400,0.1265,0.133,0.1232,0.1232,29133.83304242,56
1727308800,0.1276,0.1297,0.1223,0.1292,12803.97379211,22
1727395200,0.1285,0.1307,0.1255,0.1284,11187.05064717,21
1727481600,0.127,0.1279,0.1235,0.1241,13261.79199801,22
1727568000,0.1246,0.1264,0.123,0.126,22895.10183313,32
1727654400,0.1226,0.1305,0.1188,0.1193,27189.83480698,47
1727740800,0.1192,0.1398,0.117,0.1265,127776.8691520699,269
1727827200,0.1299,0.1495,0.1258,0.1406,170030.25947678,366
1727913600,0.1385,0.1426,0.1248,0.1286,69059.17171407,177
1728000000,0.1294,0.1922,0.1279,0.1823,303985.5673072901,700
1728086400,0.1808,0.1962,0.1688,0.1816,350162.2260728703,678
1728172800,0.1804,0.2586,0.1778,0.2056,766123.1408576701,2287
1728259200,0.2015,0.2233,0.1748,0.1827,356537.1513296399,766
1728345600,0.1888,0.1906,0.162,0.167,286940.1921392301,498
1728432000,0.1704,0.171,0.1543,0.1581,95854.20594745,400
1728518400,0.1588,0.1663,0.1483,0.1562,263334.18091029,506
1728604800,0.156,0.1613,0.153,0.1613,58193.25136381,212
1728691200,0.1614,0.1629,0.1561,0.1576,107907.25327581,260
1728777600,0.1582,0.1587,0.1491,0.1518,59982.99123021,91
1728864000,0.1515,0.1576,0.1514,0.154,79495.47844501,116
1728950400,0.1558,0.1562,0.145,0.1483,74226.46681509,340
1729036800,0.1492,0.1539,0.142,0.1436,64625.5446408,170
1729123200,0.1421,0.1431,0.138,0.1392,10772.40713695,38
1729209600,0.1392,0.143,0.1389,0.1406,17103.77853913,36
1729296000,0.1414,0.1414,0.1386,0.1396,14514.08420262,17
1729382400,0.1379,0.1397,0.1361,0.139,20307.39463678,36
1729468800,0.1397,0.1405,0.133,0.133,16778.20872189,29
1729555200,0.1394,0.1518,0.1356,0.1433,110611.66064414,180
1729641600,0.1381,0.1406,0.1301,0.133,4361.52928209,32
1729728000,0.1377,0.1377,0.1292,0.1321,2963.18207801,17
1729814400,0.1284,0.132,0.1158,0.1202,48390.22068405,108
1729900800,0.1205,0.1417,0.1205,0.135,52062.1413059,166
1729987200,0.1377,0.1422,0.1293,0.13,34271.62621083,116
1730073600,0.1335,0.138,0.1259,0.1313,31435.82812844,70
1730160000,0.1302,0.134,0.1287,0.1323,38440.12387732,58
1730246400,0.1308,0.1308,0.1276,0.1276,8853.33976616,27
1730332800,0.1304,0.1321,0.1253,0.1273,5813.82218866,43
1730419200,0.1249,0.1259,0.1224,0.1232,9952.13542631,36
1730505600,0.1244,0.1262,0.1198,0.1198,11161.70185646,45
1730592000,0.121,0.1395,0.1186,0.1241,210355.9073830698,399
1730678400,0.1206,0.1206,0.1131,0.1148,119677.9861486,107
1730764800,0.1166,0.1193,0.1145,0.1177,50551.58057629,38
1730851200,0.1186,0.1274,0.1186,0.1274,25739.4317117,44
1730937600,0.1253,0.129,0.123,0.1232,47920.1263953,46
1731024000,0.1263,0.1267,0.1227,0.1243,15426.25735785,27
1731110400,0.1231,0.132,0.1231,0.1305,29068.06118569,69
1731196800,0.1308,0.1423,0.1299,0.1342,61670.80252308,169
1731283200,0.1356,0.1405,0.1308,0.1405,37731.77974244,82
1731369600,0.1372,0.155,0.1296,0.1426,100068.09765907,195
1731456000,0.1391,0.1391,0.1264,0.1312,162164.48490018,105
1731542400,0.1286,0.1314,0.122,0.122,42543.70498682,84
1731628800,0.1218,0.1279,0.1193,0.1279,8411.16432223,25
1731715200,0.129,0.1405,0.129,0.1379,39644.7133175,56
1731801600,0.1369,0.1369,0.1295,0.1316,37632.34782116,113
1731888000,0.1336,0.1404,0.1322,0.14,24481.13421798,54
1731974400,0.1402,0.1574,0.1402,0.1434,152122.92012191,244
1732060800,0.1414,0.1415,0.1337,0.1348,16278.17035999,83
1732147200,0.1369,0.1413,0.1315,0.1404,31804.45238825,43
1732233600,0.14,0.1447,0.1358,0.1441,42148.08957039,68
1732320000,0.143,0.1507,0.1421,0.1454,30487.20881967,74
1732406400,0.1465,0.1614,0.1438,0.1549,59382.8305837,155
1732492800,0.1549,0.1768,0.1532,0.1532,237207.3208196,252
1732579200,0.1577,0.1752,0.1542,0.1705,91296.1817666,150
1732665600,0.17,0.1837,0.1608,0.1741,121609.15886978,121
1732752000,0.1743,0.1747,0.1643,0.1699,30588.68934965,102
1732838400,0.1679,0.172,0.163,0.172,86880.38620971,62
1732924800,0.168,0.1731,0.1662,0.1726,35450.29741729,142
1733011200,0.1704,0.1745,0.1659,0.174,181823.2950246697,121
1733097600,0.1712,0.1714,0.1578,0.1694,39693.61734744,141
1733184000,0.1694,0.19,0.1616,0.1791,174731.7581777599,352
1733270400,0.1782,0.2048,0.1748,0.1846,464610.4603040808,920
1733356800,0.1836,0.1925,0.1737,0.1793,179010.1778998,342
1733443200,0.1766,0.2015,0.175,0.1913,263545.15953111,302
1733529600,0.1913,0.1971,0.1842,0.1851,140250.84476311,139
1733616000,0.1845,0.1882,0.1792,0.1851,44246.16506088,70
1733702400,0.1849,0.1849,0.1353,0.1541,315430.7053026303,395
1733788800,0.1546,0.1577,0.1351,0.1524,147852.82847849,134
1733875200,0.1459,0.1833,0.1444,0.1734,203728.4698353799,344
1733961600,0.1716,0.2463,0.1708,0.2005,1065699.5320108798,1114
1734048000,0.1998,0.2056,0.1843,0.1891,569108.3052919903,431
1734134400,0.1912,0.2139,0.1837,0.1961,121487.4389060899,233
1734220800,0.2018,0.2327,0.2013,0.2177,708527.5253026008,910
1734307200,0.2166,0.2166,0.1935,0.2009,246385.5086053801,227
1734393600,0.1991,0.2007,0.1852,0.1878,107682.83597665,110
1734480000,0.1857,0.1939,0.1637,0.1707,63402.83521919,143
1734566400,0.1687,0.1731,0.1488,0.1492,63638.46476896,118
1734652800,0.149,0.1725,0.1323,0.1712,130330.74673328,246
1734739200,0.17,0.1946,0.165,0.1845,199419.2588510301,426
1734825600,0.1904,0.195,0.1692,0.1741,105047.59990248,162
1734912000,0.1724,0.1761,0.1629,0.1739,17873.65593423,69
1734998400,0.1716,0.1779,0.1689,0.1736,22392.63538808,43
1735084800,0.177,0.199,0.1741,0.1751,36171.95526694,161
1735171200,0.179,0.1926,0.1711,0.184,59527.45986987,166
1735257600,0.1803,0.192,0.1776,0.1801,41565.15846413,166
1735344000,0.1827,0.2015,0.1818,0.1995,117100.62706497,276
1735430400,0.1956,0.214,0.1866,0.2033,108219.70316313,287
1735516800,0.1989,0.1993,0.1822,0.1935,26995.60619667,98
1735603200,0.1906,0.2318,0.1861,0.2141,285882.2065975802,486
1735689600,0.2095,0.2496,0.1785,0.1881,471162.3359212801,871
1735776000,0.1894,0.1931,0.1794,0.1846,211193.41768889,310
1735862400,0.1853,0.1906,0.181,0.1872,245862.9495359701,377
1735948800,0.1871,0.1916,0.1828,0.1838,41383.04886411,53
1736035200,0.1877,0.1999,0.187,0.1902,79157.10811658,126
1736121600,0.1891,0.1908,0.1846,0.1902,47276.56311512,64
1736208000,0.187,0.1884,0.1736,0.1755,68538.78200388,159
1736294400,0.1765,0.1833,0.1677,0.1756,39049.27247651,126
1736380800,0.1767,0.1793,0.169,0.1765,134158.6817133801,144
1736467200,0.1759,0.1781,0.1678,0.1745,20873.94533355,57
1736553600,0.1732,0.1786,0.1719,0.1755,6099.16585945,36
1736640000,0.1727,0.1765,0.1681,0.1681,53082.26623149,80
1736726400,0.1721,0.174,0.1531,0.1638,50417.57992692,129
1736812800,0.1647,0.1763,0.1604,0.1668,37550.84828571,98
1736899200,0.1665,0.1712,0.1596,0.1712,14980.63332544,51
1736985600,0.1709,0.171,0.1651,0.1698,16248.39694899,39
1737072000,0.1664,0.1834,0.1664,0.1721,47438.03277298,108
1737158400,0.1721,0.1721,0.1603,0.1613,13715.88491389,52
1737244800,0.1632,0.1633,0.1462,0.1491,33860.50867007,240
1737331200,0.1511,0.1622,0.1467,0.1498,78125.33920439,272
1737417600,0.1463,0.1541,0.1443,0.1486,53234.24079519,83
1737504000,0.1531,0.1532,0.1446,0.1446,28027.50750104,34
1737590400,0.1465,0.1465,0.1409,0.1446,6800.20557479,32
1737676800,0.1418,0.1616,0.1403,0.144,45301.28553669,131
1737763200,0.1423,0.1512,0.1423,0.1455,33544.91727894,48
1737849600,0.1476,0.1538,0.1429,0.1435,18344.85357304,107
1737936000,0.1428,0.1428,0.1328,0.14,21598.09375691,121
1738022400,0.1396,0.1418,0.1348,0.1348,1622.66608563,18
1738108800,0.1341,0.1398,0.1333,0.1381,2497.05573619,28
1738195200,0.1354,0.1406,0.1354,0.1394,4203.60579486,13
1738281600,0.1387,0.1429,0.1358,0.1365,9253.76658458,46
1738368000,0.1402,0.1417,0.1271,0.1285,19210.30953981,70
1738454400,0.1298,0.1315,0.1075,0.1147,40766.8217399,235
1738540800,0.1152,0.1209,0.0909,0.1209,277964.9210296897,538
1738627200,0.1192,0.122,0.1091,0.1147,160355.3960944601,222
1738713600,0.1151,0.1279,0.1142,0.1143,149234.65023718,248
1738800000,0.1163,0.1172,0.1072,0.1074,21316.94453427,64
1738886400,0.1106,0.1144,0.1047,0.1083,9451.84843915,41
1738972800,0.1095,0.1131,0.1074,0.1131,28094.74621601,34
1739059200,0.1129,0.1164,0.1091,0.1121,14480.38725193,29
1739145600,0.113,0.1164,0.1086,0.1164,15585.28803945,54
1739232000,0.1165,0.1259,0.1143,0.1155,64942.34920106,154
1739318400,0.1152,0.1212,0.1108,0.1195,16511.30745916,37
1739404800,0.1179,0.1184,0.1146,0.1184,5367.08559779,11
1739491200,0.1184,0.1239,0.1184,0.122,21912.40439178,43
1739577600,0.1218,0.1218,0.1188,0.1199,6725.44302469,16
1739664000,0.1184,0.1381,0.1173,0.1195,224143.7289081001,468
1739750400,0.122,0.1586,0.1188,0.1271,319313.2344264599,821
1739836800,0.1271,0.1524,0.1243,0.127,163237.3235220401,667
1739923200,0.1279,0.1313,0.1211,0.1235,46654.79663542,127
1740009600,0.1274,0.1284,0.1223,0.1259,59126.33185401,43
1740096000,0.125,0.1272,0.1177,0.1193,15603.0907395,61
1740182400,0.1211,0.1238,0.1197,0.1224,11647.84845839,39
1740268800,0.1228,0.1488,0.1226,0.137,285711.85331119,802
1740355200,0.1374,0.1406,0.1161,0.1165,110434.8570493,294
1740441600,0.1151,0.1151,0.1064,0.115,32200.81988305,71
1740528000,0.1159,0.1221,0.1119,0.1175,21370.59808768,80
1740614400,0.1161,0.12,0.114,0.1159,9622.8696956,45
1740700800,0.1125,0.1133,0.1066,0.1132,14020.76235367,61
1740787200,0.111,0.1153,0.1095,0.1136,177042.56872321,53
1740873600,0.1147,0.1203,0.1119,0.1196,35535.56924643,71
1740960000,0.1176,0.1176,0.1048,0.1065,28512.61360793,88
1741046400,0.1062,0.1064,0.0978,0.1052,44465.09178065,110
1741132800,0.1033,0.1078,0.1033,0.1075,4264.31508985,19
1741219200,0.1051,0.1085,0.1045,0.1069,25131.28190284,36
1741305600,0.1041,0.1085,0.0999,0.1065,13207.55982725,53
1741392000,0.1062,0.1068,0.1036,0.1061,6444.33800344,17
1741478400,0.1047,0.1047,0.0953,0.0953,21433.2466308,38
1741564800,0.095,0.0995,0.09,0.0906,18649.88062395,59
1741651200,0.0905,0.0925,0.0859,0.0923,21434.40981697,45
1741737600,0.0905,0.0973,0.0891,0.0973,60836.20999418,50
1741824000,0.0959,0.0984,0.0933,0.0951,39480.3260575,39
1741910400,0.0955,0.099,0.0955,0.0978,25051.02911001,23
1741996800,0.0963,0.0995,0.0963,0.0995,14215.98155629,19
1742083200,0.099,0.099,0.0918,0.0921,16236.62374614,26
1742169600,0.0923,0.0973,0.0923,0.097,4143.19554368,16
1742256000,0.0962,0.1112,0.096,0.1007,358297.0024493402,370
1742342400,0.0989,0.1001,0.0972,0.1001,58309.8916626,37
1742428800,0.0985,0.0998,0.0977,0.0985,17462.0213731,32
1742515200,0.0993,0.0995,0.0963,0.098,13977.70747509,32
1742601600,0.0983,0.1196,0.0976,0.0981,169392.5128917301,156
1742688000,0.0976,0.1003,0.0961,0.0966,3772.57912056,14
1742774400,0.0966,0.102,0.0966,0.0993,15821.55951813,64
1742860800,0.1012,0.1085,0.1009,0.1017,19790.6960143,119
1742947200,0.1038,0.1055,0.1006,0.1027,1959.38781696,15
1743033600,0.1028,0.1042,0.1007,0.1021,15497.88741996,18
1743120000,0.101,0.101,0.0942,0.0955,3792.2995392,25
1743206400,0.0933,0.0941,0.0909,0.0909,1579.54973082,8
1743292800,0.0922,0.0967,0.0905,0.092,23956.44618482,54
1743379200,0.0923,0.0924,0.0891,0.091,15284.57541153,24
