1654128000,0.4,0.4,0.3,0.382,72863.78138604,175
1654214400,0.376,0.406,0.349,0.357,68261.62793404,349
1654300800,0.356,0.51,0.342,0.353,102518.83453623,240
1654387200,0.356,0.359,0.343,0.353,103711.16579246,173
1654473600,0.352,0.388,0.3492,0.363,222037.05113159,275
1654560000,0.3611,0.365,0.339,0.354,146006.64727268,259
1654646400,0.354,0.359,0.335,0.339,197784.76878973,281
1654732800,0.3341,0.351,0.33,0.3351,52629.97060207,254
1654819200,0.3312,0.341,0.304,0.3072,480517.5125383593,506
1654905600,0.3067,0.3166,0.2744,0.2776,153094.1916938,290
1654992000,0.2768,0.2796,0.2241,0.227,601579.7513026702,681
1655078400,0.225,0.314,0.198,0.239,908856.88402035,802
1655164800,0.2389,0.37,0.224,0.2389,706568.6840697405,740
1655251200,0.2322,0.26,0.21,0.2531,784565.0629356285,722
1655337600,0.2587,0.3368,0.2201,0.225,684965.3519876496,497
1655424000,0.2284,0.27,0.224,0.2423,276308.43489393,433
1655510400,0.2439,0.32,0.204,0.22,660502.0492472693,588
1655596800,0.22,0.2492,0.2113,0.2483,372179.9616824403,557
1655683200,0.2432,0.2777,0.2362,0.2532,264407.2000729199,501
1655769600,0.2547,0.38,0.2504,0.2729,874345.83176294,685
1655856000,0.2675,0.2807,0.2517,0.2519,517631.6130613001,417
1655942400,0.2528,0.2761,0.2524,0.2734,367627.91903947,307
1656028800,0.2728,0.3081,0.2718,0.3011,268339.6678287901,415
1656115200,0.3014,0.3499,0.2877,0.3091,928782.2055855095,646
1656201600,0.3073,0.3398,0.2784,0.2784,339580.9274185798,607
1656288000,0.28,0.3257,0.275,0.275,269968.9245770701,924
1656374400,0.279,0.33,0.2705,0.274,456377.6657311904,759
1656460800,0.2719,0.2785,0.2532,0.2588,254214.4893179299,398
1656547200,0.2631,0.2647,0.2365,0.2516,362658.3838707101,391
1656633600,0.2502,0.2609,0.2439,0.2488,144763.7625131899,267
1656720000,0.249,0.3,0.2378,0.2459,292377.3674518202,320
1656806400,0.2467,0.28,0.2436,0.2584,227710.3293575902,348
1656892800,0.2563,0.2655,0.2502,0.2652,371564.8376701,316
1656979200,0.2667,0.2726,0.2476,0.2574,232317.46717814,309
1657065600,0.2581,0.2645,0.25,0.2631,147676.32289603,227
1657152000,0.2641,0.2819,0.2593,0.2781,355716.71158033,336
1657238400,0.2759,0.2992,0.2681,0.2738,362218.8508334302,462
1657324800,0.2741,0.2873,0.2726,0.2817,156369.1388884001,321
1657411200,0.2808,0.2827,0.2631,0.2668,152171.38924648,248
1657497600,0.2639,0.2642,0.19,0.2437,311035.0010889299,403
1657584000,0.243,0.2488,0.2346,0.2346,164088.47958876,200
1657670400,0.233,0.2459,0.2206,0.2459,238252.41137193,337
1657756800,0.246,0.28,0.2351,0.2546,529360.5112568793,565
1657843200,0.2566,0.2785,0.2503,0.2583,313090.7880062999,958
1657929600,0.257,0.2663,0.2481,0.2627,166026.54937186,276
1658016000,0.2648,0.2717,0.256,0.256,180104.3683219999,299
1658102400,0.2557,0.3,0.2552,0.2973,574321.3989612397,607
1658188800,0.2958,0.3486,0.2883,0.3408,1897445.9051308401,1559
1658275200,0.3395,0.3583,0.3059,0.3104,661680.8172112998,804
1658361600,0.3135,0.3355,0.2931,0.3303,724337.2856347911,606
1658448000,0.3333,0.3456,0.3119,0.3188,789381.2959823209,567
1658534400,0.3188,0.3543,0.3152,0.3426,506245.3541944103,683
1658620800,0.3435,0.3673,0.3317,0.3584,528366.0386082302,549
1658707200,0.357,0.357,0.3039,0.3039,1258604.9922461002,1085
1658793600,0.3055,0.3056,0.2883,0.3023,538545.1364589805,554
1658880000,0.3027,0.3306,0.2944,0.3306,1913109.8009125302,1111
1658966400,0.3308,0.3494,0.2975,0.3379,820130.7487060314,957
1659052800,0.3401,0.37,0.3244,0.3345,852214.6750639715,927
1659139200,0.3353,0.3652,0.3321,0.3347,435836.3528160001,843
1659225600,0.335,0.3537,0.3266,0.3299,493393.1342607004,669
1659312000,0.3282,0.3462,0.3245,0.3432,366987.4864463496,625
1659398400,0.3454,0.3484,0.3188,0.3293,528039.8546700999,674
1659484800,0.3289,0.3486,0.3179,0.3373,307779.37703252,472
1659571200,0.3372,0.3909,0.3372,0.3679,1447171.7594385494,1201
1659657600,0.3679,0.45,0.3617,0.3809,1516483.4682995402,1234
1659744000,0.3817,0.3895,0.363,0.3663,448458.69574182,765
1659830400,0.3667,0.3786,0.3553,0.3716,224803.7533783699,415
1659916800,0.375,0.392,0.3735,0.3799,255445.7145384699,521
1660003200,0.3796,0.3926,0.3535,0.3725,281369.0668760902,570
1660089600,0.3748,0.45,0.3578,0.4075,934191.0117086698,1164
1660176000,0.409,0.45,0.3895,0.392,474138.6908771999,769
1660262400,0.3908,0.4043,0.385,0.403,362109.9167245502,442
1660348800,0.4015,0.4187,0.3964,0.3999,312857.90948636,422
1660435200,0.3985,0.4107,0.3818,0.3875,188243.2447716501,438
1660521600,0.3862,0.4041,0.366,0.3725,337228.9853941201,520
1660608000,0.3716,0.3781,0.3649,0.3688,358914.0173511001,407
1660694400,0.369,0.3853,0.3443,0.348,887445.484596121,801
1660780800,0.349,0.3668,0.3267,0.3306,502049.0965243197,509
1660867200,0.3302,0.3333,0.2958,0.3012,1486895.4570862695,903
1660953600,0.3009,0.3126,0.2874,0.2975,282357.3960153697,412
1661040000,0.2984,0.3099,0.2982,0.3068,500722.5031122699,334
1661126400,0.3046,0.3057,0.2853,0.2964,667951.3255597291,378
1661212800,0.2964,0.3072,0.2885,0.3057,179924.2780190301,371
1661299200,0.304,0.314,0.2934,0.3019,192503.6328711,294
1661385600,0.3018,0.3173,0.3015,0.3083,217662.0950196199,290
1661472000,0.3046,0.3081,0.2698,0.274,382569.3813348599,508
1661558400,0.2739,0.2783,0.2666,0.2752,183245.54520109,277
1661644800,0.2749,0.2809,0.2637,0.2637,192084.6632774202,238
1661731200,0.263,0.2848,0.2605,0.2829,224957.35922085,335
1661817600,0.2828,0.2874,0.2676,0.2764,204602.9427018701,306
1661904000,0.2777,0.2862,0.2717,0.273,170947.2930744402,293
1661990400,0.2751,0.2757,0.2629,0.273,1051708.780880481,408
1662076800,0.2722,0.3075,0.265,0.2688,302488.13988387,320
1662163200,0.2685,0.2708,0.2647,0.2673,1171288.31319151,197
1662249600,0.2672,0.2737,0.2661,0.2727,475236.0754746199,148
1662336000,0.2747,0.2763,0.2592,0.2643,1084443.5313812005,244
1662422400,0.2657,0.2719,0.2428,0.2463,1434244.2060475298,342
1662508800,0.2454,0.2581,0.24,0.2535,186314.1684964499,168
1662595200,0.2545,0.281,0.2471,0.2525,403489.6648704901,234
1662681600,0.2553,0.2768,0.2545,0.2714,479156.9410005604,282
1662768000,0.2738,0.2862,0.2687,0.2743,686540.3150326804,318
1662854400,0.2767,0.2874,0.2661,0.2735,418474.8195533401,228
1662940800,0.2712,0.2858,0.2622,0.2681,215233.1555551499,305
1663027200,0.2675,0.2762,0.2472,0.249,606243.2733952802,353
1663113600,0.2489,0.2532,0.2436,0.251,80916.36603894,115
1663200000,0.2503,0.2503,0.2384,0.2398,251253.35484178,214
1663286400,0.2397,0.248,0.2373,0.2468,127261.76947098,146
1663372800,0.2472,0.2532,0.2464,0.2532,59093.77338237,93
1663459200,0.2523,0.2533,0.2153,0.2243,215852.33714811,247
1663545600,0.2242,0.2318,0.2197,0.2305,274476.8159093199,243
1663632000,0.232,0.232,0.224,0.226,76322.67741911,123
1663718400,0.2266,0.24,0.2156,0.2205,219578.2715192499,260
1663804800,0.2213,0.2347,0.22,0.232,132082.2329429401,142
1663891200,0.2344,0.2373,0.2237,0.2355,156005.92655306,142
1663977600,0.2338,0.2357,0.2272,0.2287,159470.0337866499,98
1664064000,0.2284,0.2313,0.2213,0.2241,275344.6520718899,147
1664150400,0.2254,0.2304,0.2212,0.2282,214272.02838267,119
1664236800,0.2301,0.2372,0.2244,0.2284,277593.41526179,187
1664323200,0.2281,0.2299,0.2193,0.2278,134717.448923,113
1664409600,0.229,0.2302,0.2229,0.2283,93388.76553313,90
1664496000,0.2255,0.2318,0.223,0.2247,199472.629357,139
1664582400,0.2252,0.2269,0.2227,0.2241,1574832.5130213103,219
1664668800,0.225,0.2251,0.2159,0.217,562543.8438064494,150
1664755200,0.2173,0.2246,0.2152,0.2243,182147.02537992,194
1664841600,0.2233,0.2298,0.2228,0.2281,152551.1257712201,194
1664928000,0.2279,0.2279,0.2206,0.2256,144012.40730469,227
1665014400,0.2267,0.2289,0.2213,0.222,125097.57440655,145
1665100800,0.2224,0.2246,0.2212,0.2227,1116031.8797704894,407
1665187200,0.2235,0.2244,0.219,0.2211,58731.83838195,72
1665273600,0.2211,0.2227,0.22,0.2224,49405.826271,76
1665360000,0.2226,0.2262,0.2053,0.2086,391290.9539494401,223
1665446400,0.2084,0.2084,0.2011,0.2041,372411.59629852,176
1665532800,0.2059,0.209,0.205,0.2083,251858.03513506,141
1665619200,0.2076,0.2079,0.1877,0.2058,677136.4425902402,378
1665705600,0.2056,0.2128,0.1997,0.2023,211738.0792935801,182
1665792000,0.2025,0.2058,0.2007,0.2024,244338.24126983,95
1665878400,0.204,0.2094,0.204,0.2076,132159.94390479,88
1665964800,0.2068,0.2131,0.2054,0.2124,146133.23874289,121
1666051200,0.2135,0.2164,0.2041,0.2094,367009.06299967,170
1666137600,0.2088,0.2088,0.1975,0.1975,375339.6719481997,162
1666224000,0.1992,0.2038,0.1964,0.1995,141869.30211241,119
1666310400,0.1989,0.2055,0.193,0.2043,284961.51551211,159
1666396800,0.2051,0.2078,0.2024,0.2051,53839.89953842,60
1666483200,0.2053,0.2095,0.2013,0.2094,51074.32184684,84
1666569600,0.2093,0.2111,0.203,0.2038,196166.9476304601,141
1666656000,0.2034,0.2158,0.2031,0.2118,385201.26769231,152
1666742400,0.2124,0.2217,0.2114,0.2196,299598.21649263,199
1666828800,0.2219,0.2288,0.2147,0.2167,404537.9508678103,260
1666915200,0.2147,0.2288,0.2114,0.2246,291453.54155479,221
1667001600,0.2267,0.2337,0.2224,0.2243,415883.9298281198,299
1667088000,0.2249,0.2466,0.2238,0.2378,2327281.2639352204,746
1667174400,0.2381,0.2481,0.2288,0.2428,737921.6367552998,433
1667260800,0.2389,0.2423,0.2308,0.2308,245573.96469862,236
1667347200,0.2309,0.2344,0.2162,0.2204,713673.8519314999,389
1667433600,0.2192,0.2879,0.2192,0.2578,2418472.7302111406,1495
1667520000,0.2577,0.295,0.2551,0.2752,2257561.1758854133,1727
1667606400,0.2754,0.3198,0.2438,0.2879,1759469.2300461973,2227
1667692800,0.2894,0.2931,0.2635,0.2638,389914.4935273702,640
1667779200,0.2659,0.2902,0.2513,0.2634,884113.3662812797,1053
1667865600,0.265,0.2726,0.1777,0.2144,1504288.8581129103,1517
1667952000,0.2135,0.2186,0.1675,0.1765,2192612.859526185,1556
1668038400,0.1731,0.218,0.1731,0.2078,1177424.5934643382,738
1668124800,0.2075,0.2108,0.1836,0.1963,854067.3247873104,593
1668211200,0.1947,0.2,0.1804,0.1855,961245.0332916098,469
1668297600,0.1841,0.1899,0.176,0.181,283309.6098895401,406
1668384000,0.1786,0.1854,0.1692,0.1817,310268.5562304103,354
1668470400,0.1826,0.2,0.1801,0.1879,591953.9094169,380
1668556800,0.1874,0.2011,0.1681,0.1821,1564733.2567340478,562
1668643200,0.1817,0.1836,0.1762,0.1762,286433.59990471,190
1668729600,0.1781,0.1826,0.17,0.181,430330.3087227902,172
1668816000,0.1809,0.1842,0.1775,0.1834,150878.65771759,136
1668902400,0.1838,0.1865,0.17,0.1719,501857.4759627499,305
1668988800,0.1695,0.1742,0.1647,0.1691,521873.6064516499,274
1669075200,0.1705,0.177,0.1642,0.1762,625044.5061807003,240
1669161600,0.1774,0.1847,0.1759,0.1846,460703.02098992,228
1669248000,0.1848,0.2153,0.1755,0.1847,814714.73683206,425
1669334400,0.1832,0.186,0.167,0.186,245066.65708706,189
1669420800,0.1857,0.2089,0.1837,0.1858,343658.54853719,338
1669507200,0.1859,0.1941,0.1831,0.1841,542668.6380259799,219
1669593600,0.1874,0.2149,0.1776,0.2046,917687.40386149,691
1669680000,0.2031,0.2219,0.1851,0.2167,1411135.4830993812,671
1669766400,0.22,0.265,0.2197,0.2455,1302751.8226032888,1054
1669852800,0.2445,0.2615,0.2328,0.2531,629692.5045796303,611
1669939200,0.2517,0.253,0.24,0.2444,346120.94971552,327
1670025600,0.2453,0.2658,0.2368,0.2374,401727.7553617802,358
1670112000,0.2367,0.2449,0.2359,0.2423,273338.1883158301,288
1670198400,0.2423,0.2612,0.2409,0.2527,708403.65728111,585
1670284800,0.2549,0.268,0.2426,0.2467,519022.0063646696,373
1670371200,0.2462,0.248,0.2265,0.231,313006.0542920299,302
1670457600,0.2304,0.2378,0.2287,0.2378,355981.2325601502,213
1670544000,0.2383,0.2447,0.235,0.2417,270187.8036013898,213
1670630400,0.2415,0.2437,0.2373,0.2388,121160.3702952,125
1670716800,0.2384,0.2439,0.2322,0.2338,293993.8073861001,155
1670803200,0.2342,0.2398,0.2238,0.2327,206628.2362773901,247
1670889600,0.2334,0.2554,0.2245,0.2486,968896.5789112593,474
1670976000,0.2486,0.27,0.2389,0.2409,814141.1331521806,532
1671062400,0.2422,0.2468,0.2269,0.2285,307411.5545457301,318
1671148800,0.2281,0.2327,0.1911,0.1969,955083.2912959298,784
1671235200,0.1972,0.209,0.1972,0.2072,863397.9718662199,360
1671321600,0.208,0.208,0.203,0.207,184000.89313574,149
1671408000,0.2063,0.2078,0.1905,0.196,455572.21094996,243
1671494400,0.196,0.2058,0.1954,0.2034,85459.05393782,182
1671580800,0.2036,0.207,0.197,0.202,364088.7418212299,161
1671667200,0.2026,0.2056,0.1966,0.2056,186722.46593084,125
1671753600,0.2055,0.2086,0.2036,0.2047,353091.0372227699,135
1671840000,0.2044,0.2068,0.2027,0.2042,245155.9239675301,114
1671926400,0.2041,0.2045,0.1999,0.2024,129120.01050521,91
1672012800,0.2023,0.2067,0.2023,0.2052,199769.56763321,166
1672099200,0.2059,0.206,0.1861,0.2027,286113.91591931,225
1672185600,0.2028,0.2044,0.1934,0.198,359455.0775025801,283
1672272000,0.1982,0.2027,0.1981,0.2014,199473.6676645601,137
1672358400,0.2009,0.2022,0.1944,0.1987,132548.68103212,90
1672444800,0.1991,0.21,0.197,0.1996,682230.3433925603,208
1672531200,0.1997,0.202,0.1988,0.201,347493.1809584699,97
1672617600,0.2004,0.2131,0.1982,0.2098,564146.7069051999,209
1672704000,0.2124,0.218,0.2087,0.2151,557450.6246432,187
1672790400,0.2127,0.2228,0.212,0.2186,425582.5781622599,220
1672876800,0.2186,0.223,0.2141,0.2164,366476.1860167503,207
1672963200,0.2168,0.2243,0.2129,0.2214,508715.37144247,231
1673049600,0.2216,0.2987,0.2216,0.2272,1263032.6519981793,486
1673136000,0.2274,0.2494,0.2221,0.2363,1154555.9834771801,444
1673222400,0.2371,0.2666,0.2342,0.2369,2266310.769546857,1000
1673308800,0.238,0.2458,0.2327,0.2426,822156.3966132296,397
1673395200,0.2435,0.2577,0.2219,0.2557,2031502.6405402792,834
1673481600,0.257,0.2974,0.233,0.2732,3769145.0935780834,1755
1673568000,0.2743,0.3149,0.2685,0.2929,2658773.3777530054,1797
1673654400,0.2934,0.3562,0.26,0.3474,5972230.084738349,3573
1673740800,0.3452,0.3484,0.3152,0.3262,1221218.9736944798,746
1673827200,0.3258,0.3485,0.303,0.3185,971213.24902863,630
1673913600,0.3185,0.3478,0.3121,0.3252,495996.9852887295,397
1674000000,0.326,0.3492,0.2744,0.2978,1533309.7434917612,958
1674086400,0.2993,0.3083,0.2809,0.3045,571735.6513850503,380
1674172800,0.303,0.3548,0.2973,0.3481,1041073.5280197304,796
1674259200,0.348,0.3746,0.3357,0.3422,1815644.2725732212,1486
1674345600,0.3405,0.4054,0.338,0.3804,3444853.292890399,2028
1674432000,0.3801,0.42,0.3645,0.4026,2796768.1977822664,1753
1674518400,0.4013,0.4266,0.3682,0.3754,2017091.8972776912,1555
1674604800,0.3778,0.4228,0.3571,0.4096,2729527.2448082324,1921
1674691200,0.4102,0.4985,0.3991,0.485,5652936.032706831,3441
1674777600,0.4835,0.4926,0.4562,0.467,2247196.924119701,1646
1674864000,0.4649,0.4823,0.4334,0.4489,1419255.920676618,1152
1674950400,0.4496,0.4967,0.4444,0.4915,1963307.652756711,1782
1675036800,0.4903,0.4922,0.4538,0.4819,2020583.29695988,1908
1675123200,0.4837,0.57,0.4655,0.5373,4184549.9955013795,3267
1675209600,0.5368,0.5976,0.4966,0.5759,3849828.913385205,2839
1675296000,0.5737,0.6586,0.5653,0.6081,4071815.4007448778,3342
1675382400,0.6084,0.688,0.5681,0.6338,4012726.6896280046,3321
1675468800,0.6332,0.6479,0.6078,0.6135,1017494.7548773598,1233
1675555200,0.6161,0.6203,0.5312,0.5696,2657794.889774858,2404
1675641600,0.57,0.5985,0.5061,0.5267,2812992.57824096,2291
1675728000,0.5286,0.594,0.5251,0.5891,2485898.5127709727,2007
1675814400,0.5876,0.6068,0.5135,0.5251,3532568.0056290403,2610
1675900800,0.5267,0.5307,0.4325,0.4475,6492690.391487844,3563
1675987200,0.4484,0.503,0.4275,0.437,2786617.5400446397,2140
1676073600,0.438,0.4917,0.4169,0.48,2123146.4499649815,1516
1676160000,0.4794,0.4807,0.4375,0.4422,1938835.4449027595,1311
1676246400,0.443,0.466,0.412,0.4636,3490752.35642583,1674
1676332800,0.4619,0.527,0.4505,0.5248,3329745.143207914,2309
1676419200,0.5239,0.5847,0.5074,0.5703,3897017.5016951403,2116
1676505600,0.57,0.5988,0.5201,0.5275,3998078.3806150113,2748
1676592000,0.5275,0.5793,0.5271,0.5548,3826242.508145893,2221
1676678400,0.5546,0.5678,0.5372,0.543,938449.6892714406,913
1676764800,0.542,0.5561,0.5077,0.519,1239059.7556701002,1419
1676851200,0.5213,0.5348,0.4992,0.5133,1427970.3292943307,1306
1676937600,0.5139,0.5527,0.4975,0.5195,3029542.2864227695,2373
1677024000,0.5197,0.5197,0.4781,0.5084,2282445.7066336703,1886
1677110400,0.5081,0.5222,0.4878,0.4907,1251535.3621453198,1033
1677196800,0.4911,0.525,0.4522,0.4618,2028869.6975903215,1741
1677283200,0.4637,0.4676,0.437,0.457,657473.2085788707,710
1677369600,0.455,0.5368,0.4541,0.4725,1445169.9010001777,1102
1677456000,0.4728,0.4754,0.4471,0.4568,1154917.818670079,907
1677542400,0.4569,0.4595,0.4265,0.4281,483890.8576923904,713
1677628800,0.4287,0.4729,0.423,0.4695,1309140.7086844302,1139
1677715200,0.4684,0.4718,0.4358,0.4453,586675.89607052,581
1677801600,0.4441,0.4444,0.392,0.4241,2996705.827886282,1977
1677888000,0.4263,0.4314,0.3825,0.4013,1401338.4546077992,1251
1677974400,0.4015,0.4151,0.3946,0.399,1301535.0700623097,762
1678060800,0.3982,0.4255,0.3946,0.4176,661042.5142541404,755
1678147200,0.4172,0.4295,0.3891,0.3989,844579.3391240395,997
1678233600,0.3994,0.4006,0.355,0.3582,1358464.8997603701,1241
1678320000,0.3619,0.3774,0.326,0.3354,2344836.004157929,1787
1678406400,0.3365,0.3436,0.3051,0.34,2299262.4399029403,1493
1678492800,0.3412,0.3523,0.3031,0.338,4023427.8269586363,3134
1678579200,0.3372,0.4007,0.3308,0.3964,2871581.459865114,2799
1678665600,0.3974,0.425,0.3694,0.4156,4001898.5122078084,3048
1678752000,0.4157,0.5017,0.409,0.4481,3470620.0796864196,4461
1678838400,0.4502,0.4594,0.3776,0.3885,3479029.2673442657,3216
1678924800,0.39,0.4196,0.3817,0.4114,1277908.4003580322,1477
1679011200,0.4102,0.5165,0.404,0.5102,8075320.475779165,6227
1679097600,0.5096,0.5331,0.4722,0.484,7359262.534917916,6322
1679184000,0.4847,0.5315,0.4754,0.4924,2979188.3730176194,3411
1679270400,0.4931,0.5144,0.4503,0.4561,3528669.499656564,3333
1679356800,0.4551,0.5037,0.4425,0.4855,2563235.4644456147,2669
1679443200,0.4846,0.5094,0.4484,0.4698,3675133.3647298133,3936
1679529600,0.4698,0.5064,0.4608,0.4987,2456629.8869916988,2660
1679616000,0.4965,0.4965,0.4474,0.4596,1901639.2218199598,2163
1679702400,0.4587,0.4635,0.428,0.4356,998832.4833858418,1093
1679788800,0.433,0.4551,0.4312,0.4471,973399.0372138591,813
1679875200,0.447,0.4484,0.4056,0.4109,1127072.3096024308,1547
1679961600,0.412,0.4313,0.3963,0.4229,1403115.6409073414,1328
1680048000,0.4244,0.4726,0.4231,0.458,2156820.2748751743,2231
1680134400,0.458,0.4792,0.4359,0.449,2713104.73964933,2080
1680220800,0.4503,0.4832,0.4391,0.4766,4252027.464435994,3538
1680307200,0.4774,0.4833,0.4612,0.4695,1159994.9804469189,1309
1680393600,0.4714,0.4739,0.443,0.4525,1848011.192223347,2162
1680480000,0.4509,0.4608,0.4282,0.4548,1254221.4148981406,1820
1680566400,0.4541,0.46,0.4393,0.4539,1118497.9404234714,1100
1680652800,0.4523,0.4987,0.4504,0.4681,2638082.782642015,2480
1680739200,0.4665,0.4665,0.4478,0.4562,1019392.5778518503,1014
1680825600,0.4561,0.4674,0.449,0.4614,445441.9120837799,882
1680912000,0.4606,0.4715,0.4519,0.4538,498182.90543376,1216
1680998400,0.4521,0.4583,0.441,0.456,370331.8235014702,690
1681084800,0.4552,0.4767,0.4472,0.4757,592930.9007558292,773
1681171200,0.4767,0.5055,0.4713,0.4938,3440570.8539259997,4315
1681257600,0.4945,0.5207,0.4737,0.5012,3326997.3328507915,3512
1681344000,0.5016,0.5263,0.4954,0.5112,1297194.2280644285,1791
1681430400,0.5123,0.5323,0.4957,0.5125,1833309.736833457,2438
1681516800,0.5118,0.5203,0.5039,0.5127,1013746.2788964692,1186
1681603200,0.5118,0.5346,0.4993,0.5287,758106.1473805204,1139
1681689600,0.5296,0.5471,0.5153,0.5186,2229083.1732919477,2875
1681776000,0.5181,0.5461,0.5059,0.5341,1285283.6930008607,1932
1681862400,0.5318,0.5319,0.4575,0.4741,2613816.0761093386,3351
1681948800,0.473,0.4827,0.4522,0.4658,1781897.5829093156,2154
1682035200,0.4673,0.4713,0.4196,0.4235,2415050.3005696367,2018
1682121600,0.4225,0.439,0.4189,0.4356,1370010.5432496294,981
1682208000,0.4358,0.4376,0.4111,0.4285,796531.3371136598,904
1682294400,0.4254,0.4348,0.413,0.419,655898.6756732698,789
1682380800,0.4171,0.4347,0.3973,0.4336,975873.8646723207,971
1682467200,0.4321,0.4549,0.3957,0.4184,1685231.7720197127,1742
1682553600,0.4183,0.437,0.4163,0.4294,2071069.6720831625,1562
1682640000,0.4283,0.4301,0.4119,0.4217,281365.2114930999,467
1682726400,0.4215,0.4475,0.421,0.4297,2763308.5277027953,1471
1682812800,0.4299,0.439,0.4202,0.4231,467790.96427029,651
1682899200,0.4261,0.427,0.403,0.413,2587368.8991948087,1389
1682985600,0.4125,0.4201,0.4066,0.4159,2515965.988081262,1378
1683072000,0.4166,0.4459,0.4049,0.4403,756470.7717995594,960
1683158400,0.4406,0.4478,0.4249,0.429,5135736.980052904,2701
1683244800,0.4302,0.4395,0.4144,0.4332,3500375.2837175494,1795
1683331200,0.4337,0.4371,0.4013,0.4116,2147075.623214561,1323
1683417600,0.4115,0.4143,0.4034,0.4048,326909.86782611,339
1683504000,0.4031,0.4065,0.348,0.3649,1883836.6938949625,1682
1683590400,0.3636,0.3705,0.3588,0.3705,537540.2573099401,597
1683676800,0.3684,0.3932,0.3562,0.3805,1346305.1909859432,1559
1683763200,0.3801,0.3801,0.3582,0.3685,1184782.8237947994,1090
1683849600,0.3659,0.3735,0.3498,0.3723,848464.641029609,938
1683936000,0.3727,0.3731,0.3624,0.3643,196039.2089263,320
1684022400,0.3639,0.3755,0.359,0.369,291217.8628905705,420
1684108800,0.3681,0.3982,0.3625,0.3831,3006871.3953920235,1859
1684195200,0.3831,0.3859,0.3719,0.3793,2084456.4051699305,1085
1684281600,0.3792,0.3936,0.3715,0.3874,2674766.5803053738,1339
1684368000,0.3868,0.3887,0.365,0.3711,435933.8410218494,619
1684454400,0.3705,0.3735,0.3648,0.3702,185170.42222635,391
1684540800,0.3693,0.3766,0.3662,0.3761,101338.42736226,201
1684627200,0.374,0.3755,0.3581,0.3625,241734.6876349099,394
1684713600,0.3611,0.3639,0.3541,0.3613,370777.6498366399,339
1684800000,0.3604,0.3733,0.3574,0.3644,288820.2468596799,447
1684886400,0.3639,0.3639,0.3241,0.3294,1419679.0465307198,1335
1684972800,0.3306,0.3362,0.3175,0.3315,667013.2951405,613
1685059200,0.3302,0.3355,0.3275,0.3293,999072.2368224995,580
1685145600,0.3278,0.332,0.3258,0.3311,389902.1391348399,293
1685232000,0.3298,0.3523,0.3298,0.3479,1466580.5214310314,929
1685318400,0.3477,0.3515,0.3309,0.3331,813850.1281533703,484
1685404800,0.3329,0.335,0.3229,0.3286,1398815.7284946218,833
1685491200,0.328,0.3312,0.308,0.3128,1717158.4850480193,892
1685577600,0.3119,0.3169,0.3061,0.312,1131234.0231342495,743
1685664000,0.3113,0.3251,0.3075,0.3231,872544.5283697306,716
1685750400,0.3226,0.3271,0.3172,0.3207,423353.7517681999,492
1685836800,0.3207,0.3338,0.3177,0.3262,1404783.6999718202,875
1685923200,0.3262,0.3315,0.28,0.2911,3990875.6694222395,3253
1686009600,0.291,0.3094,0.2862,0.3052,1203714.5771631813,1431
1686096000,0.3051,0.3074,0.2884,0.2922,3188248.323105873,2621
1686182400,0.2921,0.3015,0.2861,0.296,620401.8477458402,1037
1686268800,0.2962,0.2973,0.2841,0.2862,748404.7570806902,1081
1686355200,0.2863,0.2868,0.212,0.2406,4601016.9645766625,3885
1686441600,0.2401,0.2479,0.2351,0.2404,824342.2273737396,702
1686528000,0.239,0.2467,0.2306,0.245,960027.63614866,700
1686614400,0.2451,0.272,0.2438,0.26,2910809.261249558,1663
1686700800,0.2611,0.2674,0.2455,0.2546,2236421.7088314313,1099
1686787200,0.254,0.2622,0.2454,0.2587,831050.3109072204,715
1686873600,0.2582,0.2711,0.2518,0.2681,814458.4982904098,579
1686960000,0.267,0.2806,0.2665,0.2742,679379.21960611,653
1687046400,0.2736,0.2749,0.2582,0.2631,670930.5740842697,596
1687132800,0.2624,0.2705,0.2598,0.2632,364959.25808956,358
1687219200,0.2634,0.2767,0.254,0.2767,1298109.4865805674,983
1687305600,0.2758,0.3077,0.2758,0.3005,2284051.6829724866,2083
1687392000,0.3005,0.3087,0.2899,0.2911,1283843.5121104296,1168
1687478400,0.2905,0.318,0.2905,0.3121,1104556.2850050519,1207
1687564800,0.3131,0.3252,0.3004,0.3133,2744160.0687465603,1676
1687651200,0.3127,0.3311,0.3113,0.3134,969083.7522623113,1142
1687737600,0.3132,0.3254,0.3041,0.3055,3287119.3373567713,2017
1687824000,0.3042,0.3153,0.3006,0.3127,1059447.3176503694,911
1687910400,0.3131,0.3134,0.2847,0.2963,1461484.2924537885,1059
1687996800,0.2958,0.3075,0.2888,0.2989,994393.9095913995,883
1688083200,0.3011,0.317,0.2798,0.3045,3808113.0922580906,2274
1688169600,0.3057,0.3109,0.2977,0.3109,725491.6043589395,551
1688256000,0.3111,0.3145,0.2996,0.3134,553009.2542227699,517
1688342400,0.3137,0.3241,0.3125,0.3196,1575250.9406028446,946
1688428800,0.3204,0.3231,0.3122,0.3162,1442334.0240084198,941
1688515200,0.3157,0.3188,0.2954,0.2997,983210.3276773199,909
1688601600,0.2986,0.3078,0.2679,0.2684,3409125.7006851085,2089
1688688000,0.2685,0.2779,0.2593,0.268,10010605.14264157,4667
1688774400,0.2671,0.279,0.266,0.2757,2047931.7690920832,1045
1688860800,0.2758,0.28,0.2675,0.2681,772800.4967623606,605
1688947200,0.2678,0.2761,0.2576,0.273,2516452.599472382,1343
1689033600,0.2726,0.2848,0.269,0.2718,1462307.4610197993,736
1689120000,0.272,0.2787,0.2679,0.2717,1513285.2710394694,661
1689206400,0.2727,0.31,0.2708,0.3076,3592396.4409799906,1871
1689292800,0.3082,0.3188,0.2711,0.2829,3491936.4698996963,2211
1689379200,0.283,0.2873,0.2715,0.2752,1382892.6299179709,850
1689465600,0.2756,0.2763,0.2588,0.2597,2028857.7465972179,1084
1689552000,0.2594,0.2692,0.2522,0.2647,1703351.3878311405,1120
1689638400,0.2644,0.2675,0.2506,0.2562,638980.3509796696,566
1689724800,0.2563,0.3523,0.2532,0.2547,2562924.7920472026,1604
1689811200,0.2554,0.263,0.2515,0.2577,1858334.214935251,894
1689897600,0.257,0.261,0.2555,0.2572,311132.3690963101,437
1689984000,0.2571,0.2595,0.2493,0.2519,661547.8536101299,460
1690070400,0.2519,0.2613,0.2483,0.2559,912445.0664287299,589
1690156800,0.256,0.2574,0.239,0.2431,1867103.4531053575,889
1690243200,0.2434,0.2439,0.2337,0.2352,1137212.912875609,764
1690329600,0.2349,0.251,0.2286,0.2455,3151614.2042217082,1344
1690416000,0.2455,0.2507,0.2408,0.2451,1071347.9523102203,663
1690502400,0.2457,0.2491,0.2428,0.2476,1575748.4572000196,657
1690588800,0.2469,0.2477,0.2439,0.2468,617718.1447025399,349
1690675200,0.246,0.2473,0.2349,0.2393,469348.9072373899,437
1690761600,0.2389,0.2433,0.2325,0.2349,382631.1491090601,399
1690848000,0.2346,0.2495,0.226,0.2481,756673.4031119202,709
1690934400,0.2482,0.2504,0.2364,0.2386,1647622.25861545,744
1691020800,0.2384,0.2401,0.2306,0.2345,513875.73654712,509
1691107200,0.2338,0.2376,0.2293,0.233,384392.9686228902,432
1691193600,0.2328,0.2368,0.2308,0.2363,553755.85515544,402
1691280000,0.2362,0.2407,0.2356,0.2368,460313.7120284401,518
1691366400,0.2372,0.241,0.226,0.2329,520017.7890454599,509
1691452800,0.2322,0.2407,0.2309,0.2369,1138438.32602367,552
1691539200,0.2378,0.2415,0.2329,0.2362,956282.6480239899,500
1691625600,0.2363,0.2406,0.2349,0.2392,444743.9856528299,440
1691712000,0.2397,0.246,0.2381,0.2414,910100.6036592391,680
1691798400,0.2416,0.2426,0.2389,0.2398,268282.1036282298,289
1691884800,0.2399,0.2441,0.2371,0.2385,395529.3845654801,326
1691971200,0.2388,0.2455,0.238,0.2413,591317.1159933201,449
1692057600,0.2418,0.2426,0.2165,0.2285,1455356.503122089,911
1692144000,0.2281,0.2287,0.209,0.2158,1645108.374585349,1048
1692230400,0.2155,0.2179,0.175,0.1941,1620618.567563059,1593
1692316800,0.1941,0.2026,0.1911,0.1998,796336.8061917507,833
1692403200,0.2002,0.2102,0.1998,0.2078,542088.0808649807,611
1692489600,0.2078,0.212,0.2054,0.2083,515109.0299056904,440
1692576000,0.2076,0.2107,0.1992,0.2042,924798.5910352102,588
1692662400,0.2041,0.2044,0.1927,0.2014,967782.78838275,575
1692748800,0.2021,0.2106,0.1996,0.2101,1382971.0275951002,770
1692835200,0.2102,0.2122,0.2036,0.2096,405731.1761985402,414
1692921600,0.2094,0.2094,0.2037,0.2072,268601.2038199902,301
1693008000,0.2078,0.2078,0.2002,0.2005,534425.4727781299,346
1693094400,0.2003,0.2041,0.1995,0.2022,493985.6756731899,244
1693180800,0.2021,0.2052,0.1968,0.2027,632204.8739370694,408
1693267200,0.2026,0.2187,0.1977,0.2165,1015486.7189346001,809
1693353600,0.2168,0.2172,0.2085,0.2117,494933.2341227898,409
1693440000,0.2113,0.2159,0.2,0.2004,4535504.776361711,1598
1693526400,0.2,0.2047,0.1981,0.204,848055.8028130904,487
1693612800,0.2045,0.2054,0.2002,0.2011,130187.62475645,237
1693699200,0.2004,0.2023,0.1979,0.2013,976563.2224018809,474
1693785600,0.2012,0.2065,0.2002,0.2022,733296.2970052902,448
1693872000,0.2021,0.2049,0.2005,0.2024,616569.235939699,466
1693958400,0.2023,0.2041,0.1965,0.2026,576538.1779927001,310
1694044800,0.2028,0.2048,0.1998,0.2048,466409.4780181103,389
1694131200,0.2052,0.2078,0.1994,0.2006,739805.5920481298,501
1694217600,0.2006,0.202,0.1997,0.2002,201032.6148875699,300
1694304000,0.2,0.2,0.185,0.1937,674717.5159505005,746
1694390400,0.1933,0.1935,0.1825,0.1872,972156.6329640686,587
1694476800,0.1873,0.1957,0.1864,0.1867,830197.7083135127,1577
1694563200,0.187,0.1932,0.1854,0.1912,1017246.579312909,1483
1694649600,0.1916,0.195,0.19,0.1929,683643.3095403607,379
1694736000,0.1924,0.1957,0.1899,0.1953,287513.3450590499,405
1694822400,0.1957,0.1985,0.1943,0.1981,331818.0584642699,409
1694908800,0.1982,0.1982,0.1871,0.1901,288369.9457611098,413
1694995200,0.1887,0.1965,0.1879,0.1909,448945.0460504399,406
1695081600,0.1908,0.1955,0.1897,0.1945,322357.62910783,333
1695168000,0.1947,0.195,0.1906,0.1945,314521.1183130399,321
1695254400,0.1948,0.1956,0.1867,0.1887,2637506.460131526,996
1695340800,0.1885,0.1894,0.1861,0.1872,262560.4382425601,291
1695427200,0.1881,0.1888,0.187,0.188,113861.3873837599,208
1695513600,0.1877,0.1902,0.1854,0.1863,262954.29658775,256
1695600000,0.1862,0.1898,0.1839,0.1893,283346.4402043701,355
1695686400,0.1896,0.1914,0.1852,0.1874,531815.1031751902,387
1695772800,0.1883,0.1905,0.1845,0.1864,486191.1253224897,408
1695859200,0.1861,0.1905,0.1857,0.1889,656782.04905954,455
1695945600,0.1893,0.1949,0.1885,0.1941,400362.9790408101,580
1696032000,0.1944,0.202,0.1944,0.1994,913033.0855271908,825
1696118400,0.1998,0.2166,0.1993,0.208,4769451.567036318,1871
1696204800,0.208,0.2102,0.1969,0.1987,3336328.289498968,1296
1696291200,0.1994,0.2021,0.198,0.1999,1801688.5888724492,675
1696377600,0.1994,0.202,0.1927,0.2013,2083585.1345221791,774
1696464000,0.2012,0.2023,0.1931,0.1931,4237344.487335685,1174
1696550400,0.1931,0.1965,0.1896,0.1943,2418095.071919828,983
1696636800,0.1941,0.1969,0.1925,0.1931,413982.5640294403,325
1696723200,0.1928,0.1936,0.19,0.193,529419.7246118701,309
1696809600,0.193,0.1933,0.1785,0.1829,2180364.023342839,894
1696896000,0.1823,0.1842,0.1801,0.1822,743261.707669791,443
1696982400,0.1821,0.183,0.1783,0.1815,455842.4504180297,323
1697068800,0.1819,0.1819,0.1767,0.1809,738463.6657368295,385
1697155200,0.1811,0.1861,0.1796,0.1839,1322817.5859048292,656
1697241600,0.1837,0.1865,0.1824,0.184,465029.9683944598,331
1697328000,0.1834,0.1859,0.183,0.1847,241606.72212683,260
1697414400,0.185,0.193,0.1846,0.1866,1089727.1235615306,705
1697500800,0.1858,0.186,0.1753,0.1774,2952023.8292667298,1118
1697587200,0.1771,0.1795,0.1752,0.1759,366788.5732459801,360
1697673600,0.1753,0.1777,0.171,0.177,584731.8678282597,596
1697760000,0.1774,0.184,0.1767,0.1824,1083299.5487067108,595
1697846400,0.1826,0.2089,0.182,0.1993,2842547.0254067783,1568
1697932800,0.1994,0.2089,0.1927,0.2086,2043084.954244332,1517
1698019200,0.2085,0.237,0.206,0.231,6612506.41495435,3720
1698105600,0.2311,0.2407,0.2179,0.2242,3275445.666876085,2809
1698192000,0.2247,0.2367,0.221,0.2275,1731477.0598574798,1421
1698278400,0.2269,0.2426,0.2142,0.2243,1593958.2180290779,1580
1698364800,0.2235,0.2337,0.2183,0.2281,2221155.0303991283,1454
1698451200,0.2285,0.2384,0.2282,0.2354,4546387.473396831,1696
1698537600,0.2353,0.2511,0.2307,0.2489,1347139.7395455588,1304
1698624000,0.2494,0.2512,0.2373,0.2442,1358255.9885675402,1031
1698710400,0.2436,0.2539,0.2323,0.2409,1881458.7948879881,1708
1698796800,0.2403,0.26,0.2305,0.2572,4474821.284856852,3386
1698883200,0.2576,0.261,0.2349,0.2423,2279454.0698118503,1662
1698969600,0.2415,0.246,0.2325,0.2456,2963951.262208965,1381
1699056000,0.2449,0.254,0.2437,0.2522,852188.8058514802,898
1699142400,0.2525,0.2769,0.2507,0.2639,3861317.5064766416,2925
1699228800,0.265,0.2779,0.261,0.274,3283158.8964114552,1848
1699315200,0.2736,0.2738,0.2553,0.2673,2271250.0686333985,1620
1699401600,0.2673,0.2824,0.2626,0.2726,2562743.657762231,1896
1699488000,0.2711,0.2872,0.188,0.26,10914583.043781823,5445
1699574400,0.2598,0.2982,0.2586,0.2933,4266029.360105532,3703
1699660800,0.2945,0.319,0.2904,0.3114,6579914.967579655,4445
1699747200,0.3119,0.3449,0.2963,0.3314,6647686.683203915,4619
1699833600,0.3319,0.3381,0.3002,0.3059,4675752.416040584,2892
1699920000,0.3045,0.3203,0.286,0.3057,2342958.1942624515,2532
1700006400,0.3071,0.3341,0.3067,0.3284,3814472.8021631557,3038
1700092800,0.3282,0.379,0.3271,0.3498,8467013.212486373,6431
1700179200,0.3495,0.3639,0.3241,0.3421,4111358.66766502,2854
1700265600,0.341,0.341,0.3102,0.3261,2953106.7252089437,1720
1700352000,0.3256,0.3374,0.315,0.3349,1308462.2269966197,1284
1700438400,0.3351,0.3481,0.3106,0.3112,3444786.0773770525,2516
1700524800,0.3113,0.3175,0.2784,0.2827,4048821.4835737674,2186
1700611200,0.284,0.3073,0.284,0.2981,4132680.113846951,1631
1700697600,0.2981,0.3061,0.2934,0.2975,2117370.721237461,972
1700784000,0.2974,0.3087,0.2962,0.3019,1607364.294851511,1079
1700870400,0.3013,0.323,0.3006,0.3177,2311822.7761810455,1357
1700956800,0.3185,0.3225,0.302,0.3104,1655740.5647741687,1050
1701043200,0.3093,0.3127,0.2905,0.2964,2544801.8261429067,1184
1701129600,0.2963,0.3208,0.2859,0.3172,2550711.3689733385,1745
1701216000,0.318,0.3209,0.2991,0.3007,3026976.067330532,1637
1701302400,0.3008,0.3058,0.2961,0.3036,2283426.8129244703,1180
1701388800,0.304,0.319,0.2994,0.3154,2390984.1867435393,1371
1701475200,0.316,0.3294,0.3153,0.3239,2878435.6700749653,2162
1701561600,0.3239,0.3262,0.3106,0.3162,3844375.7889837357,1594
1701648000,0.3165,0.3281,0.2882,0.3267,6126676.467038821,3593
1701734400,0.3268,0.338,0.3136,0.3344,9042369.694244182,4029
1701820800,0.3349,0.3471,0.3228,0.3362,3343717.171728578,3085
1701907200,0.3362,0.3485,0.3234,0.3429,6504856.0571069,3438
1701993600,0.3433,0.3707,0.3418,0.3689,5105812.0412061,3676
1702080000,0.3698,0.4298,0.3698,0.3987,7883656.32783822,7075
1702166400,0.3985,0.4165,0.3893,0.4038,3281633.475991401,2515
1702252800,0.4036,0.4073,0.3447,0.3642,5267109.500456187,3953
1702339200,0.3646,0.419,0.3638,0.393,8416693.815113226,5136
1702425600,0.3944,0.3962,0.3587,0.3926,4375689.195383236,2844
1702512000,0.3916,0.4593,0.39,0.4397,9533510.044332631,6696
1702598400,0.439,0.4575,0.4156,0.4225,9957210.92499087,5769
1702684800,0.4218,0.4429,0.4082,0.4185,5196700.319556868,3694
1702771200,0.419,0.4264,0.3922,0.3935,4340488.2261635605,3229
1702857600,0.3934,0.4208,0.3743,0.4136,8596755.037305044,4625
1702944000,0.4136,0.4209,0.3923,0.398,7340685.217950229,4731
1703030400,0.3976,0.4553,0.3905,0.4469,9079422.892919254,5934
1703116800,0.4469,0.4977,0.436,0.4874,10085626.767254284,7933
1703203200,0.488,0.5188,0.47,0.4896,6312822.210490732,5280
1703289600,0.4881,0.5271,0.476,0.5165,4977132.681544422,4947
1703376000,0.5146,0.5489,0.4979,0.5266,5984412.39673147,5800
1703462400,0.5294,0.5659,0.5161,0.5569,5187061.723451012,5392
1703548800,0.5566,0.5672,0.482,0.5382,4591186.481648767,4806
1703635200,0.5383,0.544,0.4961,0.5062,5574765.319213545,4056
1703721600,0.5072,0.5203,0.4706,0.4812,3962734.361278144,3075
1703808000,0.4815,0.5069,0.4619,0.476,3244007.185776583,2538
1703894400,0.4759,0.4808,0.4561,0.465,2657250.2995815435,1789
1703980800,0.4659,0.4891,0.4562,0.474,2343660.34363988,1873
1704067200,0.4739,0.5091,0.4645,0.5045,3214697.293597259,2784
1704153600,0.5031,0.5214,0.4801,0.4877,3923331.1702481634,3629
1704240000,0.4881,0.4984,0.3319,0.4345,7634488.038253238,7170
1704326400,0.4327,0.4592,0.425,0.4497,2707344.132401919,2292
1704412800,0.451,0.4541,0.3967,0.4236,4792764.340443951,3458
1704499200,0.4241,0.4243,0.388,0.4002,2359178.7719973796,1609
1704585600,0.3999,0.4089,0.3755,0.38,1303651.2224780002,1424
1704672000,0.3799,0.4054,0.3477,0.402,6556424.152410491,3790
1704758400,0.4015,0.4047,0.3607,0.3757,3238417.2668801583,2538
1704844800,0.3748,0.4393,0.367,0.4252,3927130.085833697,4049
1704931200,0.4269,0.445,0.4148,0.4235,4566440.158080298,3103
1705017600,0.424,0.4298,0.3781,0.3921,3329707.622635365,2982
1705104000,0.3923,0.4006,0.3768,0.3967,1027393.7857931986,787
1705190400,0.3959,0.4037,0.378,0.3812,1462066.929729488,1085
1705276800,0.3812,0.4004,0.3802,0.3881,1339688.848844368,1362
1705363200,0.3876,0.4234,0.3868,0.4151,3349384.0768135986,2173
1705449600,0.4186,0.42,0.3934,0.399,1622631.3733044195,1541
1705536000,0.3989,0.4014,0.3633,0.3693,2739831.2467020126,2046
1705622400,0.3694,0.3694,0.3438,0.3628,1556408.1527292896,1464
1705708800,0.3626,0.3755,0.3563,0.3714,1074373.0890774804,810
1705795200,0.3702,0.3774,0.3617,0.3617,931157.8543859492,1009
1705881600,0.3659,0.366,0.336,0.338,3330985.552843456,1462
1705968000,0.339,0.3449,0.3072,0.3289,4358853.214909079,1756
1706054400,0.3298,0.3452,0.325,0.3415,1317901.8247236,1113
1706140800,0.3406,0.3434,0.3273,0.3359,1012156.5197849601,676
1706227200,0.3344,0.3676,0.3317,0.3632,3190103.476206186,2079
1706313600,0.3631,0.376,0.3616,0.3742,1687260.0380053192,1279
1706400000,0.3746,0.396,0.3686,0.3752,4279649.428404486,2405
1706486400,0.3741,0.3952,0.3728,0.3848,1981199.3515560313,1492
1706572800,0.3845,0.3951,0.3733,0.3748,2650899.3931093025,1763
1706659200,0.3753,0.3755,0.3495,0.3522,4489414.058042397,1834
1706745600,0.3533,0.3553,0.3434,0.3548,2232916.480049809,976
1706832000,0.3549,0.3657,0.3545,0.3615,1621297.1607259389,880
1706918400,0.3629,0.3665,0.3535,0.3569,382657.87195481,487
1707004800,0.3559,0.36,0.3457,0.3488,697295.2822865993,537
1707091200,0.3494,0.3641,0.3418,0.3595,1500618.94784537,763
1707177600,0.3591,0.3631,0.3533,0.3562,1815182.0797318614,1101
1707264000,0.3566,0.3686,0.3485,0.3667,1503680.5728796087,893
1707350400,0.367,0.377,0.3645,0.3753,2468763.5496537015,1540
1707436800,0.3761,0.4054,0.3751,0.3965,2353537.0426141997,1791
1707523200,0.3989,0.4037,0.3865,0.3974,921487.8386501505,1071
1707609600,0.3996,0.4005,0.384,0.387,2260422.0599541813,1043
1707696000,0.3859,0.4068,0.374,0.4016,1565143.5370093822,1312
1707782400,0.4027,0.4037,0.3824,0.3946,1726072.3820333579,1167
1707868800,0.3934,0.425,0.3695,0.4114,3964086.173654125,2480
1707955200,0.4122,0.4208,0.402,0.4164,2917336.185951722,1941
1708041600,0.4167,0.4252,0.3981,0.4084,2966403.2091161944,1726
1708128000,0.4076,0.4106,0.3868,0.4008,1015713.5073890599,922
1708214400,0.4008,0.4259,0.3972,0.4222,1745951.8597268185,1665
1708300800,0.4222,0.4411,0.4222,0.431,4544646.60022156,2581
1708387200,0.4322,0.4399,0.398,0.4256,4214509.612182558,3034
1708473600,0.4244,0.4245,0.3897,0.4051,1827795.516615899,1605
1708560000,0.4042,0.4215,0.3933,0.4026,1657737.3116238322,1512
1708646400,0.4024,0.406,0.3852,0.3969,2058206.1932163562,1359
1708732800,0.3949,0.423,0.3873,0.421,1159454.3983018296,1277
1708819200,0.421,0.4241,0.4114,0.4189,1264848.6847711692,1032
1708905600,0.4172,0.4369,0.411,0.4346,4097056.3373580836,2837
1708992000,0.4354,0.4574,0.4313,0.4472,9875215.846309023,4411
1709078400,0.4477,0.4983,0.4187,0.4767,6502956.39937164,6407
1709164800,0.477,0.4923,0.451,0.4611,3181766.398176419,4228
1709251200,0.4619,0.5072,0.4604,0.4901,2329281.48648292,3407
1709337600,0.4896,0.5426,0.4895,0.5416,2865921.7965700086,5201
1709424000,0.5416,0.7052,0.4801,0.702,8387398.653989032,10730
1709510400,0.7031,0.75,0.61,0.6442,13125214.520067202,14286
1709596800,0.6442,0.7343,0.55,0.6354,16466023.181920506,17638
1709683200,0.6374,0.92,0.6162,0.7075,15503813.642992834,14132
1709769600,0.7089,0.8577,0.7044,0.8489,11154573.685142292,16411
1709856000,0.85,0.8677,0.76,0.8192,4418067.710689381,7130
1709942400,0.8184,0.8392,0.7935,0.7949,1869199.750183959,3788
1710028800,0.7948,0.8149,0.74,0.7516,2972977.852767022,3668
1710115200,0.7517,0.8586,0.7209,0.822,3204563.999061702,6060
1710201600,0.8205,0.8292,0.7536,0.8292,5403169.65888198,6955
1710288000,0.8292,0.9144,0.8044,0.8925,7707881.733109169,9438
1710374400,0.8941,0.9038,0.78,0.8281,6290214.677080662,7478
1710460800,0.8295,0.8741,0.72,0.8687,4443138.8634935925,7079
1710547200,0.8729,0.9821,0.7746,0.7953,9817346.234064007,12892
1710633600,0.7994,0.9159,0.7566,0.8535,6617315.053904624,7765
1710720000,0.8527,0.9556,0.813,0.9351,9879393.188297832,12006
1710806400,0.9333,1.0805,0.7932,1.0291,18141688.41665595,24668
1710892800,1.0282,1.1534,0.8963,1.1192,12964084.057439608,18073
1710979200,1.1176,1.1541,1.0287,1.1089,8385142.398336629,10616
1711065600,1.1098,1.2287,1.0595,1.1446,12784025.77800672,16370
1711152000,1.1447,1.1447,1.0375,1.0397,5516347.637350835,6198
1711238400,1.0396,1.093,1.0315,1.0678,2972169.1749714054,3948
1711324800,1.0674,1.2252,1.0533,1.1283,6323014.737931133,9433
1711411200,1.1277,1.1568,1.0561,1.0645,4812102.641704609,6004
1711497600,1.0645,1.098,0.99,1.0004,4564529.085115311,6521
1711584000,0.9999,1.0352,0.9918,1.021,3394355.5106534516,4403
1711670400,1.0198,1.022,0.9507,0.982,3973025.09114908,4332
1711756800,0.9817,0.9955,0.934,0.9399,1780127.8269677612,2174
1711843200,0.9379,1.0225,0.9343,1.0038,1953648.7755575164,2568
1711929600,1.0038,1.0038,0.9035,0.9498,2418961.5778010734,3555
1712016000,0.9501,0.9501,0.8624,0.8626,4257740.63872839,4585
1712102400,0.8644,0.8964,0.8127,0.8171,4192621.481833488,4352
1712188800,0.8176,0.8935,0.8081,0.8563,2639203.0123406197,3099
1712275200,0.8522,0.8568,0.7716,0.8007,3767420.5157580697,3263
1712361600,0.7995,0.857,0.797,0.848,1409002.1047587001,1651
1712448000,0.8464,0.9171,0.8387,0.8686,3350275.083052637,3507
1712534400,0.8693,0.949,0.8478,0.9349,3110748.954695877,3374
1712620800,0.9335,1.0385,0.9164,1.0155,6586006.301165011,8996
1712707200,1.0166,1.0464,0.9563,0.9881,7086090.931194448,8183
1712793600,0.9884,1.0064,0.893,0.9175,3252625.2412093654,3980
1712880000,0.9159,0.9448,0.67,0.7433,7964093.694750064,8468
1712966400,0.7439,0.7615,0.555,0.6639,13396543.146087117,11982
1713052800,0.668,0.7244,0.6403,0.7132,9740749.170456992,7281
1713139200,0.7108,0.7466,0.6226,0.6461,5986348.358230411,4821
1713225600,0.6425,0.6983,0.6244,0.6966,3592699.944240443,3456
1713312000,0.6916,0.7137,0.6504,0.6753,2936676.857566747,2897
1713398400,0.673,0.7081,0.642,0.6868,2011421.8291426364,1949
1713484800,0.6846,0.7193,0.6169,0.6901,4391151.81556668,3797
1713571200,0.6918,0.7642,0.6771,0.7627,1647600.1213701793,1939
1713657600,0.7566,0.7904,0.7374,0.7464,1580028.3884196186,1719
1713744000,0.7514,0.795,0.74,0.759,2997799.6228980822,2535
1713830400,0.7586,0.773,0.7234,0.7289,2540980.520417675,3246
1713916800,0.7288,0.7682,0.7095,0.7264,2068731.950088639,2362
1714003200,0.7276,0.7881,0.7099,0.7565,2888038.6201736936,2861
1714089600,0.7565,0.7783,0.718,0.7196,2422680.2375051933,2844
1714176000,0.7198,0.7337,0.6737,0.7172,2424895.7124624564,2055
1714262400,0.7166,0.731,0.7052,0.7084,1205142.4637558905,1058
1714348800,0.7085,0.7258,0.6997,0.7168,2349252.763588417,1795
1714435200,0.7163,0.7261,0.635,0.6445,2925975.400092954,2546
1714521600,0.6439,0.6906,0.612,0.6734,2659604.298575889,2395
1714608000,0.6735,0.6865,0.6564,0.6769,2141712.6958753886,1532
1714694400,0.677,0.7074,0.6625,0.7021,1963063.5723893284,3084
1714780800,0.7033,0.7141,0.6896,0.6933,1435460.5797668577,1422
1714867200,0.6934,0.7237,0.6758,0.7124,1704180.1164015993,1416
1714953600,0.7124,0.7492,0.696,0.6961,1793519.6940956304,1783
1715040000,0.6987,0.7113,0.6736,0.6753,1597445.0137562614,2404
1715126400,0.6741,0.6792,0.6532,0.6609,1386883.6609906927,1893
1715212800,0.661,0.72,0.6507,0.7171,1819103.1699779804,1738
1715299200,0.7171,0.7409,0.6952,0.7168,5950542.974761336,3722
1715385600,0.7157,0.7361,0.6996,0.7096,2623047.638270494,1811
1715472000,0.7141,0.732,0.7001,0.7011,1637424.835624769,1333
1715558400,0.701,0.7058,0.6577,0.6726,2438529.768361122,1723
1715644800,0.6711,0.6808,0.6386,0.6416,1916054.8268849107,1491
1715731200,0.6425,0.7716,0.637,0.7588,5463955.223701817,3710
1715817600,0.7599,0.834,0.7544,0.8003,7298722.840559449,6102
1715904000,0.8005,0.8482,0.784,0.7857,6416491.848705127,5672
1715990400,0.7853,0.8985,0.7816,0.8911,5950383.935214774,5639
1716076800,0.8905,0.9213,0.8378,0.8461,3921047.2665954083,4422
1716163200,0.8474,0.9646,0.8379,0.9242,6007538.644682299,6119
1716249600,0.9234,0.9289,0.8681,0.8735,4379087.423747914,4022
1716336000,0.8758,0.8803,0.8334,0.843,2500902.880348577,2537
1716422400,0.8444,0.8605,0.7626,0.8204,4757162.476401828,4012
1716508800,0.8192,0.8274,0.7868,0.8035,3353570.257579888,2201
1716595200,0.8018,0.8362,0.8,0.8237,1780361.215276728,1379
1716681600,0.8239,0.8277,0.7998,0.8184,1712688.4865338197,1143
1716768000,0.8197,0.8513,0.8064,0.8236,1953337.2150663973,1887
1716854400,0.8227,0.8341,0.7876,0.8273,3571737.7197054485,2667
1716940800,0.8297,0.8429,0.7969,0.8039,1789556.7856286892,1608
1717027200,0.8025,0.8153,0.7724,0.7826,1686597.5715828903,1641
1717113600,0.7822,0.8047,0.7629,0.7945,1099292.7503599892,1263
1717200000,0.7927,0.7976,0.7761,0.7866,311645.0957360199,490
1717286400,0.789,0.8012,0.7653,0.771,467937.5614907901,694
1717372800,0.7712,0.8271,0.7601,0.8044,1371531.9997324215,1705
1717459200,0.8037,0.85,0.7991,0.8381,1513360.1159910057,1866
1717545600,0.8374,0.8558,0.8234,0.8278,2102018.340473652,1715
1717632000,0.8275,0.8345,0.791,0.8069,1145425.0371429303,1308
1717718400,0.8053,0.8189,0.6571,0.7224,3446837.0880782655,3520
1717804800,0.7212,0.7291,0.6839,0.69,1106334.2810063115,1178
1717891200,0.6888,0.7036,0.6785,0.6969,584762.3756943402,722
1717977600,0.6952,0.699,0.669,0.6764,1140573.3650579795,1120
1718064000,0.6773,0.679,0.6228,0.6334,3599232.9421781804,2475
1718150400,0.6329,0.6949,0.6142,0.6763,3813133.203126466,2676
1718236800,0.6754,0.6758,0.6291,0.6395,1572486.8933937387,1290
1718323200,0.6406,0.6544,0.6038,0.6181,1216816.0892621197,1106
1718409600,0.6189,0.6368,0.6189,0.6245,485646.7462907606,623
1718496000,0.6237,0.6469,0.6119,0.6412,781798.3033048295,600
1718582400,0.6431,0.6488,0.5666,0.571,2284335.990707248,3781
1718668800,0.571,0.571,0.4748,0.5345,6794196.013229917,5167
1718755200,0.5351,0.5692,0.5278,0.5372,4546315.111026278,2828
1718841600,0.5355,0.584,0.5324,0.5464,1910258.2779526573,1715
1718928000,0.5495,0.5898,0.5421,0.5762,1984680.9025756759,2094
1719014400,0.5764,0.592,0.5585,0.5754,892794.1693139906,945
1719100800,0.5744,0.598,0.556,0.5926,1287268.4593004913,1460
1719187200,0.5892,0.6196,0.5342,0.6172,4527024.871509481,3598
1719273600,0.6143,0.6288,0.5907,0.5942,2346947.6207629624,2136
1719360000,0.5943,0.598,0.5588,0.5724,1642820.0465941203,1720
1719446400,0.5724,0.591,0.5628,0.5644,1582914.9495814783,1620
1719532800,0.5643,0.5713,0.5359,0.54,1833569.9477284267,1420
1719619200,0.539,0.5487,0.5375,0.5406,227488.3023331501,422
1719705600,0.5411,0.5936,0.5353,0.5886,1258668.4012795098,1557
1719792000,0.5894,0.6093,0.5729,0.5805,2719439.5444920496,2497
1719878400,0.5805,0.5942,0.5756,0.5869,1363589.451126799,1436
1719964800,0.5854,0.5854,0.4971,0.4999,3391340.4948157654,3049
1720051200,0.4999,0.5073,0.4368,0.4424,2638940.323050343,2579
1720137600,0.4422,0.4427,0.379,0.4222,6292576.050849974,4292
1720224000,0.4237,0.4893,0.4175,0.4509,2598756.2550040605,1889
1720310400,0.4509,0.4529,0.4115,0.4149,2586303.880697739,1723
1720396800,0.4165,0.4539,0.3939,0.4305,3544171.549239633,2220
1720483200,0.4301,0.4628,0.4272,0.4564,3525038.9103162424,2156
1720569600,0.4556,0.4959,0.4527,0.4703,2930427.3499182495,2222
1720656000,0.4699,0.4915,0.4561,0.4614,1804428.2024553707,1645
1720742400,0.462,0.4784,0.45,0.4691,1473799.6163853009,1347
1720828800,0.4687,0.4914,0.4634,0.4841,1039480.5491433477,1326
1720915200,0.4831,0.5059,0.476,0.4896,2502221.694419977,1868
1721001600,0.4898,0.5287,0.484,0.5278,2472666.4251282797,2720
1721088000,0.5269,0.5342,0.4953,0.5252,2717628.2139579174,2698
1721174400,0.5227,0.5352,0.5059,0.5088,1328540.94843058,1412
1721260800,0.5111,0.519,0.4676,0.4756,2178735.010261569,1912
1721347200,0.4753,0.5311,0.4639,0.5212,3261611.0089322324,3913
1721433600,0.5221,0.5345,0.5081,0.5218,1173730.1440650115,1449
1721520000,0.5214,0.5446,0.4948,0.5446,1174371.6550553993,1565
1721606400,0.5444,0.5471,0.5056,0.5113,958806.2477148704,1100
1721692800,0.5116,0.516,0.4731,0.49,1581549.492308718,1763
1721779200,0.4907,0.5011,0.4553,0.4581,1266820.918088103,2172
1721865600,0.4579,0.4598,0.415,0.4342,2984590.353973045,3745
1721952000,0.434,0.4633,0.4332,0.4628,1704833.8182767173,1492
1722038400,0.4604,0.4731,0.4422,0.4561,1475791.759858259,1388
1722124800,0.4551,0.4554,0.438,0.4444,457252.5206785396,545
1722211200,0.4436,0.4753,0.442,0.4446,1647289.6914179805,1794
1722297600,0.4453,0.4767,0.4318,0.434,2448383.5825183527,1878
1722384000,0.4336,0.44,0.41,0.4112,2232130.261822393,1977
1722470400,0.411,0.419,0.3792,0.4143,2446307.77011139,2376
1722556800,0.4149,0.4245,0.38,0.3868,2142712.3394438406,1583
1722643200,0.3877,0.3969,0.3504,0.3587,2473563.1396029782,2506
1722729600,0.3578,0.3728,0.327,0.3425,3334557.3846664005,4487
1722816000,0.3426,0.3461,0.2603,0.2919,10032164.188000632,7459
1722902400,0.2918,0.3231,0.2918,0.3169,2970101.03389986,2312
1722988800,0.3173,0.3244,0.2961,0.2984,1690679.2488977418,1672
1723075200,0.2983,0.3458,0.2908,0.3444,3471953.437359819,2520
1723161600,0.3442,0.346,0.3292,0.3384,2036842.4932633513,1551
1723248000,0.3384,0.3541,0.3322,0.349,923203.0204853807,711
1723334400,0.3493,0.3641,0.3203,0.3259,3283822.1152914604,1822
1723420800,0.3251,0.3619,0.3219,0.3521,2812747.6141144508,2140
1723507200,0.3518,0.3756,0.3351,0.3731,2100060.3652550494,1708
1723593600,0.3742,0.3895,0.3634,0.373,3107012.6211217935,2339
1723680000,0.3731,0.4083,0.3584,0.3885,5682640.459606238,5451
1723766400,0.3872,0.4035,0.3544,0.3689,3978724.84983412,3361
1723852800,0.3668,0.3942,0.3626,0.3922,1654242.0764254385,1751
1723939200,0.3922,0.4037,0.3746,0.3897,1865690.938683139,2204
1724025600,0.3897,0.3948,0.3754,0.3914,2290416.4833918726,2189
1724112000,0.3913,0.4005,0.3786,0.3966,2630949.3099101214,2136
1724198400,0.3963,0.4667,0.3916,0.4605,5044715.552957082,4116
1724284800,0.4593,0.4705,0.4494,0.4626,2371012.5497940206,2248
1724371200,0.4631,0.5194,0.4596,0.5129,5654940.847220098,7153
1724457600,0.5146,0.5324,0.5047,0.5121,2413292.959944391,3151
1724544000,0.5122,0.5335,0.4853,0.5224,2618808.4107666537,2974
1724630400,0.5224,0.5286,0.4746,0.4781,2145364.1493662973,2778
1724716800,0.4784,0.5131,0.4332,0.4432,7240174.700723759,5450
1724803200,0.442,0.4574,0.4038,0.4213,9311123.875253983,5657
1724889600,0.42,0.4525,0.4112,0.4229,6295489.615145741,3917
1724976000,0.4221,0.4385,0.4055,0.4272,2687956.6685395944,2593
1725062400,0.4274,0.4331,0.4214,0.4247,497875.7411057602,779
1725148800,0.4235,0.4264,0.3979,0.4046,2217335.619162578,2631
1725235200,0.404,0.4302,0.3983,0.428,2863115.645153454,2683
1725321600,0.428,0.4379,0.3886,0.3895,4999819.004208393,2694
1725408000,0.3894,0.413,0.367,0.3985,2619207.729166351,2631
1725494400,0.398,0.399,0.3771,0.3803,2035761.648702116,1824
1725580800,0.3807,0.3995,0.3574,0.3702,7144777.370115705,3678
1725667200,0.3699,0.395,0.3687,0.3845,1559763.172557731,1559
1725753600,0.3866,0.4193,0.3843,0.4142,3200640.5788597125,2934
1725840000,0.4139,0.4896,0.4135,0.4839,6659578.54427826,5655
1725926400,0.4871,0.5162,0.4769,0.5013,6621446.297366364,5608
1726012800,0.5015,0.5019,0.4758,0.4797,3984977.9637288665,3677
1726099200,0.4797,0.4978,0.4748,0.4969,5655441.982066322,3396
1726185600,0.4966,0.5074,0.4731,0.4985,2523269.6248521595,2887
1726272000,0.4985,0.4999,0.4671,0.4729,1778361.0991639914,2128
1726358400,0.473,0.5262,0.473,0.5055,4272652.413390166,5118
1726444800,0.5044,0.5338,0.4817,0.5206,7954926.814799764,7867
1726531200,0.5199,0.5885,0.5118,0.5749,6832064.947265071,8609
1726617600,0.5745,0.6578,0.5555,0.6503,10484025.36943191,9907
1726704000,0.652,0.68,0.628,0.631,6620219.350416831,7592
1726790400,0.6309,0.6753,0.6228,0.642,5119526.887218185,6109
1726876800,0.6419,0.7223,0.6193,0.7119,3881952.9453067402,4699
1726963200,0.7149,0.7149,0.6341,0.655,4483864.03011165,5011
1727049600,0.6551,0.6845,0.6311,0.6375,4007286.4157736306,4960
1727136000,0.6371,0.6785,0.6138,0.6641,3434754.990002735,4438
1727222400,0.6646,0.7165,0.6515,0.6542,3768061.290671826,4826
1727308800,0.6546,0.7362,0.6411,0.6903,5686006.378820505,6799
1727395200,0.6902,0.7209,0.6717,0.701,2168988.03848296,2992
1727481600,0.6995,0.7049,0.6612,0.6749,3975350.171471345,3416
1727568000,0.6737,0.7326,0.653,0.6781,4115413.080060909,4528
1727654400,0.6766,0.7144,0.6571,0.6932,5242082.123991014,5748
1727740800,0.694,0.7634,0.6542,0.6689,12591345.25790004,11842
1727827200,0.669,0.7322,0.6419,0.6495,10844351.033540219,10839
1727913600,0.6487,0.665,0.5872,0.6074,5504091.579828809,5861
1728000000,0.6068,0.6465,0.5995,0.6316,3990051.53381112,4175
1728086400,0.6339,0.6429,0.5973,0.6104,2438290.9031675234,2709
1728172800,0.609,0.6598,0.6055,0.6559,3046479.8910939004,3472
1728259200,0.6563,0.6953,0.6413,0.6621,7551069.900055049,7023
1728345600,0.6627,0.6994,0.6529,0.678,6083014.823907115,5457
1728432000,0.6823,0.7127,0.6621,0.6622,4209979.478359232,4633
1728518400,0.6624,0.7034,0.623,0.6313,4423777.722464886,4868
1728604800,0.6323,0.6872,0.6252,0.6753,5515431.542085191,4714
1728691200,0.6763,0.7076,0.6659,0.7028,2997008.898662477,3426
1728777600,0.703,0.7129,0.651,0.6655,4529058.38557191,3873
1728864000,0.6655,0.7447,0.6591,0.7326,6809454.47540077,8517
1728950400,0.7333,0.8004,0.7241,0.7591,7275469.748091967,8922
1729036800,0.7585,0.77,0.7226,0.7426,6768265.516592772,6007
1729123200,0.7435,0.7672,0.704,0.7201,2350313.3623491833,3014
1729209600,0.72,0.7454,0.7059,0.7335,3097342.351011325,2762
1729296000,0.7328,0.745,0.7138,0.72,1177521.9974179796,1426
1729382400,0.7193,0.7643,0.7082,0.762,3081413.0203697733,3332
1729468800,0.7632,0.7936,0.7331,0.736,3945813.471802557,5248
1729555200,0.736,0.7486,0.6951,0.7086,5149174.407185813,3657
1729641600,0.7093,0.7094,0.6617,0.6862,1819359.1227758492,2059
1729728000,0.687,0.7026,0.68,0.6874,1606358.2177134107,1704
1729814400,0.6881,0.6924,0.5861,0.6201,3493572.2325747763,3298
1729900800,0.6188,0.65,0.6091,0.6417,3319940.9070985876,2700
1729987200,0.6416,0.6942,0.637,0.6832,2685987.012450634,2487
1730073600,0.6825,0.6936,0.659,0.6875,3743208.3995486083,3260
1730160000,0.6885,0.7287,0.6851,0.7189,2499793.7528712433,3530
1730246400,0.7202,0.7203,0.6852,0.6926,2441902.0184301687,2276
1730332800,0.692,0.695,0.644,0.6549,3587752.218819632,2969
1730419200,0.6554,0.6687,0.6263,0.64,4079755.232666499,2598
1730505600,0.6399,0.6473,0.6133,0.6194,1399284.3928600573,1310
1730592000,0.6201,0.6218,0.5611,0.5996,4043835.494300324,2651
1730678400,0.598,0.6052,0.53,0.545,4362503.824964416,3086
1730764800,0.5482,0.6094,0.5456,0.5828,3034939.9149708594,2769
1730851200,0.5831,0.702,0.5831,0.6898,7349835.321975443,7376
1730937600,0.6908,0.735,0.6846,0.7221,4707821.170451184,5833
1731024000,0.7274,0.7373,0.6985,0.7189,2873021.9581138785,3614
1731110400,0.7184,0.7654,0.7114,0.7558,5519398.416555543,5483
1731196800,0.7575,0.825,0.7321,0.7864,7465491.245711544,8785
1731283200,0.7861,0.8407,0.7515,0.8379,7140399.020159025,11792
1731369600,0.8378,0.8378,0.7205,0.7628,7462751.327507867,11625
1731456000,0.7652,0.7741,0.6775,0.7031,9500175.923183655,9704
1731542400,0.7031,0.742,0.6606,0.6716,4582473.365219134,5701
1731628800,0.6715,0.7276,0.6607,0.7056,4706146.940699022,5517
1731715200,0.7063,0.7687,0.6993,0.7449,7067968.835375725,7141
1731801600,0.7457,0.7672,0.6814,0.6977,5196963.548817671,6394
1731888000,0.6966,0.7335,0.6897,0.7287,4751927.282459258,5706
1731974400,0.7318,0.7318,0.6816,0.6966,3232351.8633394963,3247
1732060800,0.6966,0.713,0.6479,0.6616,3068087.2351142187,4251
1732147200,0.6613,0.7287,0.6417,0.7075,4049368.7236195547,5285
1732233600,0.7071,0.7638,0.6831,0.7608,6831782.212056948,9385
1732320000,0.7638,0.9489,0.752,0.8759,19717822.518806938,26348
1732406400,0.8765,1.0271,0.8305,1.0073,14795966.578864329,20924
1732492800,1.0068,1.0111,0.9085,0.9766,11163471.66725079,13667
1732579200,0.9816,1.1033,0.9223,1.0834,12256403.14188052,20551
1732665600,1.0802,1.1341,1.0258,1.0461,7582709.773073852,12091
1732752000,1.0466,1.1072,0.9845,0.994,4548906.635856998,7570
1732838400,0.9943,1.0515,0.9943,1.0337,4586701.862934343,5846
1732924800,1.0333,1.0905,1.0131,1.0485,5085289.219759135,7826
1733011200,1.0474,1.1073,1.0223,1.0954,4981061.400706124,6722
1733097600,1.0983,1.2723,0.9823,1.2483,11799572.181060415,17696
1733184000,1.2488,1.35,1.175,1.2437,11004428.010874802,20920
1733270400,1.2449,1.2898,1.18,1.2132,8932226.72459857,12300
1733356800,1.2141,1.352,1.1543,1.3157,8615173.59798431,15091
1733443200,1.3158,1.363,1.2612,1.3121,6470913.548769255,10969
1733529600,1.312,1.3968,1.3111,1.3161,4868793.465576453,8339
1733616000,1.3152,1.3727,1.2908,1.3302,2833082.1658399208,5167
1733702400,1.3305,1.337,1.0,1.123,11286469.310075918,15266
1733788800,1.1234,1.2017,1.0525,1.1589,8655863.124801017,12645
1733875200,1.1561,1.2583,1.1161,1.2515,2672314.3906335863,5463
1733961600,1.2518,1.3254,1.2218,1.2353,3919233.4839003594,6677
1734048000,1.2332,1.3173,1.1958,1.3134,3513681.440621176,6050
1734134400,1.3135,1.3251,1.2141,1.2237,2524086.184168788,4527
1734220800,1.2225,1.4528,1.1981,1.4308,7401691.803903422,12224
1734307200,1.4342,1.475,1.3394,1.3904,5311299.201113276,9629
1734393600,1.3891,1.4314,1.3128,1.3154,3555660.6493996433,6437
1734480000,1.318,1.3629,1.0874,1.1128,7435975.482685516,12895
1734566400,1.1139,1.1808,0.9647,0.9948,7432004.264505134,11363
1734652800,0.9961,1.0278,0.8434,0.9919,10619410.748246578,12597
1734739200,0.9909,1.0999,0.9522,0.9655,5006529.360397027,6439
1734825600,0.97,1.0164,0.9299,0.9651,3689595.648648192,4458
1734912000,0.9649,1.0516,0.9336,1.0408,4142906.080855244,5650
1734998400,1.04,1.0414,0.9038,0.9969,5017702.860819793,6768
1735084800,0.9969,1.026,0.9574,0.965,2491761.455905255,3031
1735171200,0.9631,0.9771,0.8646,0.8715,1833842.0391133423,2697
1735257600,0.874,0.921,0.8219,0.8316,3295755.8922661142,3969
1735344000,0.8337,0.8399,0.7699,0.7905,8136546.4622329995,7874
1735430400,0.7942,0.8143,0.768,0.7815,3188116.4956969856,3451
1735516800,0.7786,0.8114,0.6917,0.7257,7368348.570611047,7056
1735603200,0.7257,0.7372,0.6727,0.6789,7966093.138032385,6824
1735689600,0.6805,0.8234,0.6602,0.7991,9535893.439272592,8492
1735776000,0.798,0.8651,0.7496,0.7786,10387117.608892992,8730
1735862400,0.7789,0.8755,0.7539,0.8554,11183299.551828424,9489
1735948800,0.8551,0.8753,0.8295,0.8473,2898541.9968329,3922
1736035200,0.8488,0.856,0.812,0.8273,3692867.207312699,3386
1736121600,0.8279,0.8439,0.7606,0.7819,9481396.81268867,11033
1736208000,0.7815,0.8185,0.6865,0.6893,7592360.910242707,9170
1736294400,0.6887,0.6958,0.6183,0.6914,10843653.571455443,11111
1736380800,0.6915,0.6927,0.621,0.646,3305927.393214507,5844
1736467200,0.6459,0.7599,0.635,0.7032,4361648.093423521,6670
1736553600,0.7036,0.73,0.6884,0.7194,2895487.4397449614,4157
1736640000,0.7201,0.7236,0.6914,0.6989,2954201.8572927825,2644
1736726400,0.7005,0.7102,0.61,0.6738,6195446.966733131,6570
1736812800,0.6738,0.7198,0.6692,0.705,3477512.8843530426,6287
1736899200,0.705,0.8445,0.695,0.8319,5570863.049752678,15297
1736985600,0.8313,0.8899,0.7584,0.7817,4358890.253464116,10426
1737072000,0.7786,0.8672,0.7636,0.7802,3481287.215223187,7486
1737158400,0.7791,0.7851,0.6178,0.6803,5934832.699477367,11580
1737244800,0.68,0.75,0.544,0.5646,11198440.234450126,14976
1737331200,0.5648,0.6544,0.5014,0.5174,7890982.588990806,12588
1737417600,0.5172,0.6342,0.5001,0.6067,6507386.19782965,9476
1737504000,0.6045,0.6588,0.5924,0.5927,2247984.1618441353,4425
1737590400,0.5927,0.6048,0.5635,0.5803,2798421.620278727,2800
1737676800,0.5802,0.5818,0.5275,0.5363,4478077.851375612,3556
1737763200,0.536,0.549,0.5251,0.537,976397.8476814273,1497
1737849600,0.5361,0.555,0.5145,0.5152,1349662.840123232,2305
1737936000,0.5145,0.5215,0.458,0.4922,3465166.587795136,4352
1738022400,0.4927,0.4945,0.435,0.4406,2284082.6472470057,3057
1738108800,0.4404,0.4996,0.4387,0.486,2033313.133498098,3188
1738195200,0.4863,0.5371,0.4863,0.5188,3161295.4818997886,5841
1738281600,0.5185,0.6019,0.5009,0.5641,4042954.749215973,6269
1738368000,0.5647,0.5712,0.4875,0.4908,1423779.0605120729,3165
1738454400,0.491,0.5232,0.4259,0.4584,2926987.669862442,4037
1738540800,0.4588,0.4813,0.3154,0.47,11479836.996504689,7611
1738627200,0.4702,0.473,0.4131,0.4381,4061756.9562603114,2741
1738713600,0.4374,0.4593,0.4252,0.4385,2754731.4315640377,2162
1738800000,0.4391,0.4764,0.4203,0.4222,2117932.4648487335,2759
1738886400,0.4263,0.4506,0.3812,0.3954,1860019.8560498967,2288
1738972800,0.3954,0.418,0.375,0.4124,1909621.0947420888,2200
1739059200,0.4106,0.4199,0.3935,0.4098,1103565.4186499517,1303
1739145600,0.4103,0.4465,0.3987,0.4365,1101441.7609903505,1679
1739232000,0.4356,0.48,0.4356,0.4537,1665776.8116696118,2033
1739318400,0.4537,0.5621,0.42,0.5568,6025738.91291043,6653
1739404800,0.5567,0.5878,0.5281,0.5329,3768441.8942552223,4646
1739491200,0.5332,0.5652,0.5293,0.5489,1474577.9250610687,2144
1739577600,0.5489,0.5617,0.5093,0.5128,581545.4950461102,1292
1739664000,0.5149,0.5399,0.5055,0.53,933749.6143799801,1658
1739750400,0.5299,0.644,0.5299,0.6086,4650739.8036334785,6487
1739836800,0.6081,0.6376,0.5651,0.598,3894034.5645486047,4938
1739923200,0.5972,0.7652,0.5906,0.7112,6420909.954092552,10133
1740009600,0.711,0.8984,0.6953,0.8651,7765866.126967966,13832
1740096000,0.8673,0.9886,0.8234,0.853,14218937.419267261,28173
1740182400,0.8542,0.9135,0.7853,0.8014,5132157.620100484,9798
1740268800,0.802,0.8586,0.7902,0.8497,2958597.5527180685,5803
1740355200,0.8495,0.9154,0.7811,0.8046,7522629.053043161,13578
1740441600,0.8067,0.823,0.5177,0.7606,10919218.540919568,12194
1740528000,0.7598,0.7892,0.6644,0.7252,5237965.895064444,7955
1740614400,0.7277,0.7473,0.683,0.6956,3230666.7954494003,3844
1740700800,0.695,0.6978,0.6152,0.672,3596486.7688979385,6313
1740787200,0.6723,0.761,0.6671,0.7226,2571393.4002981093,4818
1740873600,0.7226,0.7811,0.7113,0.747,3182384.5555908647,6898
1740960000,0.7473,0.7475,0.5871,0.595,4726229.114531253,5523
1741046400,0.5955,0.5961,0.4932,0.5625,4860531.544664044,5555
1741132800,0.5623,0.6108,0.5388,0.592,3012040.2740010303,4243
1741219200,0.5923,0.6206,0.5309,0.5327,2898853.5804479467,2758
1741305600,0.5359,0.543,0.4994,0.5072,1257749.6755022684,2173
1741392000,0.5065,0.5215,0.4997,0.5085,777276.7653678204,826
1741478400,0.5111,0.5119,0.4315,0.4373,1767002.9573848583,2670
1741564800,0.4376,0.472,0.4094,0.4266,5277935.167423195,3052
1741651200,0.4288,0.4501,0.4018,0.4285,2046458.6244814426,1808
1741737600,0.4294,0.4568,0.411,0.4509,1376376.1648415783,1437
1741824000,0.4499,0.5062,0.4469,0.4836,2008453.7568177825,2664
1741910400,0.4829,0.549,0.4795,0.5256,2697447.3677298096,3203
1741996800,0.5268,0.6276,0.5189,0.5509,2026292.0632685067,1914
1742083200,0.5493,0.55,0.4519,0.4959,2251394.2156464593,2480
1742169600,0.4973,0.6653,0.4904,0.5011,1987377.695898489,2280
1742256000,0.5008,0.63,0.468,0.4942,2215933.922406725,2218
1742342400,0.495,0.5543,0.495,0.5508,1962185.7440956747,3030
1742428800,0.5502,0.558,0.5059,0.5098,1094187.4085888288,1472
1742515200,0.5129,0.5249,0.4862,0.5072,1190681.916200471,1374
1742601600,0.5052,0.5229,0.505,0.5067,349280.1131176196,694
1742688000,0.5063,0.5432,0.5025,0.5382,543491.4780278096,1032
1742774400,0.5407,0.6186,0.5299,0.5943,1945842.9884882746,3631
1742860800,0.5961,0.6326,0.576,0.6066,1855191.710370173,2771
1742947200,0.6061,0.6372,0.5861,0.6028,1124691.4842335987,1853
1743033600,0.6035,0.6256,0.5907,0.6059,698394.9275533097,1450
1743120000,0.6042,0.6042,0.531,0.5418,993509.9660720003,1633
1743206400,0.5416,0.5445,0.4751,0.4878,1160642.8659077697,1645
1743292800,0.4863,0.5082,0.4802,0.4933,626970.8710545998,1059
1743379200,0.4945,0.4967,0.4586,0.4842,1551089.964841732,1197
