1654732800,3.5,3.5,0.5899,0.5974,44631.16871,89
1654819200,0.5992,0.5992,0.575,0.5753,9665.07447359,49
1654905600,0.5689,0.5698,0.5245,0.5257,5996.41387703,15
1654992000,0.5146,0.5148,0.5099,0.5099,880.00932,6
1655078400,0.4812,0.4812,0.451,0.4585,1940.46541323,8
1655164800,0.4264,0.4287,0.4191,0.4203,320.3002,7
1655251200,0.4301,0.4301,0.4199,0.4266,904.93714,13
1655337600,0.4339,0.4367,0.4332,0.4344,877.45153398,11
1655424000,0.4361,0.4361,0.4319,0.4319,45.75336,2
1655510400,0.42,0.42,0.4114,0.4114,810.41459,9
1655596800,0.4084,0.4084,0.3856,0.3899,1530.17028555,19
1655683200,0.3922,0.3954,0.392,0.3954,1842.40891514,9
1655769600,0.4023,0.4159,0.4023,0.4159,857.40670662,10
1655856000,0.4162,0.4162,0.4095,0.4121,45.05771,3
1655942400,0.4129,0.4169,0.4128,0.4147,322.36945602,8
1656028800,0.4169,0.4183,0.4121,0.4121,1265.80149289,10
1656115200,0.4163,0.4163,0.4081,0.4081,169.11792049,19
1656201600,0.4123,0.4123,0.4063,0.4089,359.96256463,7
1656288000,0.4087,0.4087,0.4001,0.4001,668.3558581,5
1656374400,0.3969,0.4003,0.3959,0.3959,357.07055,20
1656460800,0.395,0.404,0.395,0.3996,16510.63193633,22
1656547200,0.3986,0.3986,0.392,0.3921,3215.54542,8
1656633600,0.3977,0.3979,0.3959,0.3959,1449.06188,6
1656720000,0.3956,0.3956,0.3934,0.3941,2220.02455,6
1656806400,0.3908,0.3908,0.3886,0.3886,390.28949,2
1656892800,0.3918,0.397,0.3918,0.3934,6469.77468,9
1656979200,0.3938,0.4058,0.3938,0.4058,7455.47955553,14
1657065600,0.4078,0.4098,0.398,0.4007,13742.46099,15
1657152000,0.4023,0.4116,0.4023,0.4094,2769.5318,11
1657238400,0.4095,0.4138,0.4095,0.4131,19352.55642,14
1657324800,0.4124,0.4124,0.4102,0.4113,1214.64584,5
1657411200,0.4112,0.4112,0.4063,0.4096,321.17825,4
1657497600,0.4044,0.4069,0.4038,0.4062,38710.81957096,10
1657584000,0.4062,0.4062,0.403,0.403,3015.38847,9
1657670400,0.4046,0.4046,0.4033,0.4044,9634.23926578,8
1657756800,0.403,0.4076,0.403,0.4076,7335.89413209,15
1657843200,0.4102,0.4118,0.4082,0.4104,48214.988479,17
1657929600,0.4101,0.4101,0.4079,0.4101,2248.78998,8
1658016000,0.4117,0.4131,0.4117,0.4131,5460.12388,8
1658102400,0.4104,0.4156,0.4104,0.4128,4684.12765084,19
1658188800,0.4137,0.4188,0.4117,0.4188,98076.34540375,23
1658275200,0.4192,0.42,0.4164,0.4186,40676.52807,23
1658361600,0.4176,1.5,0.4128,0.4128,1010.95632,16
1658448000,0.4141,0.4141,0.3941,0.3972,7683.97200183,20
1658534400,0.3994,0.4008,0.3973,0.4001,6684.71969,10
1658620800,0.3985,0.4014,0.3985,0.4014,6292.22688816,8
1658707200,0.4013,0.402,0.3992,0.402,6370.01817653,13
1658793600,0.4027,0.4041,0.4006,0.4041,9166.0463,20
1658880000,0.4027,0.4181,0.4027,0.4181,10868.28834601,13
1658966400,0.4194,0.4198,0.4033,0.4033,14487.13537244,28
1659052800,0.4027,0.4059,0.3987,0.4011,2299.90686011,21
1659139200,0.4001,0.4006,0.38,0.3801,7847.51259179,27
1659225600,0.3758,0.3758,0.3,0.319,74031.46849515,81
1659312000,0.3187,0.3436,0.3187,0.3292,56018.66614402,39
1659398400,0.3283,0.3283,0.3138,0.3161,5413.45838824,13
1659484800,0.315,0.3178,0.3058,0.3059,9407.49588502,19
1659571200,0.3059,0.3059,0.2261,0.2469,173685.90405912,228
1659657600,0.259,0.3934,0.2587,0.2747,153799.0114342099,384
1659744000,0.2732,0.295,0.2493,0.252,98781.00703438,181
1659830400,0.2494,0.2494,0.2098,0.2328,191306.3783586999,249
1659916800,0.2351,0.2766,0.2248,0.2373,240097.5794206403,514
1660003200,0.2309,0.2382,0.2196,0.2212,88118.14282791,140
1660089600,0.2219,0.2219,0.2023,0.2028,64405.38664537,114
1660176000,0.2002,0.2006,0.0001,0.1896,196197.7290743901,291
1660262400,0.1913,0.2353,0.1858,0.1912,173603.51476861,316
1660348800,0.1913,0.2016,0.1865,0.1884,84920.95537457,98
1660435200,0.1879,0.2034,0.1866,0.1907,55325.23765497,76
1660521600,0.191,0.1948,0.186,0.189,35292.11587897,52
1660608000,0.1904,0.1946,0.1897,0.1912,24496.52475727,35
1660694400,0.1951,0.2256,0.1911,0.1922,101542.62010225,176
1660780800,0.193,0.2029,0.193,0.1971,25687.64763352,40
1660867200,0.1979,0.2081,0.197,0.2035,46221.88819046,75
1660953600,0.2008,0.2009,0.1799,0.1823,26178.95633654,54
1661040000,0.1844,0.1858,0.1783,0.1798,31223.12476606,41
1661126400,0.1793,0.1809,0.1608,0.1712,54301.06744616,81
1661212800,0.1672,0.1672,0.1568,0.1656,108446.27983747,90
1661299200,0.1655,0.1681,0.1623,0.1638,17268.65501808,27
1661385600,0.1663,0.1844,0.1655,0.1844,46824.47801549,62
1661472000,0.1869,0.2001,0.1859,0.1987,63895.98535793,93
1661558400,0.1958,0.1991,0.1923,0.197,10646.08208823,23
1661644800,0.1983,0.2036,0.1972,0.2036,9787.77123549,23
1661731200,0.2039,0.2053,0.2028,0.2048,6524.23181241,20
1661817600,0.2054,0.2054,0.192,0.1938,1078.8574361,11
1661904000,0.1944,0.1965,0.1944,0.1959,9156.02464317,12
1661990400,0.1974,0.2063,0.1974,0.2063,20967.34538261,20
1662076800,0.2052,0.2099,0.2052,0.2099,22544.44914966,25
1662163200,0.2106,0.2247,0.2106,0.2247,54337.58140657,37
1662249600,0.2247,0.2247,0.2162,0.2186,5584.69883,9
1662336000,0.2213,0.2259,0.2201,0.2259,4273.84372904,17
1662422400,0.2239,0.2261,0.2046,0.222,14569.03870551,18
1662508800,0.2191,0.2205,0.212,0.2189,2787.66084327,13
1662595200,0.2212,0.2244,0.2169,0.2182,30239.87799201,14
1662681600,0.2184,0.2268,0.2184,0.2253,13403.68576996,33
1662768000,0.2273,0.2295,0.226,0.2287,41637.19248989,23
1662854400,0.2283,0.2299,0.2278,0.2297,1583.06299057,12
1662940800,0.2299,0.2299,0.2213,0.223,3928.16622,8
1663027200,0.2246,0.2246,0.2156,0.2156,3359.77116522,11
1663113600,0.2167,0.2167,0.2155,0.2155,1993.48018,2
1663200000,0.214,0.2158,0.2129,0.2129,16696.76734,10
1663286400,0.2122,0.2217,0.2122,0.2203,8563.39554154,25
1663372800,0.2202,0.2202,0.2157,0.2169,2092.77611795,6
1663459200,0.2169,0.2169,0.2117,0.2117,2826.67441163,9
1663545600,0.2097,0.2097,0.2,0.2,21537.69907557,15
1663632000,0.2034,0.2058,0.2034,0.2043,19243.37979,7
1663718400,0.2056,0.2092,0.2056,0.2092,10530.02137858,8
1663804800,0.2034,0.2034,0.2027,0.2027,131.72728873,3
1663891200,0.2023,0.2064,0.2023,0.2053,2221.57511696,5
1663977600,0.2057,0.2072,0.2057,0.2072,2052.64037,4
1664064000,0.2106,0.2109,0.209,0.2109,2257.33963,3
1664150400,0.2122,0.2194,0.2116,0.2185,13715.34410079,22
1664236800,0.2178,0.222,0.2178,0.2208,6083.49176308,9
1664323200,0.2209,0.2405,0.2209,0.2402,35155.62378613,36
1664409600,0.2406,0.2567,0.2406,0.2555,16580.14233326,45
1664496000,0.2596,0.2608,0.2559,0.2559,30682.18560754,21
1664582400,0.2585,0.2585,0.256,0.2561,1092.4119,4
1664668800,0.2576,0.2625,0.2567,0.2606,28984.91119912,12
1664755200,0.2603,0.2612,0.2575,0.2594,27885.84719,14
1664841600,0.2545,0.2545,0.2366,0.2366,6477.50358891,15
1664928000,0.2398,0.2465,0.2385,0.2421,4938.79248118,12
1665014400,0.2461,0.2483,0.2457,0.2458,5623.47318973,6
1665100800,0.2409,0.2409,0.2357,0.2357,1110.63419,4
1665187200,0.2337,0.2337,0.2292,0.2299,6227.56699932,7
1665273600,0.2363,0.2363,0.2363,0.2363,422.52376,1
1665360000,0.2382,0.2384,0.2378,0.2378,1737.3678,4
1665446400,0.2361,0.2368,0.2295,0.2342,24858.22828,11
1665532800,0.2351,0.2413,0.2342,0.2413,24287.17772562,18
1665619200,0.2434,0.2434,0.2373,0.2373,2569.61834568,3
1665705600,0.2394,0.5,0.2376,0.2389,80968.29953124,31
1665792000,0.2278,0.2278,0.2278,0.2278,308.82699,2
1665878400,0.2256,0.2271,0.2254,0.2271,549.43656037,4
1665964800,0.2274,0.2281,0.226,0.2275,12163.0529747,9
1666051200,0.227,0.2271,0.2268,0.2268,1813.26555818,4
1666137600,0.2268,0.2268,0.2268,0.2268,84.80953,1
1666224000,0.2269,0.2269,0.2256,0.2257,3762.60835699,15
1666310400,0.2256,0.2256,0.2143,0.2175,855.85907319,7
1666396800,0.219,0.2208,0.219,0.2208,54.74206,3
1666483200,0.2195,0.2215,0.2195,0.2203,314.32802,6
1666569600,0.2215,0.2223,0.2208,0.2221,12061.91604,7
1666656000,0.2226,0.2226,0.2196,0.2199,406.95121837,5
1666742400,0.2209,0.2212,0.2208,0.2208,448.25809144,3
1666828800,0.2207,0.2214,0.2071,0.2077,15431.07620221,30
1666915200,0.2081,0.2105,0.1901,0.1906,24312.63152862,22
1667001600,0.19,0.2894,0.1792,0.1792,57228.86241951,57
1667088000,0.1793,0.1793,0.1713,0.1715,28965.47588742,52
1667174400,0.1714,0.1783,0.167,0.1751,51858.20844532,76
1667260800,0.1806,0.197,0.1806,0.1947,18284.94388234,27
1667347200,0.1976,0.2126,0.1965,0.2053,6143.38260294,21
1667433600,0.2063,0.2066,0.2045,0.2049,528.46638725,7
1667520000,0.2061,0.2242,0.2061,0.2212,5672.96024642,17
1667606400,0.2238,0.2314,0.2238,0.2296,811.85029,8
1667692800,0.2317,0.2319,0.2295,0.2295,1943.30180343,10
1667779200,0.2267,0.2267,0.2158,0.2162,6225.01308885,15
1667865600,0.2154,0.2154,0.2003,0.2019,7038.9484234,14
1667952000,0.1938,0.1938,0.1679,0.1679,8328.09577113,25
1668038400,0.1678,0.1904,0.1651,0.1885,12839.90701295,22
1668124800,0.1893,0.1901,0.1749,0.1794,8801.02531429,12
1668211200,0.179,0.179,0.174,0.1742,2557.41429156,7
1668297600,0.1737,0.1762,0.1737,0.1744,403.49786234,5
1668384000,0.1735,0.1806,0.1735,0.1801,6575.20113529,16
1668470400,0.1805,0.1844,0.1805,0.1844,612.86138,4
1668556800,0.1831,0.1853,0.1831,0.1853,891.91305845,4
1668643200,0.1862,0.2893,0.1862,0.2001,25310.70106515,47
1668729600,0.1977,0.2265,0.1976,0.2101,15898.88952065,42
1668988800,0.2074,0.21,0.2017,0.2017,3081.69234753,15
1669075200,0.2009,0.2009,0.1935,0.1969,314.06509,9
1669161600,0.197,0.1983,0.197,0.1973,774.04273408,5
1669248000,0.1991,0.28,0.1989,0.2127,10157.96258988,16
1669334400,0.2124,0.22,0.2106,0.219,29106.43695267,19
1669420800,0.2205,0.28,0.2177,0.2181,18887.40765087,20
1669507200,0.2201,0.222,0.2059,0.2202,21200.67962703,21
1669593600,0.2164,0.2164,0.2073,0.2073,1655.36514,2
1669680000,0.215,0.2203,0.215,0.2182,1968.56265988,6
1669766400,0.2153,0.2153,0.2098,0.2098,288.98932789,5
1669852800,0.2086,0.2086,0.1786,0.187,13832.7449972,22
1669939200,0.1907,0.1985,0.1879,0.196,14972.12402119,28
1670025600,0.1991,0.2003,0.1991,0.2003,130.66131603,2
1670112000,0.1978,0.1978,0.1859,0.1859,249.51344975,6
1670198400,0.1932,0.1977,0.1932,0.1957,3032.83116515,11
1670284800,0.1982,0.2186,0.1982,0.2153,13807.42770227,20
1670371200,0.2076,0.2127,0.2076,0.2108,2249.51142406,8
1670457600,0.2112,0.2179,0.2112,0.2179,5273.12360518,16
1670544000,0.2208,0.2249,0.2208,0.2243,5824.07786024,11
1670630400,0.225,0.225,0.2214,0.2216,589.15397,3
1670803200,0.2133,0.2164,0.2133,0.2164,3532.44770984,10
1670889600,0.2134,0.2894,0.2134,0.2151,7293.62205,16
1670976000,0.2154,0.2218,0.2154,0.2218,8024.82212935,12
1671062400,0.2229,0.2229,0.2068,0.2068,1053.07293868,3
1671148800,0.2079,0.2894,0.2021,0.2025,7643.52635374,17
1671235200,0.2057,0.2057,0.2022,0.2056,4485.15591544,8
1671321600,0.2056,0.2667,0.2056,0.2078,6771.58775,13
1671408000,0.201,0.201,0.1911,0.1911,1688.47643,5
1671494400,0.1866,0.2894,0.1731,0.1842,9847.88121708,59
1671580800,0.184,0.2704,0.1818,0.1887,4509.53880885,32
1671667200,0.1888,0.216,0.1756,0.1835,3164.4816308,31
1671753600,0.1836,0.1836,0.1835,0.1836,8000.89278989,42
1671840000,0.1906,0.1919,0.1906,0.1919,348.86041,3
1671926400,0.1873,0.1917,0.1555,0.1845,8804.06520077,77
1672012800,0.1841,0.187,0.1841,0.1868,317.9336707,4
1672099200,0.19,0.2021,0.1729,0.1761,1471.9828218,19
1672185600,0.1709,0.1748,0.1411,0.1746,215982.97378208,196
1672272000,0.178,0.1821,0.1588,0.1813,12793.33578968,30
1672358400,0.1759,0.1759,0.1511,0.1511,7839.85136864,15
1672444800,0.1593,0.25,0.1194,0.1482,129979.2536294601,165
1672531200,0.1397,0.1407,0.1314,0.1319,3464.37061261,6
1672617600,0.1314,0.1501,0.1314,0.1438,14809.42426415,31
1672704000,0.1379,0.1434,0.1379,0.1397,4178.86949935,10
1672790400,0.1423,0.1627,0.1423,0.1627,12592.00117997,26
1672876800,0.1635,0.1635,0.1502,0.1529,2355.80295703,10
1672963200,0.155,0.1561,0.1464,0.1535,13068.3631916,17
1673049600,0.1559,0.158,0.1537,0.1537,1538.40515,5
1673136000,0.1542,0.1556,0.1536,0.154,4065.06207187,7
1673222400,0.1596,0.161,0.1586,0.1608,1299.02316,9
1673308800,0.162,0.167,0.1619,0.1638,18964.50939221,44
1673395200,0.1639,0.1639,0.1591,0.1591,3986.86115643,8
1673481600,0.1631,0.1631,0.149,0.1551,13564.19363183,23
1673568000,0.153,0.16,0.1421,0.1475,26449.31632307,46
1673654400,0.1424,0.16,0.134,0.1561,50338.08463038,80
1673740800,0.1557,0.1559,0.1519,0.1559,13287.07890706,19
1673827200,0.1524,0.1554,0.152,0.152,260.12891,4
1673913600,0.1524,0.1592,0.1524,0.159,3677.00822141,7
1674000000,0.1588,0.16,0.1566,0.1581,8405.72063917,15
1674086400,0.1591,0.1638,0.1509,0.1638,8455.92665987,16
1674172800,0.1623,0.1641,0.1623,0.1636,723.15680196,8
1674259200,0.1639,0.1649,0.1611,0.1647,1000.61635801,8
1674345600,0.1628,0.1632,0.1628,0.1632,246.81633428,3
1674432000,0.1631,0.165,0.1616,0.164,996.8128258,5
1674518400,0.1622,0.1652,0.1607,0.1646,24014.95114316,34
1674604800,0.1646,0.1646,0.1573,0.1577,11273.20443512,18
1674691200,0.1574,0.1611,0.1555,0.1555,11880.19758595,17
1674777600,0.1557,0.1641,0.1535,0.1552,12532.09374,18
1674864000,0.1639,0.2039,0.1601,0.2039,1895.92797924,13
1674950400,0.1991,0.1991,0.1618,0.1947,1318.20827117,7
1675036800,0.1801,0.1942,0.1637,0.1701,1903.24732718,26
1675123200,0.1848,0.2597,0.1591,0.1801,27162.36010961,73
1675209600,0.2264,0.2427,0.1928,0.2427,16365.17432567,38
1675296000,0.2428,0.2893,0.193,0.234,12882.47372206,48
1675382400,0.2435,0.2637,0.2,0.2256,25058.30037059,95
1675468800,0.2253,0.258,0.2162,0.2559,4772.57506941,26
1675555200,0.2463,0.2499,0.2031,0.2031,876.44821118,6
1675641600,0.2333,0.243,0.2019,0.2175,4629.97653757,22
1675728000,0.2183,0.2232,0.2009,0.2232,7025.20461749,35
1675814400,0.2232,0.3616,0.1995,0.2041,79381.52146772,229
1675900800,0.2344,0.2448,0.1737,0.2023,22959.87846862,57
1675987200,0.1981,0.2739,0.1741,0.2098,20001.80803394,85
1676073600,0.2119,0.2206,0.1914,0.1914,1738.41517576,18
1676160000,0.2175,0.2362,0.2,0.2177,22132.42827357,58
1676246400,0.2174,0.2174,0.1958,0.2045,9681.6983733,24
1676332800,0.1979,0.209,0.1857,0.1858,9559.12140693,19
1676419200,0.1851,0.1986,0.1656,0.1932,26170.16849622,67
1676505600,0.1984,0.2143,0.1669,0.184,34543.17069728,75
1676592000,0.1837,0.2141,0.1618,0.19,13278.52296858,34
1676678400,0.188,0.2153,0.158,0.2153,42757.96610217,87
1676764800,0.1952,0.2017,0.1678,0.183,44508.49102474,41
1676851200,0.1786,0.1799,0.1695,0.1718,6460.70715496,28
1676937600,0.1718,0.18,0.1642,0.1691,20702.25070072,37
1677024000,0.1768,0.1798,0.1551,0.1713,17437.53754001,29
1677110400,0.1584,0.1782,0.1343,0.1663,18437.38825999,54
1677196800,0.1663,0.1866,0.1522,0.1522,26702.99618714,40
1677283200,0.1747,0.1751,0.1477,0.1705,5416.99358621,15
1677369600,0.1698,0.1718,0.1471,0.1476,56098.66791506,65
1677456000,0.1475,0.1656,0.1308,0.1656,17102.05038393,34
1677542400,0.1388,0.1653,0.1326,0.1492,43920.05824171,43
1677628800,0.1472,0.1565,0.139,0.141,25000.14429962,29
1677715200,0.156,0.156,0.1285,0.1462,18647.0498416,33
1677801600,0.1457,0.1561,0.1194,0.1523,23406.32585738,42
1677888000,0.1408,0.1758,0.1405,0.1461,7617.85391643,35
1677974400,0.1586,0.1792,0.1337,0.1502,59848.78205557,73
1678060800,0.1449,0.1568,0.1303,0.1525,15407.33833376,28
1678147200,0.1362,0.152,0.1315,0.1315,13544.93100428,19
1678233600,0.1428,0.1428,0.1209,0.1228,12610.63732708,32
1678320000,0.1219,0.1325,0.1152,0.1312,18340.27737894,34
1678406400,0.1313,0.1371,0.1133,0.1327,482419.36968606,69
1678492800,0.1249,0.1382,0.1232,0.128,302425.54451545,21
1678579200,0.1251,0.1366,0.125,0.1267,921517.6649361501,33
1678665600,0.1375,0.1461,0.1273,0.1275,22450.88691322,45
1678752000,0.1392,0.1395,0.1217,0.1318,348137.8980169899,87
1678838400,0.1261,0.1388,0.1211,0.1349,617852.2588888799,55
1678924800,0.1367,0.1367,0.1142,0.1201,936685.15339603,61
1679011200,0.1192,0.1207,0.1054,0.1089,1308240.6911695108,164
1679097600,0.1072,0.1159,0.0988,0.1017,142757.40190759,150
1679184000,0.1038,0.1038,0.0933,0.0935,122133.50211952,151
1679270400,0.0932,0.1178,0.0916,0.1,1651067.8017811507,143
1679356800,0.1,0.1239,0.0938,0.1091,2176395.5909683197,110
1679443200,0.1069,0.1166,0.0986,0.106,34276.56705534,40
1679529600,0.1046,0.1046,0.0963,0.099,1814096.9119151402,60
1679616000,0.1004,0.1139,0.1004,0.1107,1819855.36141245,30
1679702400,0.1061,0.1442,0.1007,0.1313,1317518.94040296,136
1679788800,0.131,0.1331,0.117,0.1289,1209281.2246449902,34
1679875200,0.1289,0.165,0.1175,0.1463,1870298.1115369,139
1679961600,0.1463,0.155,0.1297,0.1443,955746.7344923798,185
1680048000,0.1416,0.1417,0.1291,0.1311,2150773.7629807317,154
1680134400,0.1354,0.158,0.1295,0.1482,2434709.893195822,155
1680220800,0.1532,0.1731,0.1484,0.15,1826450.1839944895,130
1680307200,0.1528,0.1552,0.1424,0.146,1826057.0580014598,69
1680393600,0.1459,0.1507,0.133,0.133,919116.48369532,52
1680480000,0.1369,0.1423,0.1291,0.1346,2132171.9032500614,120
1680566400,0.1369,0.1507,0.1318,0.1405,2423542.5919607603,92
1680652800,0.1372,0.1484,0.1351,0.1396,1815810.7455287797,62
1680739200,0.1428,0.1428,0.1393,0.1421,1801104.5583004204,16
1680825600,0.1394,0.145,0.1339,0.1427,1858701.6081407818,555
1680912000,0.1415,0.1433,0.1331,0.1353,1263683.1926101195,922
1680998400,0.1353,0.1416,0.1353,0.1411,1240350.0155514104,869
1681084800,0.1399,0.1426,0.1343,0.1365,59844.26027359,1015
1681171200,0.1365,0.1604,0.1332,0.1427,1908923.5722850405,1101
1681257600,0.1426,0.165,0.1375,0.1444,397501.3116058395,1001
1681344000,0.1443,0.1619,0.14,0.1419,1273508.1959915096,1058
1681430400,0.1419,0.1604,0.1375,0.1408,1040885.1274219407,1279
1681516800,0.142,0.1423,0.138,0.1385,1026327.62090104,570
1681603200,0.1385,0.1398,0.1375,0.1377,663915.0137003904,420
1681689600,0.1377,0.139,0.1367,0.1368,600228.5411065008,702
1681776000,0.1368,0.14,0.1355,0.1376,819584.1030218103,2029
1681862400,0.1365,0.1384,0.1355,0.1366,403235.3018621996,1681
1681948800,0.1366,0.1385,0.1355,0.1384,158039.10838867,1455
1682035200,0.137,0.1385,0.135,0.1351,1170671.2548060804,1117
1682121600,0.135,0.1352,0.135,0.135,380526.2503473802,814
1682208000,0.135,0.1351,0.13,0.1303,344029.0451636299,861
1682294400,0.1311,0.1313,0.1285,0.1285,892463.4503916107,707
1682380800,0.1285,0.1296,0.1231,0.1257,1042168.2237186902,989
1682467200,0.1247,0.1261,0.1225,0.1225,1260793.982893019,1425
1682553600,0.1225,0.1249,0.1215,0.1248,143909.9178762002,1254
1682640000,0.1248,0.1264,0.1221,0.125,176553.33698918,1276
1682726400,0.1252,0.1265,0.122,0.1241,105261.1892712,1165
1682812800,0.1231,0.1251,0.1205,0.1222,89846.0782218701,1068
1682899200,0.1222,0.1265,0.1183,0.1213,169812.3160008706,1269
1682985600,0.1223,0.123,0.1184,0.1215,127456.5695286899,1163
1683072000,0.1225,0.123,0.1202,0.1218,132673.29757642,1105
1683158400,0.1226,0.123,0.1201,0.1222,108744.89982546,1273
1683244800,0.1211,0.1248,0.119,0.1245,241234.3750865597,1805
1683331200,0.1245,0.1295,0.1224,0.1284,203174.2093205596,1558
1683417600,0.1284,0.1299,0.125,0.1263,147542.7795882704,1294
1683504000,0.1263,0.1274,0.1201,0.1209,192992.8524383902,1470
1683590400,0.1209,0.1227,0.119,0.1203,117823.7244654601,1194
1683676800,0.1192,0.1213,0.118,0.1192,115072.70020944,1068
1683763200,0.1185,0.1219,0.118,0.1195,136804.60012039,1061
1683849600,0.1206,0.128,0.1176,0.1265,187222.8859954399,1167
1683936000,0.1265,0.128,0.119,0.1202,211914.3333101602,1192
1684022400,0.1202,0.1252,0.1202,0.1234,156811.4362350699,1045
1684108800,0.1224,0.1249,0.1142,0.1149,478608.6871839206,1384
1684195200,0.1156,0.1162,0.1125,0.1126,205982.1332970999,1225
1684281600,0.1134,0.115,0.1125,0.1126,214643.5286063999,1202
1684368000,0.1131,0.1154,0.1125,0.1137,115273.0637508001,1057
1684454400,0.1137,0.1153,0.112,0.113,118732.6719255402,1079
1684540800,0.114,0.1145,0.112,0.1122,85019.0291111999,1062
1684627200,0.113,0.114,0.112,0.1122,110245.34827799,1014
1684713600,0.113,0.1144,0.1121,0.1131,162022.35935942,1099
1684800000,0.1133,0.114,0.112,0.113,138364.9888243901,1056
1684886400,0.1129,0.1131,0.1086,0.1088,296520.78508291,1257
1684972800,0.1089,0.1115,0.1085,0.1091,536420.4377014003,1499
1685059200,0.1099,0.1123,0.1085,0.1097,166870.91467685,1078
1685145600,0.1098,0.1102,0.1085,0.1094,107057.65556728,963
1685232000,0.1093,0.1138,0.1086,0.1135,234786.9241804001,1064
1685318400,0.1127,0.1163,0.1125,0.1158,280588.9417986501,1249
1685404800,0.1158,0.1159,0.1091,0.1124,236544.5130768596,1200
1685491200,0.1121,0.1128,0.1064,0.1074,252261.91683679,990
1685577600,0.1066,0.1122,0.1051,0.1066,649180.1825832402,979
1685664000,0.1058,0.1065,0.1042,0.1054,262936.1901152297,1009
1685750400,0.1053,0.1065,0.1042,0.1057,95105.4176000399,921
1685836800,0.1057,0.1163,0.1044,0.1162,315872.5060626999,1061
1685923200,0.1156,0.1163,0.1049,0.1094,272641.7643472702,1087
1686009600,0.1092,0.1095,0.1042,0.1051,138495.41825965,984
1686096000,0.1052,0.1087,0.1042,0.1054,162752.2725623705,1012
1686182400,0.106,0.1065,0.0972,0.0977,249961.0845828701,1056
1686268800,0.0976,0.1051,0.0972,0.1,208949.0126972596,1007
1686355200,0.1009,0.1017,0.0944,0.1002,254885.92246177,1094
1686441600,0.1003,0.1025,0.097,0.0986,88844.4951770201,944
1686528000,0.0986,0.0995,0.0929,0.0963,91746.5517630601,995
1686614400,0.0955,0.1007,0.093,0.095,144198.1894823601,942
1686700800,0.0956,0.0966,0.0902,0.0932,197972.6842542797,992
1686787200,0.0932,0.095,0.089,0.0906,156608.0706128001,999
1686873600,0.0913,0.0959,0.09,0.0949,154444.6876345201,987
1686960000,0.0954,0.0993,0.093,0.0983,166818.7611888199,919
1687046400,0.0983,0.0994,0.0913,0.0926,163572.0635898898,949
1687132800,0.0933,0.0964,0.0924,0.0932,186736.4566775599,896
1687219200,0.0939,0.0958,0.0928,0.0938,230932.0885475599,947
1687305600,0.0946,0.0947,0.0898,0.0916,358704.8324632799,1080
1687392000,0.0916,0.0924,0.084,0.087,711480.0879315999,1212
1687478400,0.0877,0.0889,0.0821,0.0838,422984.4083673902,1091
1687564800,0.0844,0.0862,0.0786,0.0786,280482.1506536101,1022
1687651200,0.0784,0.0834,0.0777,0.0817,421362.7508422499,1119
1687737600,0.0811,0.083,0.0801,0.0817,205273.5003216199,1100
1687824000,0.0811,0.0845,0.0782,0.0785,73633.75755896,385
1687910400,0.0785,0.0849,0.0744,0.0849,11140.55419201,37
1687996800,0.0762,0.1062,0.0734,0.0782,17846.9877733,42
1688083200,0.084,0.0908,0.0725,0.0823,24281.38157899,51
1688169600,0.0847,0.0866,0.0733,0.0866,1746.20406646,5
1688256000,0.0771,0.0854,0.0707,0.0785,14230.70365303,21
1688342400,0.0749,0.0836,0.0729,0.0729,41119.33240354,65
1688428800,0.075,0.0812,0.069,0.0732,197039.7297414297,568
1688515200,0.0731,0.0752,0.0686,0.0708,256327.46787252,835
1688601600,0.0708,0.0714,0.0697,0.0697,219004.62852226,702
1688688000,0.0697,0.0704,0.0679,0.0687,169686.9896105998,651
1688774400,0.0689,0.0689,0.0667,0.0667,178916.6461915301,660
1688860800,0.0673,0.0673,0.0602,0.0625,510976.8074012696,1097
1688947200,0.0626,0.0634,0.0509,0.0522,1169152.5425337118,1345
1689033600,0.0526,0.0541,0.0508,0.0514,822044.8623704505,1376
1689120000,0.051,0.0524,0.0506,0.0519,511727.3749046805,925
1689206400,0.0515,0.0551,0.0505,0.0547,1226347.7672721113,1590
1689292800,0.0543,0.0698,0.0537,0.0617,2221930.243299661,2651
1689379200,0.0612,0.0684,0.056,0.0566,918892.3782251105,1602
1689465600,0.0565,0.0565,0.053,0.055,279263.4077099599,740
1689552000,0.0552,0.0557,0.0507,0.0507,362734.0873717603,868
1689638400,0.0508,0.0534,0.0506,0.0518,286922.2199373201,750
1689724800,0.0521,0.0588,0.0483,0.0499,2211738.668894024,1777
1689811200,0.0498,0.0513,0.0493,0.0498,225233.9520254699,594
1689897600,0.0495,0.0508,0.0472,0.0476,432767.4146921798,776
1689984000,0.0476,0.0486,0.0449,0.0481,639848.2110803303,936
1690070400,0.0479,0.0486,0.0457,0.0465,298207.7541647999,645
1690156800,0.0465,0.0471,0.0433,0.0435,211285.5414221999,686
1690243200,0.0436,0.0441,0.0423,0.0431,240685.2139139102,671
1690329600,0.0431,0.0479,0.0417,0.047,1137806.5678410612,1323
1690416000,0.0465,0.0476,0.043,0.0442,259671.7665413301,651
1690502400,0.0446,0.0449,0.0436,0.0444,137628.55720321,596
1690588800,0.044,0.0445,0.0415,0.0419,322089.44854594,780
1690675200,0.0416,0.0426,0.04,0.0409,314414.9435106702,836
1690761600,0.0407,0.0416,0.0401,0.041,190100.5576938401,585
1690848000,0.0409,0.0413,0.0397,0.0406,209102.44078808,646
1690934400,0.0405,0.0412,0.0404,0.0406,127239.49758048,559
1691020800,0.0405,0.041,0.0387,0.0392,212251.6071339801,632
1691107200,0.0392,0.042,0.0388,0.0418,342547.2738865703,742
1691193600,0.0418,0.0451,0.0407,0.0407,529031.3852794399,1014
1691280000,0.0411,0.0413,0.0392,0.0401,358706.7613200303,713
1691366400,0.0398,0.0407,0.0391,0.0391,302603.2041495703,753
1691452800,0.0393,0.0401,0.0381,0.0386,338004.9106127598,817
1691539200,0.0388,0.0391,0.0355,0.0362,1176432.1368182998,1129
1691625600,0.0363,0.0375,0.035,0.0366,548970.1621213106,968
1691712000,0.0365,0.0366,0.0358,0.0361,234239.74907467,711
1691798400,0.0361,0.0362,0.0337,0.0348,492867.7000194198,874
1691884800,0.0345,0.0351,0.0334,0.0348,343567.1530576001,578
1691971200,0.0344,0.0362,0.0335,0.0362,655131.4572206202,990
1692057600,0.0362,0.0375,0.0338,0.0351,912874.28481251,980
1692144000,0.0352,0.0359,0.0344,0.0348,254863.2248508201,604
1692230400,0.0348,0.0416,0.0338,0.0372,1074716.2844723305,940
1692316800,0.0372,0.0375,0.034,0.0348,682567.3293663202,697
1692403200,0.0349,0.0349,0.0337,0.034,290792.5459544699,690
1692489600,0.0341,0.0344,0.0336,0.0337,203680.71466051,640
1692576000,0.0339,0.0344,0.0304,0.0309,819172.05977738,648
1692662400,0.0306,0.0361,0.0303,0.0342,509822.8094147197,773
1692748800,0.0345,0.0535,0.0334,0.0418,1628360.1292443094,1418
1692835200,0.0414,0.0425,0.0408,0.0412,449377.0628611298,594
1692921600,0.041,0.042,0.0383,0.0388,392138.6769345397,577
1693008000,0.0388,0.0415,0.0386,0.0414,166794.76656959,557
1693094400,0.0414,0.0415,0.0384,0.0396,129798.7013316601,489
1693180800,0.0394,0.0396,0.0375,0.0375,95578.88335286,412
1693267200,0.0375,0.0385,0.036,0.0364,434612.2428462698,795
1693353600,0.0364,0.0372,0.036,0.0361,223254.5123173601,672
1693440000,0.036,0.0363,0.0339,0.0344,271144.4949190498,709
1693526400,0.0344,0.0347,0.0333,0.0335,132064.53742277,546
1693612800,0.0336,0.0358,0.0334,0.0344,143370.3264351,589
1693699200,0.0344,0.0353,0.0336,0.0344,97177.2145907599,427
1693785600,0.0343,0.037,0.0339,0.0358,161336.78297196,545
1693872000,0.0358,0.0364,0.0346,0.0356,133714.2395744399,537
1693958400,0.0356,0.0363,0.0346,0.0354,176933.3557687399,611
1694044800,0.0353,0.0359,0.0346,0.0352,104110.3388787499,466
1694131200,0.0352,0.0354,0.0336,0.0342,114691.4007178399,481
1694217600,0.0344,0.0345,0.0338,0.0339,55142.90707397,444
1694304000,0.0339,0.034,0.0328,0.0331,48954.20852595,441
1694390400,0.0331,0.0333,0.0322,0.0324,93086.9791119001,491
1694476800,0.0326,0.0331,0.0322,0.033,58871.26680671,423
1694563200,0.0328,0.0364,0.0326,0.0337,148121.1801023399,496
1694649600,0.0337,0.0364,0.0324,0.0341,336020.03232942,632
1694736000,0.0341,0.0359,0.0334,0.0349,105154.31117446,479
1694822400,0.0351,0.0362,0.0348,0.0359,53080.42086599,436
1694908800,0.0361,0.0363,0.034,0.0343,62292.64306305,397
1694995200,0.0341,0.0364,0.0338,0.0345,209428.9747198902,640
1695081600,0.0345,0.0348,0.0339,0.0343,78271.9723318801,459
1695168000,0.0343,0.0346,0.0333,0.0339,99478.53354023,451
1695254400,0.0337,0.034,0.0331,0.0333,98071.6930181999,471
1695340800,0.0333,0.0336,0.0331,0.0332,131137.92859183,517
1695427200,0.0332,0.0336,0.0331,0.0334,70531.94677691,416
1695513600,0.0333,0.0335,0.0328,0.0331,100432.0933803199,505
1695600000,0.0329,0.0344,0.0328,0.0329,205425.19164216,604
1695686400,0.0328,0.0333,0.0327,0.0328,219520.5553638301,469
1695772800,0.033,0.0336,0.0326,0.0334,76481.3533348401,419
1695859200,0.0332,0.0347,0.0331,0.0342,145774.27789416,474
1695945600,0.0341,0.037,0.0334,0.0369,220924.15506527,530
1696032000,0.037,0.0371,0.0345,0.0364,152897.59309395,488
1696118400,0.0364,0.0365,0.0351,0.0353,96741.9027974901,516
1696204800,0.0352,0.0372,0.0351,0.0355,232687.2606473901,415
1696291200,0.0352,0.0355,0.0327,0.0329,281797.2356196601,648
1696377600,0.0329,0.0338,0.0326,0.0328,290627.6176057705,663
1696464000,0.0327,0.034,0.0321,0.0328,318587.9520521899,681
1696550400,0.0328,0.0335,0.0322,0.0322,219726.51240537,631
1696636800,0.0325,0.0328,0.031,0.0324,288120.6459935904,578
1696723200,0.0322,0.0338,0.0318,0.0323,412346.98895795,470
1696809600,0.0323,0.0326,0.0318,0.0321,586048.3513775907,507
1696896000,0.0321,0.0326,0.0318,0.0324,302537.7848711401,429
1696982400,0.0324,0.0327,0.032,0.0323,51245.06644764,345
1697068800,0.0324,0.033,0.0319,0.0329,424069.9692930799,481
1697155200,0.0328,0.033,0.0322,0.0325,152338.5038049599,478
1697241600,0.0324,0.0329,0.0318,0.0319,305513.0613053,491
1697328000,0.0319,0.033,0.0319,0.032,437627.04055677,533
1697414400,0.0319,0.0327,0.0318,0.0325,308647.6858496998,507
1697500800,0.0323,0.033,0.0318,0.0322,142871.54418007,505
1697587200,0.0322,0.0322,0.0309,0.0315,281623.9956247799,437
1697673600,0.0318,0.0329,0.0313,0.0324,369547.4407139801,84
1697760000,0.0325,0.033,0.0316,0.0327,634525.1733078401,123
1697846400,0.0327,0.0327,0.0312,0.0318,100263.13303682,115
1697932800,0.0317,0.032,0.0311,0.0311,271189.15770705,105
1698019200,0.0317,0.0323,0.031,0.0316,380088.8941379,115
1698105600,0.0318,0.034,0.0309,0.0323,777793.2364673896,287
1698192000,0.0322,0.0348,0.0317,0.0344,713232.8443128996,276
1698278400,0.0347,0.0361,0.0337,0.0354,568609.6102104898,231
1698364800,0.035,0.0363,0.0332,0.035,465025.6105921599,237
1698451200,0.0353,0.0379,0.0351,0.0379,630356.2043316204,224
1698537600,0.0378,0.038,0.0364,0.038,492414.1152027102,224
1698624000,0.0376,0.0397,0.0376,0.0394,637676.7038547597,256
1698710400,0.0397,0.0399,0.0345,0.0365,878168.8485526906,462
1698796800,0.0369,0.0371,0.0324,0.0362,520466.7631726101,320
1698883200,0.0362,0.0366,0.0337,0.0358,663968.5035227101,297
1698969600,0.0354,0.0378,0.0334,0.0357,363300.72942794,245
1699056000,0.0358,0.0368,0.0324,0.0341,970488.8682314507,620
1699142400,0.0341,0.0355,0.0334,0.0352,482180.7194690101,306
1699228800,0.0352,0.049,0.0352,0.0474,2022342.118184379,1325
1699315200,0.0474,0.0479,0.0398,0.0445,1337802.2433257096,837
1699401600,0.0449,0.0645,0.0449,0.062,2683453.1627393146,1747
1699488000,0.0627,0.0631,0.0425,0.0487,3725603.9974741302,2077
1699574400,0.0484,0.0524,0.0476,0.0488,972578.8785743217,692
1699660800,0.0479,0.0499,0.039,0.0403,1702080.2574710404,893
1699747200,0.0428,0.0464,0.0411,0.0436,1292671.7763673004,614
1699833600,0.0438,0.0438,0.0385,0.0403,826274.8206476496,570
1699920000,0.0404,0.0439,0.038,0.0422,1116174.037627219,520
1700006400,0.0414,0.0467,0.0393,0.0449,1233659.5284367003,544
1700092800,0.0456,0.0476,0.0381,0.0443,231627.55124805,220
1700179200,0.0438,0.0456,0.0365,0.0395,483346.7237775603,253
1700265600,0.0423,0.0447,0.0395,0.0425,210039.58559456,103
1700352000,0.0426,0.0448,0.0398,0.0406,147177.54206219,140
1700438400,0.042,0.0437,0.0395,0.0411,264266.40212684,169
1700524800,0.0418,0.0436,0.0386,0.0403,138589.26546669,98
1700611200,0.04,0.0437,0.0352,0.0427,460898.7494459199,162
1700697600,0.0436,0.0447,0.0394,0.0405,240965.5010223401,133
1700784000,0.043,0.0433,0.035,0.0407,381497.8090798502,227
1700870400,0.0408,0.0451,0.0373,0.0451,452621.3926884301,247
1700956800,0.045,0.047,0.0405,0.0452,328980.3913133504,232
1701043200,0.0414,0.0523,0.0382,0.0414,476257.2195764103,306
1701129600,0.0422,0.0437,0.039,0.0419,399959.1509209701,218
1701216000,0.0416,0.0436,0.0385,0.0412,666336.98102238,242
1701302400,0.0411,0.042,0.038,0.0384,515212.8703512101,271
1701388800,0.0384,0.0409,0.038,0.0407,306061.3812833101,205
1701475200,0.0407,0.0413,0.0367,0.0407,444464.2602853299,249
1701561600,0.0409,0.0412,0.0392,0.0407,324177.02151054,174
1701648000,0.0407,0.044,0.0385,0.0408,1262395.736973371,422
1701734400,0.04,0.0424,0.0385,0.0407,562072.14256608,256
1701820800,0.04,0.043,0.0391,0.043,952099.8038760198,313
1701907200,0.0426,0.055,0.0395,0.043,664911.2687583204,278
1701993600,0.043,0.0539,0.041,0.0461,669489.1342135002,323
1702080000,0.0516,0.0517,0.0426,0.0465,649746.7018236599,394
1702166400,0.0463,0.1421,0.0445,0.071,4777441.052294073,1824
1702252800,0.0739,0.0739,0.0514,0.0572,3025623.9690762516,1315
1702339200,0.0571,0.0609,0.055,0.0591,1836840.8752621375,1929
1702425600,0.0582,0.0587,0.0527,0.0573,1478089.6996106114,1477
1702512000,0.0573,0.0578,0.0536,0.0537,1005028.5873121097,1293
1702598400,0.0538,0.0576,0.0495,0.052,1375293.0811725787,1523
1702684800,0.052,0.0523,0.0462,0.0508,936102.0514707288,1155
1702771200,0.0509,0.054,0.0495,0.0504,688628.3589183303,671
1702857600,0.0504,0.0507,0.0453,0.0484,872498.7662833205,509
1702944000,0.0484,0.0507,0.0462,0.0475,707463.9706558803,535
1703030400,0.0479,0.052,0.0467,0.0514,1051932.88671346,878
1703116800,0.0513,0.0581,0.0485,0.049,1265273.0320378193,935
1703203200,0.049,0.0517,0.0485,0.051,376485.4438326303,412
1703289600,0.0507,0.0522,0.0497,0.0512,311110.2069942799,307
1703376000,0.0504,0.0515,0.0485,0.0503,544320.4870654299,351
1703462400,0.0502,0.0503,0.0476,0.0493,370176.7158967902,186
1703548800,0.0492,0.0505,0.0484,0.0485,433339.2937552702,228
1703635200,0.0484,0.0501,0.0483,0.0501,232459.9243515999,178
1703721600,0.0501,0.0549,0.0496,0.0527,645298.5044018498,413
1703808000,0.0527,0.0528,0.0477,0.0506,686636.1161732299,380
1703894400,0.0505,0.0517,0.048,0.0502,841790.0069297402,528
1703980800,0.0502,0.0508,0.0463,0.0475,778880.6467681997,643
1704067200,0.0475,0.048,0.0448,0.0479,171130.6531576,171
1704153600,0.0474,0.0502,0.0447,0.0482,850884.09891341,497
1704240000,0.0488,0.0489,0.045,0.046,460901.8207254297,248
1704326400,0.0454,0.0488,0.0436,0.0482,602014.8969668705,464
1704412800,0.0477,0.0486,0.043,0.0431,618096.4816835698,306
1704499200,0.0438,0.0457,0.0416,0.0433,225884.1791848202,259
1704585600,0.0445,0.0448,0.0394,0.0404,221055.15813212,123
1704672000,0.0396,0.0478,0.0363,0.0445,685863.4927117405,645
1704758400,0.0454,0.0454,0.0384,0.0401,706939.5534049098,560
1704844800,0.0397,0.0468,0.0387,0.0451,1379014.0211800016,1202
1704931200,0.045,0.0468,0.0434,0.044,591855.66661208,372
1705017600,0.0441,0.0459,0.042,0.042,578820.6343847101,665
1705104000,0.042,0.0458,0.0395,0.0416,709539.9879080098,663
1705190400,0.041,0.0458,0.0407,0.042,937570.1393324699,846
1705276800,0.042,0.0429,0.0402,0.0414,288613.3166891698,486
1705363200,0.0417,0.0436,0.0399,0.042,274614.86778547,366
1705449600,0.0427,0.043,0.0385,0.039,840397.4605880704,774
1705536000,0.0392,0.042,0.0385,0.0409,634043.3670028197,440
1705622400,0.0403,0.046,0.0386,0.0433,1675825.9414904811,970
1705708800,0.0432,0.0437,0.0405,0.0421,756482.63007601,465
1705795200,0.0428,0.0428,0.0398,0.0406,652963.3418787599,365
1705881600,0.0406,0.0413,0.0385,0.039,546037.9352210398,363
1705968000,0.039,0.0406,0.0385,0.0402,729956.9539397196,658
1706054400,0.0402,0.0403,0.0385,0.0388,659642.0499213801,501
1706140800,0.0388,0.0391,0.0359,0.0383,750789.84722241,555
1706227200,0.0382,0.0397,0.0377,0.0394,422479.9251048699,200
1706313600,0.0393,0.0397,0.0388,0.0397,171328.58403622,110
1706400000,0.0399,0.0409,0.0373,0.0381,465593.7905880699,273
1706486400,0.0383,0.0397,0.0375,0.0397,350050.5314262497,208
1706572800,0.0397,0.042,0.0393,0.04,345786.09426915,297
1706659200,0.0398,0.0421,0.0395,0.0395,459349.6624169101,371
1706745600,0.0399,0.0404,0.0375,0.0404,1582968.5686461919,1270
1706832000,0.0405,0.0434,0.039,0.0397,1230521.3190005308,911
1706918400,0.0395,0.0403,0.0391,0.0393,492526.3558011699,293
1707004800,0.0393,0.0403,0.0388,0.0398,340127.9928764901,193
1707091200,0.0398,0.0405,0.0393,0.0396,438700.7164698199,241
1707177600,0.0398,0.04,0.0382,0.0386,328027.1457703501,267
1707264000,0.0383,0.0399,0.0376,0.0381,692551.5589279986,572
1707350400,0.0381,0.0395,0.0379,0.0392,336834.94847983,233
1707436800,0.0393,0.0414,0.0382,0.0408,439588.1849513303,311
1707523200,0.0408,0.0427,0.0387,0.0406,532725.6526155099,497
1707609600,0.0406,0.0412,0.0395,0.0402,729470.3798996799,499
1707696000,0.0402,0.0429,0.0388,0.0414,858202.1063591402,746
1707782400,0.0414,0.0414,0.0384,0.0387,932501.0086867402,866
1707868800,0.039,0.04,0.0378,0.0393,532498.2882593697,388
1707955200,0.0393,0.0397,0.0377,0.039,623950.7790750004,397
1708041600,0.0392,0.0393,0.0379,0.0384,451261.3106878898,238
1708128000,0.0385,0.0392,0.0379,0.0386,265773.2870730399,185
1708214400,0.0388,0.0396,0.0377,0.0378,569298.1227223199,343
1708300800,0.0382,0.0419,0.0377,0.0392,1115906.6969617698,572
1708387200,0.0392,0.0398,0.0376,0.0387,375082.4571531697,253
1708473600,0.0387,0.0396,0.0376,0.0383,684268.5304737998,283
1708560000,0.0383,0.0394,0.0376,0.0394,491102.1544782303,244
1708646400,0.0394,0.0403,0.0379,0.0395,990551.4070131303,410
1708732800,0.0394,0.04,0.0386,0.0397,635929.2193120299,216
1708819200,0.0396,0.0403,0.039,0.0398,412003.0902288401,233
1708905600,0.04,0.0476,0.0378,0.0436,995066.23182504,682
1708992000,0.0449,0.0462,0.04,0.0417,1220672.6769751497,546
1709078400,0.0417,0.0463,0.039,0.0406,1573290.6165417803,906
1709164800,0.0404,0.0486,0.039,0.0453,1470847.619950609,881
1709251200,0.0457,0.0525,0.0435,0.0471,1982424.2140201114,976
1709337600,0.0466,0.0503,0.0442,0.0465,1539880.1884456296,911
1709424000,0.0465,0.0492,0.0429,0.0472,1714404.4190927907,888
1709510400,0.0472,0.0498,0.0451,0.0486,1105231.0830339205,787
1709596800,0.049,0.0505,0.0444,0.045,1610678.8469794632,945
1709683200,0.045,0.0474,0.0429,0.0449,1546823.2429994089,826
1709769600,0.0443,0.0463,0.0422,0.045,927169.5412856811,523
1709856000,0.0451,0.0463,0.0422,0.0438,954167.6354182403,515
1709942400,0.0443,0.0479,0.0415,0.0447,950162.29584698,455
1710028800,0.0447,0.0461,0.0414,0.0436,1091150.7181170895,686
1710115200,0.0437,0.0479,0.042,0.0479,2189863.63187069,1214
1710201600,0.0475,0.1099,0.0462,0.0582,4327353.147237368,2664
1710288000,0.0592,0.0628,0.0462,0.0515,2630843.3472921113,1959
1710374400,0.0519,0.0597,0.0474,0.0506,1311819.4436032493,653
1710460800,0.0506,0.0509,0.0431,0.0444,1327373.7863617097,845
1710547200,0.0444,0.0469,0.0397,0.0424,1335194.6353826094,563
1710633600,0.0417,0.0446,0.0387,0.0434,749618.1798139892,456
1710720000,0.0435,0.046,0.0409,0.0432,839718.4397525804,417
1710806400,0.0427,0.0495,0.0396,0.0433,1807013.2402903587,1159
1710892800,0.0432,0.0472,0.0413,0.0467,703118.4272482303,359
1710979200,0.0458,0.0458,0.0401,0.0412,634606.95969748,459
1711065600,0.042,0.0424,0.0398,0.0409,301175.1372088097,294
1711152000,0.0409,0.0428,0.0404,0.0405,186009.8794065899,135
1711238400,0.0404,0.0413,0.0385,0.0402,314127.8384945596,230
1711324800,0.0404,0.0431,0.0401,0.0419,286007.8381581501,217
1711411200,0.0418,0.0421,0.0396,0.0409,365134.2131125103,337
1711497600,0.0414,0.0422,0.0399,0.0411,412742.0668513197,289
1711584000,0.0407,0.0468,0.0405,0.043,549410.1409435103,318
1711670400,0.0431,0.0452,0.041,0.0449,289413.7765330095,308
1711756800,0.0439,0.0452,0.0435,0.0435,118342.4476054101,143
1711843200,0.0436,0.047,0.0414,0.0425,324456.57336113,305
1711929600,0.0417,0.0425,0.0408,0.0408,134229.87078215,113
1712016000,0.0407,0.0429,0.0401,0.0414,375490.8307833799,272
1712102400,0.0409,0.0424,0.0388,0.04,302038.2240007199,335
1712188800,0.04,0.0413,0.0381,0.0393,203027.48250481,141
1712275200,0.0393,0.0401,0.0375,0.0391,175651.3160064601,175
1712361600,0.0382,0.0418,0.0376,0.0403,434141.0454187799,465
1712448000,0.0404,0.0404,0.0379,0.0392,333416.1985675399,316
1712534400,0.039,0.0419,0.0386,0.041,295215.4949962801,282
1712620800,0.0407,0.0408,0.0375,0.0408,498023.5479296295,425
1712707200,0.04,0.0443,0.0397,0.0418,805825.6449953597,848
1712793600,0.0412,0.0425,0.0374,0.0379,587924.25709916,533
1712880000,0.038,0.0391,0.0347,0.0352,678872.2011389714,454
1712966400,0.0359,0.0411,0.0327,0.0351,914778.6804306702,552
1713052800,0.0351,0.0351,0.0317,0.0333,254274.45572272,184
1713139200,0.0333,0.0344,0.032,0.0326,407992.0072685897,266
1713225600,0.0325,0.0343,0.0322,0.0327,238414.72277692,138
1713312000,0.0329,0.0342,0.0311,0.0328,149475.35174846,111
1713398400,0.033,0.0348,0.0307,0.0331,630093.6365719999,372
1713484800,0.0328,0.0347,0.0311,0.0327,613671.45650639,398
1713571200,0.0325,0.0334,0.0315,0.0319,377082.0215712899,326
1713657600,0.0324,0.0327,0.0307,0.0316,170753.6027267599,98
1713744000,0.0321,0.0326,0.0311,0.0318,261194.34722844,140
1713830400,0.0318,0.0324,0.0301,0.0317,276370.3843806601,120
1713916800,0.0318,0.0345,0.0314,0.0325,410909.6056297001,196
1714003200,0.0321,0.0325,0.0316,0.0318,114792.79584812,111
1714089600,0.0316,0.0329,0.0295,0.0317,377852.24162527,166
1714176000,0.0318,0.0324,0.0312,0.0313,46489.51139728,56
1714262400,0.0313,0.0319,0.0305,0.0316,27812.11868895,41
1714348800,0.0312,0.032,0.0298,0.0306,109126.67061162,80
1714435200,0.0307,0.0308,0.0295,0.0297,234696.11822911,80
1714521600,0.0296,0.0312,0.0282,0.0296,383705.0615879,203
1714608000,0.0297,0.0306,0.0286,0.03,331940.57209804,175
1714694400,0.0302,0.0305,0.0286,0.0295,484625.7900146002,231
1714780800,0.0295,0.0303,0.0292,0.0294,119916.9819640499,118
1714867200,0.0295,0.0298,0.0287,0.0291,125243.78680704,52
1714953600,0.029,0.031,0.0282,0.0282,205038.7590046999,133
1715040000,0.0293,0.0319,0.0284,0.0286,211614.6404097799,119
1715126400,0.0286,0.0319,0.0285,0.0302,270535.0682930699,170
1715212800,0.0295,0.03,0.0291,0.0298,65600.40886991,45
1715299200,0.0298,0.0316,0.0283,0.0283,213826.57251652,111
1715385600,0.0283,0.0295,0.0283,0.0286,112616.10616627,45
1715472000,0.0286,0.0286,0.0275,0.028,69543.72301023,55
1715558400,0.0277,0.0287,0.0268,0.0287,91559.35590573,38
1715644800,0.0277,0.0288,0.0269,0.0279,25186.38797743,31
1715731200,0.0279,0.0292,0.0263,0.0282,149993.78229829,95
1715817600,0.0288,0.0291,0.0273,0.0291,34536.43317909,34
1715904000,0.0287,0.0287,0.0269,0.028,101497.66449931,85
1715990400,0.0273,0.0282,0.0267,0.0275,59079.64993481,42
1716076800,0.0279,0.0297,0.0275,0.0289,100087.11557688,106
1716163200,0.0287,0.0325,0.0276,0.028,344688.20138988,230
1716249600,0.0281,0.0307,0.0279,0.0282,522113.4447436802,274
1716336000,0.0282,0.0296,0.0277,0.0277,261612.4885274199,175
1716422400,0.0273,0.0283,0.0268,0.0273,142267.38670157,69
1716508800,0.0279,0.0285,0.0263,0.0263,187317.86655607,92
1716595200,0.0272,0.0276,0.0259,0.0271,158661.80238815,95
1716681600,0.0271,0.0275,0.0247,0.0261,212929.70572946,145
1716768000,0.0267,0.0267,0.025,0.0261,108970.85140365,129
1716854400,0.026,0.0264,0.0246,0.0257,181130.8739556799,220
1716940800,0.0257,0.0258,0.0241,0.0246,95783.89426307,148
1717027200,0.0253,0.0255,0.0237,0.0237,255456.71045343,198
1717113600,0.0237,0.0246,0.0236,0.0242,91369.9835736,149
1717200000,0.0238,0.0246,0.0232,0.0237,123948.67499686,170
1717286400,0.0236,0.0245,0.0233,0.0245,59082.83657668,109
1717372800,0.024,0.0257,0.0229,0.0251,302090.7088334602,390
1717459200,0.0248,0.0274,0.0241,0.0245,527400.7229417701,342
1717545600,0.0244,0.0258,0.0242,0.0247,79123.86100838,122
1717632000,0.0247,0.0254,0.0241,0.0241,96632.53299643,198
1717718400,0.0241,0.0244,0.0226,0.0228,122657.29179302,204
1717804800,0.0229,0.0254,0.0223,0.0231,403053.2754660898,294
1717891200,0.0232,0.0249,0.0222,0.023,329739.2790730501,377
1717977600,0.0232,0.0241,0.0217,0.022,313873.9766010399,229
1718064000,0.022,0.0224,0.0216,0.0224,186660.90827292,177
1718150400,0.022,0.0228,0.02,0.0221,610708.8610304103,325
1718236800,0.0225,0.0225,0.0206,0.0211,322404.1138055899,228
1718323200,0.0209,0.0215,0.0197,0.0201,221361.46151652,165
1718409600,0.0204,0.0204,0.0191,0.0192,110407.71075933,127
1718496000,0.0191,0.0206,0.0191,0.0199,169100.70606798,143
1718582400,0.02,0.0206,0.0189,0.0193,80195.12649677,127
1718668800,0.019,0.0197,0.0182,0.0189,180219.3528255399,115
1718755200,0.0184,0.0189,0.0177,0.0182,96234.61833014,127
1718841600,0.0181,0.0187,0.0174,0.0182,72759.76139567,93
1718928000,0.0177,0.0185,0.0167,0.0171,162676.65859873,135
1719014400,0.0171,0.0179,0.0167,0.0167,123606.50024956,81
1719100800,0.0167,0.0176,0.0159,0.0159,112661.21785692,99
1719187200,0.016,0.0163,0.0151,0.0157,184884.61265123,140
1719273600,0.0155,0.016,0.015,0.0153,165394.9726057,94
1719360000,0.0156,0.0156,0.0143,0.0148,35801.30368094,40
1719446400,0.0142,0.0226,0.014,0.0161,875908.1367702899,281
1719532800,0.0153,0.0153,0.0137,0.0141,653397.2231036207,278
1719619200,0.0136,0.0149,0.0134,0.0149,159449.5682302699,89
1719705600,0.014,0.015,0.0139,0.0141,310641.47511967,212
1719792000,0.014,0.0145,0.0132,0.0135,356948.1331435101,188
1719878400,0.0134,0.0145,0.0131,0.0135,775739.1807079094,212
1719964800,0.0135,0.0135,0.0118,0.0119,673608.2944842501,217
1720051200,0.0121,0.0124,0.0104,0.0113,1127163.8409354603,337
1720137600,0.0115,0.0121,0.0097,0.0107,543301.1266985,207
1720224000,0.0108,0.0113,0.0103,0.0108,1173106.1421875102,310
1720310400,0.0108,0.0111,0.0103,0.0106,266237.48090688,151
1720396800,0.0106,0.0122,0.0102,0.0106,1251853.8794862593,405
1720483200,0.0107,0.0109,0.0102,0.0104,894320.6369544502,379
1720569600,0.0102,0.0107,0.0097,0.0099,518628.2009392299,218
1720656000,0.0099,0.0116,0.0088,0.0091,1238285.6184567087,311
1720742400,0.009,0.0097,0.0085,0.0086,824666.4156425399,302
1720828800,0.0087,0.0094,0.0083,0.0086,1186170.2679995093,327
1720915200,0.0086,0.0095,0.0083,0.0085,795716.2917733501,258
1721001600,0.0085,0.0094,0.0081,0.0083,1167937.5641953503,359
1721088000,0.0082,0.0134,0.0077,0.0121,4166424.863466284,953
1721174400,0.0119,0.0216,0.0119,0.0121,5965899.144366187,1330
1721260800,0.0121,0.0173,0.0116,0.017,1514031.3467965794,365
1721347200,0.0176,0.0218,0.0154,0.0218,3819433.3635920812,720
1721433600,0.0218,0.0307,0.0204,0.0215,4669833.285915042,1521
1721520000,0.0214,0.0222,0.0188,0.02,3128131.4423614466,962
1721606400,0.0201,0.0204,0.0163,0.0172,2048301.7960120407,749
1721692800,0.0175,0.0178,0.0163,0.0173,842837.3101956098,254
1721779200,0.0167,0.023,0.016,0.0192,1373460.1824461198,513
1721865600,0.0188,0.0203,0.0169,0.0179,1790586.9086531713,527
1721952000,0.0175,0.0184,0.0169,0.0176,430111.8937473999,220
1722038400,0.0177,0.0181,0.0166,0.017,712236.40319066,384
1722124800,0.017,0.0174,0.0162,0.0167,244652.5260581699,131
1722211200,0.0162,0.0193,0.016,0.0168,890817.3850144197,388
1722297600,0.0167,0.0175,0.0164,0.0174,239608.71700511,132
1722384000,0.0175,0.0184,0.0169,0.0177,291784.4562396501,133
1722470400,0.018,0.0182,0.0165,0.0175,377594.58137853,249
1722556800,0.0178,0.0183,0.0171,0.0173,219886.46121514,165
1722643200,0.0173,0.0178,0.0156,0.0165,330214.06400984,111
1722729600,0.0165,0.0175,0.0149,0.0153,705833.9482123601,177
1722816000,0.0153,0.0174,0.0137,0.0165,1322114.1820877695,402
1722902400,0.0164,0.0191,0.0164,0.0187,446107.08639644,230
1722988800,0.0189,0.0189,0.0173,0.0177,344578.9834973798,145
1723075200,0.0171,0.0175,0.0166,0.0173,138771.66125903,74
1723161600,0.0169,0.0177,0.0165,0.0165,106399.77492326,63
1723248000,0.0171,0.0174,0.0163,0.0166,42736.89879162,33
1723334400,0.0166,0.0171,0.0162,0.0167,179162.00412734,76
1723420800,0.0171,0.0172,0.0161,0.0165,147062.49531561,85
1723507200,0.0166,0.0173,0.0163,0.0166,208542.35979679,122
1723593600,0.0166,0.0166,0.0153,0.0153,211036.52220709,90
1723680000,0.0153,0.0158,0.0139,0.015,647737.4338700398,200
1723766400,0.0151,0.0152,0.0139,0.0148,185013.08260525,76
1723852800,0.0145,0.0157,0.0142,0.0142,154799.37087975,73
1723939200,0.0142,0.0152,0.0141,0.0147,156556.63843383,82
1724025600,0.0146,0.0147,0.0138,0.0142,118410.66456559,57
1724112000,0.0143,0.015,0.0137,0.0139,290682.96523032,164
1724198400,0.0138,0.0148,0.0133,0.0133,301390.77818956,128
1724284800,0.0133,0.0141,0.012,0.0129,792126.8474663101,285
1724371200,0.0129,0.0145,0.0125,0.0127,1201555.19694832,348
1724457600,0.0127,0.0134,0.0127,0.013,105378.17479695,42
1724544000,0.0129,0.0144,0.0127,0.0132,981167.6540349694,268
1724630400,0.0136,0.0137,0.0122,0.0126,175323.1676004001,86
1724716800,0.0123,0.0131,0.0117,0.0117,146014.32307448,58
1724803200,0.012,0.0129,0.0117,0.012,551727.6457571898,163
1724889600,0.0119,0.0124,0.0116,0.0117,622679.30568639,193
1724976000,0.0116,0.0116,0.0108,0.0109,596131.48706072,156
1725062400,0.0108,0.0111,0.0103,0.0105,529975.6881022499,165
1725148800,0.0104,0.0108,0.0095,0.0104,665582.4076878803,192
1725235200,0.0103,0.0107,0.0099,0.0104,594930.56996862,192
1725321600,0.0101,0.0103,0.0099,0.01,504441.7070387899,172
1725408000,0.01,0.0107,0.0099,0.01,455840.1394324299,147
1725494400,0.0102,0.0107,0.0096,0.0102,597941.6055783299,239
1725580800,0.0102,0.0106,0.0097,0.0099,672112.6625871399,206
1725667200,0.0098,0.0103,0.0093,0.0099,480295.8444069599,129
1725753600,0.01,0.0101,0.0093,0.0097,814905.2564130799,238
1725840000,0.0099,0.0136,0.009,0.0095,1157208.9507368393,397
1725926400,0.0094,0.0123,0.0093,0.0101,1414084.0527491097,450
1726012800,0.0101,0.0107,0.0092,0.0095,772115.4274203401,171
1726099200,0.0096,0.0104,0.0094,0.0095,633803.8696079499,169
1726185600,0.0095,0.0102,0.0092,0.0095,452952.26791233,127
1726272000,0.0095,0.0121,0.0087,0.0094,1065133.03707028,180
1726358400,0.0097,0.0105,0.0093,0.0105,767043.6659314904,158
1726444800,0.0098,0.0109,0.0094,0.0095,2108885.8995256997,449
1726531200,0.0095,0.0114,0.0094,0.0098,2160183.7988029006,490
1726617600,0.0098,0.0105,0.0097,0.0098,761431.9046952402,210
1726704000,0.0099,0.0103,0.0097,0.0099,622426.0662703302,150
1726790400,0.0099,0.0102,0.0095,0.0097,382642.23250697,119
1726876800,0.0097,0.01,0.0095,0.0095,129076.70991045,41
1726963200,0.0095,0.0098,0.0093,0.0094,204099.18070231,74
1727049600,0.0096,0.0102,0.0094,0.0097,405039.6072880801,151
1727136000,0.0098,0.0099,0.0092,0.0096,548183.3445667702,172
1727222400,0.0097,0.0104,0.0092,0.0095,861654.06755104,170
1727308800,0.0096,0.0105,0.0093,0.0098,1011553.0893561797,293
1727395200,0.0098,0.0103,0.0094,0.0098,1703985.6949550195,301
1727481600,0.0098,0.0102,0.0095,0.0099,922627.9930318397,215
1727568000,0.0098,0.0104,0.0097,0.0099,481108.27747316,114
1727654400,0.01,0.0103,0.0094,0.0098,522095.98251333,144
1727740800,0.01,0.01,0.0089,0.0097,407273.02119829,64
1727827200,0.0094,0.0095,0.0086,0.0091,1212869.6272584796,217
1727913600,0.0092,0.0096,0.0085,0.009,1519003.20014295,436
1728000000,0.009,0.0096,0.0088,0.0091,212249.56983251,73
1728086400,0.0091,0.0096,0.0087,0.0093,186075.84127123,57
1728172800,0.0093,0.0093,0.0088,0.009,199986.9256635299,60
1728259200,0.0091,0.0092,0.0084,0.0085,898194.4433014501,165
1728345600,0.0085,0.0086,0.0083,0.0084,274619.41769157,78
1728432000,0.0082,0.0086,0.008,0.0082,347965.5359439799,76
1728518400,0.0082,0.0085,0.0077,0.0083,613491.37804767,125
1728604800,0.0083,0.0089,0.0082,0.0084,739766.6943010598,199
1728691200,0.0084,0.0087,0.008,0.0082,928053.98441957,273
1728777600,0.0081,0.0082,0.0077,0.0081,423062.6321188501,98
1728864000,0.008,0.0084,0.0078,0.0082,269645.82499957,77
1728950400,0.0081,0.0085,0.0081,0.0082,349525.2692663,99
1729036800,0.0081,0.0095,0.0081,0.0083,721065.3175279598,181
1729123200,0.0084,0.0084,0.0076,0.008,547066.06104614,70
1729209600,0.0081,0.0082,0.0077,0.0077,468655.6501692299,56
1729296000,0.0079,0.0081,0.0077,0.0079,541634.5065092898,128
1729382400,0.0078,0.0083,0.0078,0.0078,1206790.49614663,277
1729468800,0.0079,0.0083,0.0078,0.0078,977802.9941391902,197
1729555200,0.0077,0.008,0.0077,0.0078,320136.2415855001,76
1729641600,0.0078,0.0081,0.0077,0.008,220650.87517269,56
1729728000,0.0079,0.0083,0.0079,0.0081,305056.9913675201,79
1729814400,0.0082,0.0082,0.0078,0.0079,572063.14791772,130
1729900800,0.0078,0.0079,0.0072,0.0077,862951.6256205604,165
1729987200,0.0077,0.0082,0.0075,0.0075,850922.6642165798,134
1730073600,0.0076,0.0077,0.0075,0.0076,236467.0047447,45
1730160000,0.0075,0.0094,0.0073,0.0077,1213650.4508102098,224
1730246400,0.0077,0.0078,0.0074,0.0078,377543.5966791801,60
1730332800,0.0078,0.0078,0.0075,0.0075,128887.27487687,32
1730419200,0.0076,0.0092,0.0074,0.0078,570404.4529115398,66
1730505600,0.0076,0.0078,0.0075,0.0076,253198.75794655,66
1730592000,0.0077,0.0077,0.0073,0.0074,300972.99648649,75
1730678400,0.0076,0.0076,0.0073,0.0074,151657.17177582,31
1730764800,0.0075,0.0077,0.0073,0.0074,387357.10712972,87
1730851200,0.0073,0.0076,0.0069,0.0074,1013020.2233201198,212
1730937600,0.0073,0.0077,0.0071,0.0073,663460.2563760001,162
1731024000,0.0073,0.0076,0.0069,0.0072,1375015.41025559,193
1731110400,0.0072,0.0077,0.0071,0.0074,511635.2188159401,121
1731196800,0.0075,0.0081,0.0073,0.0075,1881612.9582463498,290
1731283200,0.0075,0.0081,0.0074,0.0081,727823.1594742201,131
1731369600,0.0079,0.0085,0.0075,0.0079,2978158.9248707592,577
1731456000,0.0076,0.0083,0.0075,0.0079,1380082.9153870698,255
1731542400,0.0077,0.0088,0.0077,0.0083,1247026.7343527698,193
1731628800,0.0083,0.0095,0.0081,0.0089,3006790.5623887493,651
1731715200,0.009,0.0092,0.0085,0.0088,1728673.13763683,362
1731801600,0.0088,0.014,0.0086,0.0092,3903760.608203411,609
1731888000,0.0096,0.0096,0.0085,0.0096,1368392.6746072902,325
1731974400,0.0094,0.0141,0.0092,0.0105,5984804.693978148,892
1732060800,0.0099,0.0141,0.0096,0.0116,8506725.182485562,1064
1732147200,0.0121,0.0131,0.0102,0.0102,7542331.1631599525,915
1732233600,0.0101,0.0135,0.0101,0.0106,2896516.0618531434,402
1732320000,0.0103,0.0113,0.0102,0.0104,2204078.7251045215,293
1732406400,0.0104,0.0112,0.0096,0.0099,1775133.0090497197,250
1732492800,0.0101,0.0131,0.0097,0.0097,2738645.5305561,246
1732579200,0.0098,0.0101,0.0089,0.0099,1828781.47092367,205
1732665600,0.0098,0.0104,0.0095,0.0098,1728558.6812595893,334
1732752000,0.0099,0.0102,0.0093,0.0097,1122914.1125985798,221
1732838400,0.0097,0.0106,0.0094,0.0101,1602384.5666462602,315
1732924800,0.0101,0.0108,0.01,0.0103,1426447.5047445493,215
1733011200,0.0104,0.0108,0.0099,0.0108,1070505.4157609893,204
1733097600,0.0105,0.0106,0.0096,0.0102,982951.6652840398,196
1733184000,0.0105,0.0153,0.0104,0.0141,11326450.42343821,1946
1733270400,0.0139,0.023,0.0138,0.0192,22355738.324603297,4218
1733356800,0.0187,0.02,0.0159,0.0164,7801158.167093538,1348
1733443200,0.0163,0.0179,0.0162,0.0174,3094542.6654502517,505
1733529600,0.0174,0.0187,0.017,0.0182,1260161.29111634,230
1733616000,0.0182,0.0188,0.0176,0.0181,1300980.4799033802,392
1733702400,0.018,0.0189,0.0156,0.0168,3190422.0535143022,645
1733788800,0.0171,0.0172,0.0159,0.0166,770420.3461592097,244
1733875200,0.0167,0.0176,0.0161,0.017,1454728.5148716695,478
1733961600,0.017,0.018,0.0161,0.0173,2388753.63770883,1002
1734048000,0.0173,0.0176,0.0166,0.017,1650453.344285081,421
1734134400,0.0171,0.0173,0.0167,0.0171,225831.62673424,116
1734220800,0.0173,0.0182,0.0171,0.0176,368885.04411039,156
1734307200,0.0178,0.018,0.0166,0.0166,542373.02606558,235
1734393600,0.0167,0.0171,0.0153,0.0163,448305.46360106,157
1734480000,0.0163,0.0165,0.0153,0.0162,440299.7444453201,186
1734566400,0.0163,0.0167,0.0152,0.0156,1496320.5823968803,500
1734652800,0.0155,0.0158,0.0118,0.0134,4920729.335999185,1232
1734739200,0.0133,0.0138,0.0124,0.0129,2263832.9727451,606
1734825600,0.0129,0.0133,0.0127,0.0132,526217.6347216701,147
1734912000,0.0131,0.014,0.0125,0.013,2064715.84861788,552
1734998400,0.0133,0.0139,0.0131,0.0136,711645.17391182,214
1735084800,0.0136,0.0144,0.0135,0.0143,1213293.63444548,342
1735171200,0.0143,0.0157,0.0135,0.0143,2439002.356128591,665
1735257600,0.0142,0.0144,0.0141,0.0143,604350.67081127,194
1735344000,0.0144,0.0145,0.0141,0.0141,600415.15222753,225
1735430400,0.0141,0.0143,0.0139,0.0142,516617.6496874299,148
1735516800,0.0141,0.0143,0.0137,0.0137,650329.3532834699,189
1735603200,0.014,0.014,0.0131,0.0132,219897.40956407,82
1735689600,0.0132,0.0133,0.0126,0.013,506545.9758590999,144
1735776000,0.013,0.0133,0.0126,0.013,562721.22313215,154
1735862400,0.013,0.0137,0.013,0.0134,1027037.3640731998,263
1735948800,0.0133,0.0139,0.013,0.0136,985405.5666349498,281
1736035200,0.0138,0.0138,0.0134,0.0136,361872.5150596601,126
1736121600,0.0135,0.0143,0.0133,0.0139,708190.2317185298,261
1736208000,0.0141,0.0141,0.0132,0.0135,1386115.0085509396,412
1736294400,0.0135,0.0135,0.0131,0.0133,216249.567816,77
1736380800,0.0133,0.0134,0.0129,0.0132,298278.5494204999,94
1736467200,0.0132,0.0135,0.013,0.0132,411951.14865634,121
1736553600,0.0131,0.0135,0.0131,0.0133,368695.82917008,116
1736640000,0.0133,0.0136,0.0132,0.0134,546766.8769933501,156
1736726400,0.0132,0.0136,0.0131,0.0132,802458.4813818899,224
1736812800,0.0135,0.0136,0.0131,0.0134,285743.73122074,106
1736899200,0.0134,0.0139,0.0132,0.0136,498716.4881385502,117
1736985600,0.0136,0.0148,0.0132,0.0138,1262630.9860552603,200
1737072000,0.0138,0.0143,0.0136,0.0141,1236552.5098305796,276
1737158400,0.0141,0.0144,0.0139,0.014,357414.6312963601,85
1737244800,0.0141,0.0143,0.0123,0.0131,2729931.609228491,746
1737331200,0.0126,0.0129,0.0102,0.0107,3844344.6207112707,761
1737417600,0.0105,0.0109,0.0101,0.0107,1922792.4544713015,397
1737504000,0.0107,0.0109,0.0105,0.0107,662518.71250364,136
1737590400,0.0107,0.0109,0.0104,0.0106,414945.25068643,116
1737676800,0.0105,0.0112,0.0102,0.0106,1188799.04053443,205
1737763200,0.0106,0.011,0.0104,0.0105,550103.11089562,106
1737849600,0.0105,0.0109,0.0102,0.0106,451688.29115654,59
1737936000,0.0104,0.0107,0.01,0.0104,1324341.3608490694,213
1738022400,0.0104,0.0109,0.0101,0.0108,474621.02701811,72
1738108800,0.0106,0.0111,0.0105,0.011,533693.87116947,76
1738195200,0.0107,0.0109,0.0102,0.0103,997615.8630365701,120
1738281600,0.0106,0.0109,0.0103,0.0107,345305.6770572901,60
1738368000,0.0106,0.0107,0.0102,0.0104,437651.04693234,71
1738454400,0.0102,0.0108,0.0083,0.0096,1922645.6963043804,291
1738540800,0.0102,0.0102,0.0094,0.0101,241397.0221399801,47
1738627200,0.0101,0.0106,0.0098,0.0103,403492.9434274,69
1738713600,0.0103,0.0104,0.0098,0.0099,153544.80915517,34
1738800000,0.0098,0.01,0.0097,0.0099,95138.51894426,24
1738886400,0.0097,0.01,0.0096,0.0099,180137.17655316,46
1738972800,0.0096,0.01,0.0095,0.0097,352071.5700174601,72
1739059200,0.0096,0.01,0.0096,0.0096,95654.47209546,18
1739145600,0.0099,0.0099,0.0096,0.0099,30269.68636539,12
1739232000,0.0097,0.0099,0.0097,0.0099,38831.65134297,8
1739318400,0.0099,0.0102,0.0097,0.0101,169371.36249577,43
1739404800,0.0101,0.0101,0.0095,0.0098,440231.57749722,76
1739491200,0.0097,0.0102,0.0097,0.0102,128541.03866762,48
1739577600,0.0101,0.0101,0.009,0.0095,463554.2855103399,88
1739664000,0.0095,0.0095,0.0085,0.0086,669251.5738846,188
1739750400,0.0085,0.0087,0.0082,0.0083,447578.5786157601,114
1739836800,0.0085,0.0086,0.008,0.0082,169442.76424927,53
1739923200,0.0081,0.0083,0.0076,0.0079,348571.36769776,88
1740009600,0.0077,0.008,0.0074,0.0078,979686.3482121001,139
1740096000,0.0079,0.0081,0.0077,0.0078,210202.37395356,40
1740182400,0.008,0.0081,0.0078,0.0079,148160.30144112,56
1740268800,0.0079,0.0083,0.0078,0.0081,227336.88987523,42
1740355200,0.0079,0.0082,0.0078,0.0082,395957.77186235,113
1740441600,0.0081,0.0082,0.0074,0.0079,2586585.8214327088,321
1740528000,0.0078,0.008,0.0076,0.0077,174377.88601329,45
1740614400,0.0077,0.0079,0.0074,0.0077,457826.8983996402,76
1740700800,0.0078,0.008,0.0074,0.0079,719055.8000556397,99
1740787200,0.0079,0.0082,0.0077,0.008,127479.1759552,39
1740873600,0.0079,0.0085,0.0079,0.0082,968678.36626425,168
1740960000,0.0081,0.0083,0.0079,0.0081,429002.7945258801,111
1741046400,0.0081,0.0083,0.0079,0.008,187821.45117437,37
1741132800,0.008,0.0083,0.0078,0.008,326365.95147095,43
1741219200,0.0081,0.0082,0.0076,0.0078,365500.7890906201,80
1741305600,0.0078,0.0079,0.0076,0.0077,81276.20840559,19
1741392000,0.0078,0.0081,0.0077,0.008,88734.67702851,25
1741478400,0.008,0.0081,0.0076,0.0076,377130.24173884,43
1741564800,0.0079,0.0082,0.0075,0.0079,336583.3929227201,42
1741651200,0.0076,0.0079,0.0074,0.0076,402494.0944575101,46
1741737600,0.0074,0.0076,0.0071,0.0075,240320.0458685,83
1741824000,0.0073,0.0076,0.0071,0.0073,286696.6303105,57
1741910400,0.0075,0.0076,0.0073,0.0074,59001.47462918,21
1741996800,0.0074,0.0078,0.0074,0.0078,17100.94225138,10
1742083200,0.0078,0.0078,0.0075,0.0075,91967.06142901,26
1742169600,0.0075,0.0075,0.0075,0.0075,14571.28153607,8
1742256000,0.0077,0.0078,0.0075,0.0077,10559.28911519,6
1742342400,0.0077,0.0078,0.0077,0.0078,13991.68638162,4
1742428800,0.0077,0.0078,0.0074,0.0078,139117.5378896,16
1742515200,0.0078,0.0078,0.0067,0.0072,1248845.9576392404,374
1742601600,0.0072,0.0073,0.0069,0.007,247691.53116723,98
1742688000,0.007,0.0073,0.0068,0.0069,203081.2456902,96
1742774400,0.0069,0.0075,0.0068,0.007,885083.8440502296,155
1742860800,0.0072,0.0074,0.0071,0.0074,118870.45536139,35
1742947200,0.0074,0.0102,0.0073,0.0075,1806192.1868438388,234
1743033600,0.0077,0.0077,0.0074,0.0075,123299.55881642,24
1743120000,0.0076,0.0077,0.0072,0.0076,408175.8737722401,62
1743206400,0.0076,0.0078,0.0073,0.0074,205553.49222036,37
1743292800,0.0074,0.0083,0.0074,0.0076,422903.6793156701,76
1743379200,0.0077,0.0077,0.0074,0.0077,231945.92500089,36
